"sample_id","run_id","input","filtered","denoised_forward","denoised_reverse","merged","nonchim","filter_retention","merge_retention","final_retention","qc_flag"
"hja2016_123","HJA2016_Plate2",1512,294,280,276,276,276,0.194444444444444,0.938775510204082,0.182539682539683,"LOW_FINAL_RETENTION"
"hja2016_001","HJA2016_Plate1",18785,16238,16113,15874,15228,15203,0.864413095554964,0.93780022170218,0.809315943571999,"OK"
"hja2016_002","HJA2016_Plate1",11479,8892,8791,8614,7691,7691,0.774631936579841,0.86493477282951,0.670006098092168,"OK"
"hja2016_003","HJA2016_Plate1",9141,7691,7436,7290,6589,6567,0.841374029099661,0.856715641659082,0.71841155234657,"OK"
"hja2016_005","HJA2016_Plate1",14942,13368,13288,13048,12576,12557,0.894659349484674,0.940754039497307,0.84038281354571,"OK"
"hja2016_008","HJA2016_Plate1",28746,24802,24534,24062,22897,22897,0.862798302372504,0.923191678090477,0.796528212620886,"OK"
"hja2016_009","HJA2016_Plate1",37248,30948,30706,30068,28399,28180,0.830863402061856,0.917636034638749,0.756550687285223,"OK"
"hja2016_010","HJA2016_Plate1",17815,15295,15217,14958,14451,14451,0.858546168958743,0.944818568159529,0.811170362054448,"OK"
"hja2016_011","HJA2016_Plate1",178769,155967,155392,154058,149298,148270,0.872449921406955,0.957240954817365,0.829394358082218,"OK"
"hja2016_013","HJA2016_Plate1",32783,27829,27339,26698,25016,24949,0.848885092883507,0.898918394480578,0.761034682609889,"OK"
"hja2016_014","HJA2016_Plate1",29738,26146,25824,25216,23466,23257,0.879211782904028,0.897498661363115,0.782063353285359,"OK"
"hja2016_015","HJA2016_Plate1",15265,13228,13099,12866,12438,12268,0.866557484441533,0.940278197762322,0.803668522764494,"OK"
"hja2016_016","HJA2016_Plate1",17650,14155,14059,13883,13284,13284,0.801983002832861,0.93846697280113,0.752634560906516,"OK"
"hja2016_018","HJA2016_Plate1",53725,46581,45800,44590,41289,41082,0.867026523964635,0.886391447156566,0.764671940437413,"OK"
"hja2016_019","HJA2016_Plate1",26118,22269,21903,21340,19866,19861,0.852630369859867,0.892092146032601,0.760433417566429,"OK"
"hja2016_020","HJA2016_Plate1",122347,107197,106560,105254,100643,100353,0.876171871807237,0.938860229297462,0.820232617064579,"OK"
"hja2016_021","HJA2016_Plate1",41876,37187,37085,36331,35465,35465,0.888026554589741,0.953693495038589,0.846905148533766,"OK"
"hja2016_027","HJA2016_Plate1",38090,32626,32195,31540,29586,29534,0.856550275662904,0.90682277937841,0.775374113940667,"OK"
"hja2016_029","HJA2016_Plate1",12197,10367,10202,9907,9217,9217,0.849963105681725,0.889071090961705,0.755677625645651,"OK"
"hja2016_030","HJA2016_Plate1",9723,7783,7705,7518,7171,7171,0.800473105008742,0.921367082102017,0.737529569063046,"OK"
"hja2016_031","HJA2016_Plate2",13592,12497,12472,12383,12209,12209,0.919437904649794,0.976954469072577,0.898248969982343,"OK"
"hja2016_032","HJA2016_Plate2",16742,14632,14535,14496,14275,14201,0.873969657149683,0.975601421541826,0.848226018396846,"OK"
"hja2016_035","HJA2016_Plate2",34407,32135,31975,31844,30927,30527,0.933966925334961,0.962408588766143,0.887232249251606,"OK"
"hja2016_037","HJA2016_Plate2",16782,14633,14541,14326,13985,13968,0.871946132761292,0.955716531128272,0.832320343224884,"OK"
"hja2016_040","HJA2016_Plate2",11244,9963,9921,9905,9824,9607,0.88607257203842,0.986048379002309,0.854411241551049,"OK"
"hja2016_042","HJA2016_Plate2",14961,13436,13301,13245,12825,12819,0.898068310941782,0.954525156296517,0.856827752155605,"OK"
"hja2016_043","HJA2016_Plate2",22757,20770,20699,20639,20389,20270,0.912686206441974,0.981656234954261,0.890714944852133,"OK"
"hja2016_044","HJA2016_Plate2",12054,10626,10576,10511,10329,10328,0.881533101045296,0.972049689440994,0.856811017089763,"OK"
"hja2016_049","HJA2016_Plate2",18077,14259,14130,14111,13817,13815,0.788792388117497,0.969002033803212,0.764230790507274,"OK"
"hja2016_050","HJA2016_Plate2",56388,49578,49364,48984,48088,48004,0.879229623324111,0.969946347170116,0.851315882811946,"OK"
"hja2016_052","HJA2016_Plate2",70565,64184,63837,63596,61576,61105,0.909572734358393,0.959366820391375,0.865939204988309,"OK"
"hja2016_056","HJA2016_Plate2",57844,52615,52194,51896,49226,49037,0.909601687296867,0.93558871044379,0.847745660742687,"OK"
"hja2016_057","HJA2016_Plate2",21570,14630,14430,14300,13817,13771,0.678256838201205,0.944429254955571,0.63843300880853,"OK"
"hja2016_059","HJA2016_Plate2",25733,20846,20486,20505,19659,19642,0.810088213577896,0.943058620358822,0.763300042746668,"OK"
"hja2016_062","HJA2016_Plate2",108081,95085,94509,94254,91168,90648,0.879756849029894,0.958805279486775,0.838704305104505,"OK"
"hja2016_064","HJA2016_Plate2",27571,23301,23112,22882,22271,22148,0.845127126328388,0.955795888588473,0.80330782343767,"OK"
"hja2016_065","HJA2016_Plate1",20600,18145,17621,16822,14558,14481,0.880825242718447,0.802314687241664,0.702961165048544,"OK"
"hja2016_066","HJA2016_Plate1",143251,124797,124297,121999,116728,116149,0.871177164557316,0.935342997027172,0.810807603437323,"OK"
"hja2016_070","HJA2016_Plate1",42319,34112,33825,32995,31569,31464,0.806068196318439,0.925451454033771,0.743495829296533,"OK"
"hja2016_071","HJA2016_Plate1",43219,36598,35073,33439,28421,28407,0.846803489206136,0.776572490300016,0.657280362803397,"OK"
"hja2016_075","HJA2016_Plate1",29475,24280,24052,23483,22180,22114,0.823748939779474,0.913509060955519,0.750262934690416,"OK"
"hja2016_078","HJA2016_Plate1",26259,22281,22004,21633,20346,20271,0.848509082600251,0.913154705803151,0.771963898092083,"OK"
"hja2016_079","HJA2016_Plate1",33493,28367,28028,27400,25308,25161,0.8469530946765,0.892163429336906,0.751231600632968,"OK"
"hja2016_080","HJA2016_Plate1",10227,8818,8717,8432,8075,8009,0.862227437176103,0.915740530732592,0.783123105505036,"OK"
"hja2016_081","HJA2016_Plate1",13365,10850,10666,10335,9375,9337,0.811821922933034,0.86405529953917,0.698615787504676,"OK"
"hja2016_084","HJA2016_Plate1",56050,47670,47436,46837,45103,44478,0.850490633363069,0.946150618837843,0.793541480820696,"OK"
"hja2016_099","HJA2016_Plate2",90371,84374,80581,80706,71493,70870,0.933640216441115,0.847334486927252,0.784211749344369,"OK"
"hja2016_100","HJA2016_Plate2",102792,95953,90905,91199,81718,80837,0.933467585026072,0.851646118412139,0.786413339559499,"OK"
"hja2016_101","HJA2016_Plate2",89702,83295,79575,79757,70566,69823,0.928574613720987,0.847181703583649,0.778388441729281,"OK"
"hja2016_102","HJA2016_Plate2",62601,58305,53651,53941,45233,44648,0.931374898164566,0.775799674127433,0.71321544384275,"OK"
"hja2016_103","HJA2016_Plate2",94718,87385,81320,81696,70047,69136,0.922580713275196,0.801590662012931,0.729914060685403,"OK"
"hja2016_105","HJA2016_Plate2",92604,86276,81289,81682,70330,69430,0.93166601874649,0.81517455607585,0.74975163059911,"OK"
"hja2016_106","HJA2016_Plate2",705421,656146,638560,638815,594809,579943,0.930148095959718,0.906519280769829,0.822123242716052,"OK"
"hja2016_107","HJA2016_Plate2",737197,685631,663860,664250,606015,594437,0.930051261738721,0.883879229498083,0.80634755703021,"OK"
"hja2016_109","HJA2016_Plate2",70037,64099,62959,62716,58372,57915,0.915216242843069,0.910653832353079,0.826920056541542,"OK"
"hja2016_110","HJA2016_Plate2",132403,122857,121650,121422,115165,113718,0.927901935756743,0.93739062487282,0.858877819988973,"OK"
"hja2016_111","HJA2016_Plate2",93919,87062,81797,82182,72086,71018,0.926990278857313,0.827984654613953,0.756162224895921,"OK"
"hja2016_114","HJA2016_Plate2",148958,137899,130661,131017,114854,113466,0.925757596100914,0.832884937526741,0.761731494783765,"OK"
"hja2016_116","HJA2016_Plate2",124929,116526,110123,110584,96267,95287,0.932737795067598,0.826141805262345,0.762729230202755,"OK"
"hja2016_119","HJA2016_Plate2",716707,668437,644593,645487,584659,569978,0.932650302006259,0.874665824901973,0.795273382288718,"OK"
"hja2016_121","HJA2016_Plate2",619295,577682,565882,565023,530395,520108,0.932805851815371,0.918143546103219,0.839838849013798,"OK"
"hja2016_122","HJA2016_Plate2",98656,92501,90172,90289,82247,81642,0.937611498540383,0.889147144355196,0.827542166720727,"OK"
"hja2016_125","HJA2016_Plate2",92318,86485,83708,83766,74875,74159,0.936816222188522,0.865757067699601,0.803299464893087,"OK"
"hja2016_126","HJA2016_Plate2",5912,4904,4778,4788,4603,4588,0.829499323410014,0.938621533442088,0.776048714479026,"OK"
"hja2016_127","HJA2016_Plate1",92150,82729,81075,80505,70325,70047,0.89776451437873,0.850064668979439,0.760141074335323,"OK"
"hja2016_128","HJA2016_Plate1",1071,816,757,706,625,625,0.761904761904762,0.76593137254902,0.583566760037348,"OK"
"hja2016_129","HJA2016_Plate1",177991,156940,152779,151428,128885,127706,0.881729975111101,0.82123741557283,0.717485715569888,"OK"
"hja2016_131","HJA2016_Plate1",1188399,1058851,1035411,1032585,904633,883738,0.890989474073943,0.854353445385611,0.743637448365406,"OK"
"hja2016_132","HJA2016_Plate1",1301499,1141335,1111467,1105884,955446,919986,0.876938822081308,0.837130202788839,0.706866467050685,"OK"
"hja2016_133","HJA2016_Plate1",106787,94168,89946,89938,73693,72059,0.881830185322183,0.782569450344066,0.674791875415547,"OK"
"hja2016_135","HJA2016_Plate1",169420,148877,145317,143810,124930,123455,0.878745130445048,0.839149096233804,0.728692008027388,"OK"
"hja2016_136","HJA2016_Plate1",180581,159640,157105,156030,140172,138898,0.884035419008644,0.878050613881233,0.769172836566416,"OK"
"hja2016_139","HJA2016_Plate1",206203,181091,173976,173336,142715,140227,0.87821709674447,0.788084443732709,0.680043452326106,"OK"
"hja2016_140","HJA2016_Plate1",271903,235402,233099,229905,207063,205891,0.865757273733648,0.879614446776153,0.757222244697558,"OK"
"hja2016_141","HJA2016_Plate1",209066,183572,181482,176635,157498,156782,0.878057646867496,0.857963088052644,0.749916294375939,"OK"
"hja2016_142","HJA2016_Plate1",844217,734373,731445,725997,685178,676967,0.869886533912489,0.933010881391337,0.801887429416844,"OK"
"hja2016_144","HJA2016_Plate1",612941,535784,533003,527936,486924,480196,0.874120021339737,0.908806533976379,0.783429400219597,"OK"
"hja2016_145","HJA2016_Plate1",174131,155110,149370,149408,126454,124377,0.890766147325864,0.815253690929018,0.71427258787924,"OK"
"hja2016_146","HJA2016_Plate1",177433,152856,151081,147148,133482,132956,0.861485743914604,0.873253257968284,0.749330733290876,"OK"
"hja2016_147","HJA2016_Plate1",176136,153445,146908,145907,119301,116303,0.871173411454785,0.777483788979765,0.660302266430486,"OK"
"hja2016_148","HJA2016_Plate1",156237,140943,135743,135422,111953,110482,0.902110255573264,0.794314013466437,0.707143634350378,"OK"
"hja2016_149","HJA2016_Plate1",818,743,595,527,369,369,0.908312958435208,0.496635262449529,0.451100244498778,"OK"
"hja2016_150","HJA2016_Plate1",185821,164579,160595,159696,138948,137116,0.885685686763068,0.844263241361291,0.737892918453781,"OK"
"hja2016_151","HJA2016_Plate1",1385561,1200156,1167253,1162746,998616,964977,0.866187775204412,0.832071830662014,0.696452195175817,"OK"
"hja2016_152","HJA2016_Plate1",1188276,1057399,1023181,1021952,854443,799955,0.889859763219993,0.8080611008711,0.673206393127523,"OK"
"hja2016_155","HJA2016_Plate1",167712,149922,144365,143937,118488,116837,0.893925300515169,0.790330972105495,0.696652594924633,"OK"
"hja2016_157","HJA2016_Plate1",126267,113320,111005,110361,97206,96913,0.897463311870877,0.85780091775503,0.767524372955721,"OK"
"hja2016_158","HJA2016_Plate1",1941,1636,1509,1424,1081,1077,0.842864502833591,0.660757946210269,0.554868624420402,"OK"
"hja2016_159","HJA2016_Plate1",113953,99028,97255,95913,83815,83304,0.869024948882434,0.846376782324191,0.731038235061824,"OK"
"hja2016_160","HJA2016_Plate1",330438,294592,286084,282312,239684,236788,0.891519740465685,0.813613404301542,0.716588285850901,"OK"
"hja2016_161","HJA2016_Plate2",389,227,216,214,204,204,0.583547557840617,0.898678414096916,0.524421593830334,"OK"
"hja2016_164","HJA2016_Plate2",755914,710349,687241,690948,606700,558490,0.939721978955278,0.854087216283827,0.738827432750286,"OK"
"hja2016_165","HJA2016_Plate2",168,41,39,36,36,36,0.244047619047619,0.878048780487805,0.214285714285714,"OK"
"hja2016_166","HJA2016_Plate2",165055,154324,152058,151722,142850,142090,0.93498530792766,0.925649931313341,0.860864560298082,"OK"
"hja2016_167","HJA2016_Plate2",49253,45661,43773,43824,38261,38097,0.927070432257934,0.837936094259872,0.773496030698638,"OK"
"hja2016_168","HJA2016_Plate2",318,238,222,227,196,196,0.748427672955975,0.823529411764706,0.616352201257862,"OK"
"hja2016_169","HJA2016_Plate2",89378,82912,77738,78274,66772,65373,0.927655575197476,0.805335777692011,0.73142160263152,"OK"
"hja2016_170","HJA2016_Plate2",106363,99291,94790,95246,84149,83233,0.93351071331196,0.847498766252732,0.782537160478738,"OK"
"hja2016_171","HJA2016_Plate2",306,154,131,128,116,116,0.503267973856209,0.753246753246753,0.379084967320261,"OK"
"hja2016_174","HJA2016_Plate2",7924,7320,7099,7078,6601,6532,0.923775870772337,0.901775956284153,0.824331145885916,"OK"
"hja2016_176","HJA2016_Plate2",193,100,78,78,65,64,0.518134715025907,0.65,0.33160621761658,"OK"
"hja2016_177","HJA2016_Plate2",115104,107187,103289,103376,92077,91368,0.931218723936614,0.859031412391428,0.793786488740617,"OK"
"hja2016_179","HJA2016_Plate2",55983,52702,51149,51125,46666,46471,0.94139292285158,0.885469242153998,0.830091277709305,"OK"
"hja2016_180","HJA2016_Plate2",153801,143341,138845,138922,126774,125211,0.931990039076469,0.884422461124172,0.814110441414555,"OK"
"hja2016_181","HJA2016_Plate2",114241,106507,102358,102516,91138,90331,0.932301012771247,0.855699625376736,0.79070561357131,"OK"
"hja2016_183","HJA2016_Plate1",1140428,990477,966341,964012,834793,804564,0.868513400232193,0.842819166926642,0.705493025425542,"OK"
"hja2016_184","HJA2016_Plate1",105090,92184,87367,87055,69977,68951,0.877190979160719,0.759101362492406,0.656113807212865,"OK"
"hja2016_185","HJA2016_Plate1",75813,64569,62240,59911,46710,46147,0.851687705274821,0.723412163731822,0.608695078680437,"OK"
"hja2016_188","HJA2016_Plate1",78454,68816,66450,65916,55293,53759,0.877150941953246,0.803490467333178,0.685229561271573,"OK"
"hja2016_189","HJA2016_Plate1",202234,181913,177435,176654,153848,151838,0.899517390745374,0.845722955478718,0.750803524629884,"OK"
"hja2016_190","HJA2016_Plate1",55661,46603,44692,44174,35249,34900,0.837264871274321,0.756367615818724,0.627009935143098,"OK"
"hja2016_191","HJA2016_Plate1",72822,62292,59362,58574,46107,45834,0.855400840405372,0.740175303409748,0.629397709483398,"OK"
"hja2016_193","HJA2016_Plate2",110905,103023,99116,99575,89982,87552,0.928930165456923,0.873416615707172,0.789432397096614,"OK"
"hja2016_194","HJA2016_Plate2",81619,76148,72255,72644,62036,61413,0.932969039071785,0.814676682250355,0.7524350947696,"OK"
"hja2016_195","HJA2016_Plate2",455563,424325,415951,414458,373785,363982,0.931429901023569,0.880893183291109,0.798971821679987,"OK"
"hja2016_196","HJA2016_Plate2",1383715,1278650,1250091,1250765,1133588,1104671,0.924070346856108,0.886550658898057,0.798337085310198,"OK"
"hja2016_197","HJA2016_Plate2",61470,56602,53553,53566,45765,45147,0.920806897673662,0.808540334263807,0.734455832113226,"OK"
"hja2016_198","HJA2016_Plate2",248484,231839,222239,222949,195527,190457,0.933013795656863,0.843374065623126,0.766475909917741,"OK"
"hja2016_199","HJA2016_Plate2",166448,154737,150075,150210,135718,133349,0.929641689897145,0.877088220658278,0.801145102374315,"OK"
"hja2016_200","HJA2016_Plate2",324806,298553,289172,289301,254900,249607,0.919173291133784,0.853784755135604,0.768480262064124,"OK"
