site_code,compartment,site_drainage_area_ha,site_stream_order,site_distance_to_outlet_m,npoc_mg_l,suva254,fluorescence_index,peak_a_ru,peak_c_ru,peak_t_ru,source_spectral_slope_ratio,log_area,source_slope_ratio_275_295_to_300_350,t_c_ratio,t_a_ratio,log_t_c,log_t_a,peak_a_per_npoc,peak_c_per_npoc,peak_t_per_npoc,complete_primary_optics,optical_pc1,optical_pc2,suva254_z,fluorescence_index_z,log_t_c_z
50,surface,4956.4,5,429.638789,1.278,2.428000841,1.465537284,0.100191609,0.047228983,0.065425869,1.482987775,3.695166348305869,1.669520821,1.3852906593394143,0.6530074689188792,0.14154090589391813,-0.18508185135631258,0.07839719014084506,0.036955385758998434,0.05119395070422535,TRUE,0.5095298966144346,0.6666935109779791,1.0710343489113265,0.07289345166188288,0.14013230278258196
WS3-1,surface,96.4,2,396.7839801,2.273,1.842306286,1.41192223,0.190219407,0.086333965,0.074900713,0.997282936,1.9840770339028309,0.940380338,0.8675694785939693,0.39375957575138476,-0.06169573502504014,-0.40476887156318403,0.08368649670039595,0.037982386713594364,0.03295235943686757,TRUE,0.21385585139437008,0.7594991153749486,0.19540262535012307,-0.8393716877381325,-0.7647634418894801
WS1-7,surface,76,2,922.7482014,0.9888,3.526562173,1.46929088,0.207840885,0.099591263,0.049817922,0.740920136,1.8808135922807914,0.894383096,0.5002238198344768,0.23969259946136198,-0.3008356317251334,-0.6203453746551639,0.2101950697815534,0.10071931937702265,0.05038220266990291,TRUE,2.767990532346066,1.746805672427907,2.7134179844854214,0.13676123734370393,-1.8295157125763402
60,surface,43.1,2,144.250975,2.397,1.12806846,1.466955931,0.124319415,0.059520732,0.076242827,0.854836553,1.6344772701607315,1.328296505,1.2809457215680748,0.613281738817706,0.10753072746295447,-0.21233996674700165,0.051864586983729664,0.024831344180225284,0.03180760408844389,TRUE,-0.4082713498481967,-0.659624877315669,-0.8724053186950236,0.0970318625495108,-0.011295439766993673
164,surface,60.8,3,848.3428208,2.554,2.553598491,1.449130751,0.303032102,0.141917213,0.09193478,0.838053832,1.783903579272735,0.972231058,0.6478057034561411,0.3033829729366428,-0.18855523266325186,-0.518008797205079,0.11865000078308538,0.05556664565387627,0.03599638997650744,TRUE,1.480969556972112,1.014507539170078,1.258806773643424,-0.20626523601408225,-1.329595743117231
WS1-6,surface,82.7,2,922.7482014,1.721,2.100190506,1.472483401,0.194252847,0.095085065,0.053824501,1.037725175,1.9175055095525466,1.14772757,0.5660668265831232,0.27708474718005033,-0.24713229548466503,-0.5573873803810937,0.11287207844276584,0.055249892504357925,0.03127513131900058,TRUE,1.4962676178708951,0.26677119838806135,0.5809476199383634,0.19108227962228824,-1.5904056770091284
WS1-4,surface,89.8,2,922.7482014,2.383,1.431157264,1.472483401,0.186866256,0.086210403,0.053824501,1.114550747,1.9532763366673043,1.083668511,0.6243388167434967,0.2880375630793395,-0.20457966302891267,-0.5405508720521802,0.07841638942509442,0.03617725681913554,0.022586865715484683,TRUE,0.8340458989976588,-0.409405981061085,-0.41927805368463944,0.19108227962228824,-1.400943305166647
47,surface,1550.1,4,256.4510978,0.8087,4.118150437,1.42985734,0.102733583,0.051639713,0.063398902,1.21847334,3.1903597162653243,1.622693918,1.2277160022171307,0.6171195450274521,0.08909791653287685,-0.20963069866234074,0.1270354680351181,0.06385521577840979,0.07839607023618152,TRUE,1.7135384406123748,2.8207714526623,3.5978609877926666,-0.534204119981796,-0.09336613379909521
74,surface,70,2,171.9794298,1.848,1.515151515,1.511973589,0.129799721,0.062032027000000003,0.050811257,0.716068081,1.845098040014257,1.184079792,0.8191132783715095,0.39145890768131925,-0.08665603380766033,-0.407313820078311,0.07023794426406926,0.03356711417748918,0.027495268939393937,TRUE,0.8727354157682325,-0.8264136603985893,-0.2937040148883215,0.8630115079459723,-0.8758972810043606
WS1-5,surface,87.9,2,922.7482014,2.015,1.624878091,1.467505523,0.180578916,0.087466116,0.087304699,1.087483253,1.943988875073772,1.621162769,0.9981545196313507,0.48347116559277603,-8.022224113151331e-4,-0.31562942229942,0.08961732803970224,0.0434075017369727,0.043327394044665006,TRUE,0.32283469306313045,-0.16091677793286333,-0.12965934340704144,0.10638322163782157,-0.49363969081219955
155,surface,81.2,2,511.7981462,2.021,1.494260513,1.49885795,0.129590894,0.06022642,0.060111459,1.026602529,1.9095560292411753,1.195648701,0.9980911865589885,0.463855577692056,-8.297793435833455e-4,-0.3336172168043167,0.06412216427511135,0.029800306778822366,0.029743423552696685,TRUE,0.4831155144978297,-0.6865570084206143,-0.3249367178936969,0.6398476883095118,-0.4937623859651649
WS1-2,surface,93.6,2,922.7482014,1.209,2.01556321,1.460555061,0.130358933,0.063115601,0.080991118,1.152666605,1.9712758487381052,1.186731871,1.2832186767895946,0.6212931951506537,0.10830067198718328,-0.20670340306595392,0.10782376592224979,0.0522047981803143,0.06699017204301075,TRUE,0.24125061588040317,0.31517670360412087,0.45442715901858516,-0.01187953690243006,-0.00786732011072547
156,surface,2575.9,5,427.4193177,2.072,1.198640005,1.469670759,0.097557779,0.047846345,0.087360763,1.211105914,3.410928999102691,1.351530164,1.8258607423409248,0.8954771612830587,0.2614676509971911,-0.047945486146860915,0.04708387017374517,0.023091865347490345,0.0421625304054054,TRUE,-0.8001660337432245,-0.6296439079517843,-0.7668986462235218,0.14322491392398237,0.6740970486356499
WS3-6,surface,78.4,2,425.0078962,2.713,1.695539993,1.445432564,0.212956361,0.097294709,0.080150836,0.854394258,1.8943160626844384,0.900335454,0.8237943956438578,0.376372115036282,-0.08418116691859898,-0.42438256041608274,0.07849478842609657,0.03586240656100258,0.029543249539255436,TRUE,0.44816686122721544,0.19149045246693452,-0.02401758438749112,-0.26919023239816203,-0.8648781236987919
192,surface,28.5,2,282.0450111,2.222,1.782267779,1.5130736360000001,0.16203138,0.074508952,0.097546346,1.063998942,1.4548448600085102,1.336409506,1.3091896125448121,0.6020213245113385,0.11700255084283682,-0.22038812509835448,0.07292141314131413,0.03353238163816382,0.04390024572457246,TRUE,0.4714487227985394,-0.5803345323014942,0.10564317494093972,0.8817289101480061,0.030877136162159903
190,surface,14.2,1,805.7817733,2.157,1.261887134,1.455772591,0.1025425,0.049827408,0.07967633,1.177424461,1.1522883443830565,1.260125766,1.5990462518138613,0.7770078747836264,0.20386102573312154,-0.10957457970906671,0.04753940658321743,0.023100328233657857,0.03693849327770051,TRUE,-0.6907128123526154,-0.3886179065996511,-0.6723422053213729,-0.09325370955973034,0.41760791443882467
161,surface,5699.1,5,393.7080053,1.831,1.478679785,1.495606742,0.106966375,0.04909567,0.082205462000000007,1.368796403,3.7558062774453465,1.844151707,1.6743933222624319,0.7685168540113657,0.22385748330103114,-0.11434660373499476,0.05841964773347898,0.02681358274167122,0.04489648388858548,TRUE,-0.24396365544927165,-0.6716500344853432,-0.3482303947710213,0.5845280812577601,0.5066406266500653
54,surface,207.7,3,360.292001,2.084,1.576808854,1.454179975,0.136229147,0.061689,0.085602231,1.203734057,2.317436496535099,1.482650883,1.3876417351553763,0.6283694266983849,0.14227735334579814,-0.2017849537071688,0.06536907245681381,0.029601247600767752,0.04107592658349328,TRUE,-0.26530137996631187,-0.04842343271670198,-0.20152435988236445,-0.12035221919194364,0.14341127926225392
43,surface,7.8,1,334.6174096,1.606,1.344770543,1.490216833,0.115122374,0.056976839,0.076548556,0.657519733,0.8920946026904804,1.449225257,1.3435030328727082,0.6649320487431922,0.12823865116248445,-0.17722273419120652,0.07168267372353673,0.03547748381070984,0.04766410709838107,TRUE,-0.1033617699371662,-0.7345035554609338,-0.5484289101443359,0.49281827741724876,0.08090502148827036
165,surface,27.9,2,252.3794033,3.189,2.140910374,1.446367212,0.310243697,0.138832084,0.080791077,0.874347277,1.4456042032735976,0.987812596,0.5819337625155868,0.26041166277102484,-0.23512644526602816,-0.5843395693984844,0.09728557447475697,0.043534676701160235,0.025334298212605834,TRUE,1.2719569913302955,0.6354640445233524,0.6418250993269583,-0.2532871095922085,-1.5369505385808824
KC-2,surface,114.2,3,706.4290458,2.131,1.267010793,1.421774592,0.110238036,0.051964293,0.057535244,0.970686137,2.0576661039098294,0.899329628,1.1072072894362288,0.5219182605902014,0.044228936353568823,-0.2823975080212868,0.051730659784138905,0.024384933364617552,0.02699917597372126,TRUE,-0.4846877754948718,0.051082567765155476,-0.6646821744694386,-0.6717328303129517,-0.2931418683735566
67,surface,1558.1,4,187.9016014,1.067,2.436738519,1.489880585,0.088674432,0.041298476,0.06389543,1.179083903,3.1925953275692116,2.152996167,1.5471619340142237,0.7205620443105856,0.189535771597418,-0.14232861812325992,0.08310630927835051,0.03870522586691659,0.059883252108716034,TRUE,0.5747011866934398,0.36738585340714436,1.0840974514820223,0.4870969863672955,0.35382580580855555
163,surface,6126.6,5,191.2144031,2.764,0.869566783,1.517870334,0.104959484,0.045217398,0.076007207,1.505402622,3.7872195265758624,1.911693367,1.680928367439453,0.724157590180226,0.2255492064266053,-0.14016691294903372,0.037973764109985535,0.016359405933429813,0.027498989507959478,TRUE,-0.5460229765393211,-1.5653652031819034,-1.2588734308579776,0.9633451735509976,0.5141728956866599
KC-1,surface,114.7,3,706.4290458,1.817,1.501846847,1.364405633,0.110729716,0.055994026,0.070692267,0.953823645,2.0595634179012676,0.908698231,1.2624965920471587,0.6384218216544509,0.10123021446823469,-0.19489227694845024,0.06094095542102367,0.030816745184369842,0.03890603577325262,TRUE,-0.9554958533478646,1.0061044195856956,-0.3135949107021806,-1.6478710130585799,-0.03934799649295527
71,surface,101.7,3,662.1800926,2.628,1.370052326,1.505565838,0.18493110200000001,0.084769775,0.095782248,0.996244233,2.0073209529227447,1.286854511,1.129910371945661,0.5179347711884613,0.053043995241642695,-0.2857249319472126,0.07036952130898022,0.032256383181126336,0.036446821917808216,TRUE,0.2760394734551398,-0.8984871158616817,-0.5106318518756447,0.7539830276378968,-0.2538934865818479
WS3-3,surface,93.4,2,396.7839801,2.609,1.795926462,1.43638654,0.196772882,0.095415062,0.103212403,0.901996928,1.9703468762300933,1.139550249,1.081720231969246,0.5245255441245201,0.03411495261642675,-0.28023335703726476,0.07542080567267152,0.0365715070908394,0.03956013913376773,TRUE,0.08994791751724072,0.4009434384809601,0.12606333427956626,-0.42310917362269146,-0.33817361463761614
WS3-4,surface,81.3,2,425.0078962,2.637,1.778932414,1.449515321,0.209198295,0.10043444,0.104499739,1.014313288,1.9100905455940682,1.13437982,1.0404771411081697,0.49952481209275623,0.01723254336587241,-0.3014429348907703,0.07933192832764506,0.038086628744785744,0.0396282665908229,TRUE,0.23865503129181442,0.2195970310679791,0.1006566996890812,-0.19972174163171924,-0.413341262663892
68,surface,3032.2,5,456.9712596,1.973,1.115053218,1.503547367,0.099507287,0.047395954,0.076945133,1.379620677,3.481757843408488,1.878883155,1.6234536180029207,0.77326128889435,0.21043988536538513,-0.11167373098370956,0.05043450937658388,0.024022277749619864,0.03899905372529143,TRUE,-0.4252165915872183,-1.1372827468528286,-0.8918635135642352,0.7196385555015812,0.4468997884784276
49,surface,3399.1,5,548.1831477,1.426,1.451717569,1.487118039,0.106711878,0.045766425,0.059455098,0.848103437,3.531363941520202,1.509515199,1.2990985859175148,0.5571553899557461,0.11364211003788216,-0.2540236637334403,0.07483301402524545,0.032094267180925666,0.04169361711079944,TRUE,2.3875808175195082e-4,-0.5871162422023803,-0.38853975306292055,0.4400920087766922,0.015915028095050146
56,surface,99.5,3,740.5470238,3.065,1.523378215,1.511609423,0.236844654,0.107991178,0.070643298,0.977301351,1.9978230807457256,1.065002734,0.6541580461322498,0.29826849289999174,-0.18431731242369181,-0.525392620195961,0.07727394910277324,0.03523366329526917,0.023048384339314842,TRUE,1.1749503847824638,-0.809091587006568,-0.2814048404488033,0.8568151895247552,-1.3107267243532046
260,surface,866.1,4,191.0497387,1.318,2.195396311,1.417128309,0.132850474,0.062602224,0.084204512,1.103952028,2.937568038600383,1.209153618,1.3450722134089037,0.6338292176511165,0.12874560109911262,-0.1980277449939584,0.10079702124430956,0.0474978937784522,0.06388809711684369,TRUE,-0.044044733239205804,1.0412227207111047,0.7232832834911547,-0.7507897684760084,0.08316217767006107
CC-1,surface,64,2,1149.935572,2.164,1.006290176,1.114517491,0.061584091,0.026729933,0.188551384,1.324152578,1.806179973983887,1.308684626,7.0539415119371975,3.061689812065262,0.8484318543748166,0.4859611890623596,0.028458452402957485,0.012352094731977818,0.0871309537892791,TRUE,-5.739965085121805,3.6129714666911443,-1.0544676715049206,-5.89974103255051,3.2875106905341873
64,surface,33.5,2,1003.388888,2.167,1.30611364,1.508752042,0.137224387,0.064831343,0.074389636,0.873025207,1.5250448070368452,1.221680888,1.1474332098904692,0.5421021556467218,0.05972741541173024,-0.26591886576199036,0.06332459021688971,0.02991755560682972,0.03432839686202123,TRUE,0.23158376474871947,-1.0032691507547222,-0.6062221921758351,0.8081965855728904,-0.22413606467002226
360,surface,1702.7,4,475.3858305,1.055,1.731626229,1.400380708,0.085751711,0.03788683,0.038016915,1.179486342,3.231138136029719,0.833848172,1.0034335150235583,0.4433371014602846,0.001488602518633235,-0.35326592246734184,0.08128124265402843,0.035911687203791474,0.03603499052132701,TRUE,-0.16465123320939606,0.7901192416025343,0.029932469878450278,-1.0357517599510313,-0.48343996638492187
160,surface,2569.5,5,427.4193177,1.17,1.743844878,1.495287906,0.105745414,0.048774005,0.071086354,0.91324735,3.4098486220211917,1.644711527,1.457463950315337,0.6722405380151995,0.16359782149434776,-0.17247530188518337,0.09038069572649572,0.04168718376068376,0.06075756752136753,TRUE,0.1485568659540694,-0.3976672074440485,0.04819973323632698,0.5791030570101694,0.23833904826495014
177,surface,14.8,1,436.9310981,1.655,1.110159174,1.421972555,0.0742381,0.033736345,0.07114402,1.604756461,1.1702617153949575,1.414458799,2.1088241776043017,0.9583222092160225,0.32404037211532966,-0.018488446915721414,0.0448568580060423,0.020384498489425983,0.04298732326283988,TRUE,-1.4636843162372577,-0.1222404752214778,-0.8991802627918325,-0.6683644714227226,0.9526973483470267
162,surface,6208.4,5,222.6371993,3.107,0.816804295,1.467046212,0.111707927,0.048046658,0.089941307,1.324825142,3.7929796902405353,1.682827668,1.8719576083730944,0.805147042071598,0.27229600964882766,-0.09412479823003393,0.03595362954618603,0.015464003218538781,0.028947958480849693,TRUE,-1.1590539705919933,-0.981960115476149,-1.3377550047302451,0.09856800217645674,0.7223094950790845
58,surface,67.2,3,974.246413,1.85,0.864864865,1.462030182,0.064682358,0.031874995,0.052822848,0.718551584,1.8273692730538253,2.063490614,1.6571876481862975,0.8166500052456344,0.2193716876334225,-0.08796403080863502,0.034963436756756755,0.017229727027027027,0.02855289081081081,TRUE,-1.0011894687793959,-0.8680748090855968,-1.2659029456916668,0.013219784357170097,0.4866679613239046
73,surface,137,2,749.9591592,2.376,1.473063973,1.442798529,0.183383741,0.085782884,0.082545803,0.900131984,2.1367205671564067,1.113143418,0.962264255419531,0.45012607197276017,-0.01670564635009706,-0.34666583134951107,0.07718170917508417,0.03610390740740741,0.034741499579124584,TRUE,0.04265131621626043,-0.002691543179486183,-0.35662620978889475,-0.31400858334973525,-0.5644484809144629
178,surface,19.9,2,601.7333146,2.2,1.84079602,1.471974413,0.18014465,0.083822164,0.076224125,1.005379854,1.2988530764097066,1.031568689,0.9093552511958531,0.4231273312862747,-0.04126642096539083,-0.3735289211507493,0.08188393181818181,0.03810098363636363,0.03464732954545455,TRUE,0.655963273023495,0.002365232633252775,0.19314473032732263,0.1824218013772617,-0.6738034689458349
170,surface,49.4,2,231.8626881,1.839,1.880212856,1.441066494,0.145573143,0.069127071,0.090340048,1.064612366,1.6937269489236468,1.144885327,1.306869316074451,0.6205818335597797,0.11623216130254509,-0.2072009417718647,0.07915885970636215,0.037589489396411095,0.04912455029907559,TRUE,-0.05479615673787863,0.4233261512404911,0.2520741360207208,-0.3434793202573354,0.027447035105589886
57,surface,1488.8,4,83.20617667,1.271,1.89062555,1.502780221,0.106629272,0.049840964,0.052201603,0.935850338,3.1728363601227105,1.398167701,1.0473634298084604,0.48956165620262326,0.020097405817462527,-0.31019260465280035,0.08389399842643588,0.03921397639653816,0.04107128481510622,TRUE,0.7673501134799942,-0.33735562636550626,0.2676414400297796,0.7065854948326502,-0.4005856796657042
169,surface,53.5,2,308.4101049,1.668,1.225288426,1.486458106,0.064998622,0.031456841,0.101926599,1.380337227,1.7283537820212285,2.265879413,3.240204539292423,1.5681347675339947,0.5105724260961948,0.1953833837828975,0.03896799880095924,0.018859017386091127,0.0611070737410072,TRUE,-1.3995752986859045,-0.8251191246842472,-0.7270584212953342,0.42886318729234246,1.7832171853656429
76,surface,303.5,3,530.0336208,3.013,0.694833169,1.546466901,0.112400496,0.055518042,0.069404702,0.838366415,2.482158695411276,1.232881869,1.2501287779565426,0.6174768303513536,0.09695475274823286,-0.20937933384050655,0.03730517623630933,0.018426167275141056,0.023035081978094923,TRUE,-0.05075939836501823,-2.0949667797680696,-1.5201056623765001,1.449918425545055,-0.05838416585417137
53,surface,280.7,3,341.3601101,1.459,1.371142915,1.52810859,0.048128427,0.020470895,0.077418036,1.114796436,2.448242412634439,1.660083704,3.781858878178018,1.608571915304857,0.5777053189109109,0.206440481913084,0.032987270047978065,0.014030771076079505,0.05306239616175462,TRUE,-1.1381295359514618,-1.204617228472278,-0.5090013871263744,1.1375500533419067,2.0821213040367734
84,surface,622.7,4,589.6388792,1.754,1.233569893,1.455897499,0.079432032,0.037106014,0.077152196,1.369563574,2.7942788657214,1.731580043,2.079236966816215,0.9712982792634589,0.31790398789617774,-0.012647380652702784,0.045286221208665906,0.021155082098061575,0.043986428734321556,TRUE,-1.0610307566642307,-0.4239272505573186,-0.7146773684736544,-0.09112838830140875,0.9253755625584219
45,surface,193.2,3,429.7755376,2.041,1.221720891,1.465830948,0.141888528,0.06643189,0.063376226,0.579830748,2.2860071220794747,1.080139422,0.9540030548581412,0.44666208673332625,-0.020450234618850843,-0.3500209094518131,0.06951912199902009,0.03254869671729544,0.031051556099951003,TRUE,0.04821727305064413,-0.5452684464488144,-0.7323919979766387,0.0778901719840659,-0.581120976457702
72,surface,568.3,4,226.5243578,2.2,1.409090909,1.469780225,0.145176779,0.066617859,0.070340026,0.946948904,2.7545776560447304,1.112731359,1.0558734107621202,0.4845129261340066,0.023611853516960563,-0.3146946320832113,0.065989445,0.030280844999999997,0.031972739090909086,TRUE,0.09570556722213562,-0.4080820765599928,-0.45226794627697126,0.14508748811349292,-0.38493786756957526
CC-2,surface,63.6,2,1149.935572,1.877,1.52354901,1.434980923,0.042889167,0.023515026,0.08776696,1.778603702,1.8034571156484138,1.392979931,3.7323777570988015,2.0463666267987906,0.5719855926095678,0.31098344449417886,0.022849849227490678,0.012527984017048483,0.04675916888652105,TRUE,-1.7838154765612142,0.11957687837574613,-0.2811494965687058,-0.44702587784624975,2.0566546560574945
CC-3,surface,63,2,1149.935572,1.714,1.415617362,1.446557694,0.050068194,0.024916364,0.097239104,1.545366937,1.7993405494535817,1.428729953,3.902620141526268,1.9421332433121115,0.5913562816252355,0.28827902209625456,0.029211315052508752,0.014536968494749124,0.05673226604434073,TRUE,-1.8313955491612919,-0.13556381885263136,-0.4425106944119076,-0.2500460406140212,2.1429011812036816
CC-4,surface,58.5,2,1149.935572,1.087,2.460558294,1.469328396,0.078653699,0.035518646,0.083159109,1.836236847,1.7671558660821804,1.350505074,2.341280379888355,1.0572816035009365,0.36945342572008955,0.02419067563112168,0.07235850873965041,0.032675847286108554,0.0765033201471941,TRUE,-0.12981750637009762,0.6414645723682435,1.1197087619509922,0.13739957557926452,1.1548955286244598
KC-3,surface,114,3,706.4290458,2.022,1.639921067,1.371213607,0.103910331,0.051276778,0.071171043,1.178404658,2.0569048513364727,1.285941323,1.3879780628962295,0.684927497728787,0.14238260211422166,-0.16435539785470388,0.051389876854599406,0.025359435212660736,0.03519833976261128,TRUE,-0.9142320755721812,1.057818916989682,-0.10716962263036502,-1.532032701114668,0.14387989142907473
66,surface,1360.7,4,153.3509319,2.041,1.665850073,1.472076191,0.075112831,0.036988516,0.097943433,1.490179407,3.133762384787346,1.953628165,2.6479416746538305,1.3039507590920116,0.4229084148103487,0.11526119150449145,0.036801975012248904,0.018122741793238608,0.0479879632533072,TRUE,-0.9021894276866379,-0.19639397275471368,-0.06840494568367747,0.18415356353043888,1.392899817322359
82,surface,36.6,2,436.2855652,1.588,2.331541286,1.535732028,0.133226064,0.058051208,0.058472748,1.267137594,1.5634810853944108,1.298558286,1.0072615198636348,0.4388987127924157,0.003142243034453111,-0.3576356928573978,0.08389550629722922,0.03655617632241814,0.03682162972292191,TRUE,1.4474004830124183,-0.3063452583645346,0.9268242897985244,1.2672635612267884,-0.47607725728278016
65,surface,73.9,2,1169.543448,1.001,4.087454834,1.508463217,0.104536085,0.049200268,0.061711546,1.273793345,1.8686444383948257,1.931371025,1.2542928831200675,0.5903372600954014,0.09839895808252097,-0.2288998047118134,0.10443165334665336,0.04915111688311689,0.06164989610389611,TRUE,2.322748494251169,1.8015673260085148,3.5519700988793486,0.8032822012865825,-0.051953951029123535
WS3-2,surface,95.7,2,396.7839801,2.679,1.602105189,1.44421335,0.203815796,0.097462343,0.102784439,0.847256535,1.9809119377768436,0.866266166,1.054606690504044,0.5043006529287848,0.023090522200993085,-0.29731046955019685,0.07607905785740948,0.03638012056737589,0.038366718551698396,TRUE,0.035455274568008475,0.10775769827891814,-0.16370554591741038,-0.2899352722085942,-0.38725905575321273
WS3-5,surface,10.2,1,458.875664,3.036,2.280920824,1.44218736,0.3384695,0.159580802,0.073050673,0.85320539,1.0086001717619175,0.876196581,0.4577660475725645,0.21582645703674924,-0.3393564220125004,-0.6658953185002789,0.11148534255599472,0.052562846508563896,0.024061486495388668,TRUE,1.666929325731641,0.8338463379979371,0.8511451119572266,-0.324407680830493,-2.0010266126523892
WS1-8,surface,73.5,2,922.7482014,2.376,1.709884919,1.467505523,0.21359792,0.101168111,0.087304699,0.9265807,1.866287339084195,1.020657796,0.8629665824243767,0.4087338444119681,-0.06400602160772281,-0.38855939988858695,0.08989811447811448,0.0425791712962963,0.03674440193602694,TRUE,0.5837738203934445,-0.07236578619343587,-0.0025714702474372623,0.10638322163782157,-0.7750498178509689
WS1-3,surface,92.1,2,922.7482014,1.307,1.884228437,1.488858063,0.140514232,0.064670065,0.092364023,1.12182333,1.964259630196849,1.400927978,1.4282345780849302,0.6573285971487928,0.1547995432953205,-0.18221747328214966,0.10750897628156082,0.049479774292272384,0.07066872456006121,TRUE,0.23295525435361128,-0.1749863028671069,0.2580775555200358,0.46969867926366454,0.19916538121976687
50,hyporheic,4956.4,5,429.638789,1.094,1.690814665,1.50190078,0.097136788,0.044014847,0.065939643,0.782850097,3.695166348305869,NA,1.498122735721426,0.6788328537278792,0.17554739498094418,-0.1682371471330142,0.08879048263254113,0.04023294972577696,0.060273896709323586,TRUE,0.12552915209432086,-0.5347593582037157,-0.03108209790517602,0.6916217242756119,0.291543618807813
WS3-1,hyporheic,96.4,2,396.7839801,2.272,1.76056338,1.481586034,0.203950921,0.090036742,0.080557603,0.954287526,1.9840770339028309,NA,0.8947192136294758,0.3949852376494049,-0.0483132363085799,-0.4034191355816651,0.089767130721831,0.03962884771126761,0.03545669146126761,TRUE,0.6946688202673271,-0.19895981724142398,0.07319441791735744,0.345964428256366,-0.7051788803318374
WS1-7,hyporheic,76,2,922.7482014,3.48,1.32183908,1.501964373,0.206821649,0.09114275,0.091402038,0.895166459,1.8808135922807914,NA,1.0028448560088434,0.44193651120149424,0.0012337511751300723,-0.35464011711091226,0.059431508333333334,0.02619044540229885,0.026264953448275865,TRUE,0.36584773144163396,-0.8994520738071229,-0.5827121663212184,0.6927037650959007,-0.48457467268206017
60,hyporheic,43.1,2,144.250975,2.509,1.823286913,1.499202853,0.104611984,0.044752916,0.068224501,1.032969897,1.6344772701607315,NA,1.5244705171837296,0.652167164710307,0.18311902965369115,-0.18564107082307776,0.041694692706257475,0.017836953367875646,0.027191909525707457,TRUE,0.18499417294574277,-0.3676972637950706,0.16696806638270476,0.6457162449908925,0.3252557484936813
164,hyporheic,60.8,3,848.3428208,2.88,2.43815644,1.397068966,0.313409067,0.135781127,0.085087725,1.251192154,1.783903579272735,NA,0.6266535481031911,0.2714909489201217,-0.20297249701879472,-0.5662446445265876,0.10882259270833333,0.04714622465277778,0.029544348958333334,TRUE,0.9947646540631638,1.5530894693827992,1.086217287834443,-1.092101358653046,-1.3937875202798202
WS1-6,hyporheic,82.7,2,922.7482014,2.088,1.48467433,1.496820097,0.152105801,0.067348973,0.050980908,0.985892988,1.9175055095525466,NA,0.7569663757159295,0.33516741416062096,-0.1209234113392304,-0.47473821121761994,0.07284760584291188,0.03225525526819924,0.024416143678160918,TRUE,0.8256868543981362,-0.665129732307972,-0.33926836204337324,0.6051734296372783,-1.0284701830616896
WS1-4,hyporheic,89.8,2,922.7482014,2.953,1.389260942,1.53430399,0.151680626,0.068574762,0.147293446,0.903976028,1.9532763366673043,NA,2.147925004829036,0.9710762005953217,0.33201911382569965,-0.012746689556872148,0.05136492583813072,0.023222066373179816,0.04987925702675246,TRUE,-0.32000008119857504,-1.253009154275141,-0.4819143686897112,1.2429653615991514,0.9882220912718533
47,hyporheic,1550.1,4,256.4510978,1.651,1.159857888,1.4662005,0.104695618,0.048157934,0.05474362,0.675315498,3.1903597162653243,NA,1.1367518382329276,0.5228835842967181,0.05566566517208437,-0.2815949924431701,0.06341345729860691,0.02916894851605088,0.033157855844942456,TRUE,-0.23070118363732503,-0.6157288123624548,-0.8248791271109738,0.08417813369712414,-0.24222069985764025
74,hyporheic,70,2,171.9794298,2.629,1.338874286,1.445272264,0.116289438,0.057614301,0.056189306,1.105051055,1.845098040014257,NA,0.975266644300692,0.4831849475444193,-0.010876629105109442,-0.31588660356784765,0.044233335108406234,0.02191491099277292,0.02137288170406999,TRUE,-0.06105958557981366,-0.16927827753903701,-0.5572439992302672,-0.27191775183413847,-0.5384952232894628
WS1-5,hyporheic,87.9,2,922.7482014,1.973,1.990049751,1.503183757,0.188970379,0.081648724,0.063462688,1.027023569,1.943988875073772,NA,0.777264908634702,0.33583405153672263,-0.10943093904908352,-0.47387527113797345,0.09577819513431322,0.041383032944754185,0.03216557932083122,TRUE,1.246036377813058,-0.23632096000686154,0.4162837378659367,0.7134516974721702,-0.9773008209619571
155,hyporheic,81.2,2,511.7981462,2.918,1.933955991,1.492701986,0.148383977,0.069311491,0.15258674,1.172271508,1.9095560292411753,NA,2.201463823653714,1.028323563534087,0.3427115531538654,0.012129787565263362,0.05085126010966415,0.023753081220013707,0.05229154900616861,TRUE,-0.26993352908129803,-0.1817506381538535,0.33242180790514253,0.5351033872667181,1.035829367225994
WS1-2,hyporheic,93.6,2,922.7482014,2.399,1.210081315,1.507469438,0.132665566,0.059289438,0.066291419,1.319775436,1.9712758487381052,NA,1.1180982859038064,0.4996882084685034,0.04847998168055967,-0.30130089882133904,0.05530036098374323,0.024714230095873282,0.02763293830762818,TRUE,0.17881527501631742,-1.0834166548952235,-0.7497935290432909,0.7863729590060863,-0.27421441115221834
156,hyporheic,2575.9,5,427.4193177,2.378,1.304244128,1.450627675,0.096382112,0.043423492,0.087234579,1.277328615,3.410928999102691,NA,2.008925928849757,0.9050909675023515,0.3029639241624564,-0.04330776919380388,0.040530745164003366,0.01826050967199327,0.03668401135407906,TRUE,-1.0035116356737643,-0.2857956551047202,-0.6090171712324159,-0.1807949346779829,0.8588560607764342
WS3-6,hyporheic,78.4,2,425.0078962,NA,NA,NA,NA,NA,NA,NA,1.8943160626844384,NA,NA,NA,NA,NA,NA,NA,NA,FALSE,NA,NA,NA,NA,NA
192,hyporheic,28.5,2,282.0450111,3.542,1.129445938,1.570380459,0.161756756,0.070608516,0.136195313,1.189599969,1.4548448600085102,NA,1.9288794144887569,0.8419760408647167,0.2853050782094306,-0.07470026653869893,0.0456681976284585,0.01993464596273292,0.038451528232636936,TRUE,-0.07986471401119032,-1.9660892635114633,-0.870345945895651,1.8568098430641011,0.7802313871621699
190,hyporheic,14.2,1,805.7817733,2.365,1.434055936,1.485496702,0.127337889,0.054073043,0.104386636,0.96418138,1.1522883443830565,NA,1.930474598960521,0.8197610060898685,0.2856640915835561,-0.08631274379307748,0.053842659196617335,0.02286386596194503,0.04413811247357294,TRUE,-0.5536675271486148,-0.5923866894280941,-0.41494444815983045,0.4125048086533947,0.7818298670084103
161,hyporheic,5699.1,5,393.7080053,3.163,1.057941403,1.363505224,0.120435134,0.050715215,0.10350556,1.035970614,3.7558062774453465,NA,2.0409173065716075,0.859429940103691,0.30982540842641143,-0.06578952079951234,0.0380762358520392,0.016033896617135633,0.032723857097692065,TRUE,-1.954180143293848,0.5605471259651459,-0.9772474676700719,-1.6631915560893118,0.8894062995744818
54,hyporheic,207.7,3,360.292001,1.91,1.937172775,1.497729826,0.127730667,0.056175846,0.074939751,0.865067301,2.317436496535099,NA,1.3340208708205301,0.5867013205215628,0.12516262419168808,-0.2315829342916238,0.0668746947643979,0.029411437696335082,0.039235471727748696,TRUE,0.4404413660216323,-0.23177038573159076,0.3372310008440187,0.6206525533364022,0.06720924446802302
43,hyporheic,7.8,1,334.6174096,1.235,2.639031563,1.456968359,0.103964059,0.049927266,0.079168301,0.875304023,0.8920946026904804,NA,1.585672666314234,0.7614968265138629,0.20021353992637075,-0.11833190221682842,0.08418142429149797,0.04042693603238866,0.0641038874493927,TRUE,0.4257050101316393,0.9843752327904015,1.3865318949474605,-0.07290760562388116,0.4013677602503058
165,hyporheic,27.9,2,252.3794033,2.977,2.25058784,1.458137764,0.316892687,0.140717371,0.10367823599999999,0.874789029,1.4456042032735976,NA,0.7367834920679408,0.3271714376924072,-0.13266011324567534,-0.4852246175741289,0.10644698925092376,0.04726817971111858,0.034826414511252936,TRUE,1.144880578211076,0.5933990066418281,0.8057963498184457,-0.05301007058941051,-1.0807269590229764
KC-2,hyporheic,114.2,3,706.4290458,2.119,1.604530439,1.411291846,0.128352987,0.054760013,0.083700569,0.975677508,2.0576661039098294,NA,1.5284979753383185,0.652112357930556,0.18426486779224938,-0.18567756956681725,0.06057243369513921,0.025842384615384614,0.03950003256252949,TRUE,-0.7329258311093345,0.5165765489929846,-0.16007972112624982,-0.8500977302342507,0.3303575059867002
67,hyporheic,1558.1,4,187.9016014,0.9572,1.776013372,1.464677305,0.075710165,0.038713427,0.054495253,1.262493962,3.1925953275692116,NA,1.407657684244797,0.7197877986397203,0.148497055432194,-0.1427955194896557,0.07909545027162557,0.040444449435854575,0.056931940033430835,TRUE,-0.037491864827091874,0.02012584237032684,0.09629264037559214,0.05826082884821945,0.171104031541858
163,hyporheic,6126.6,5,191.2144031,4.085,2.93867261,1.598719676,0.164021507,0.057728886,0.226183935,1.333604381,3.7872195265758624,NA,3.9180374102490045,1.378989494347226,0.5930685784139865,0.1395609575722181,0.04015214369645043,0.0141319182374541,0.05536938433292534,TRUE,0.656204710656544,-0.5129725889556948,1.8345046551420527,2.3390042608295363,2.150525052916727
KC-1,hyporheic,114.7,3,706.4290458,1.854,1.833872708,1.378555202,0.121416045,0.054919489,0.053977618,0.975677508,2.0595634179012676,NA,0.9828499678866276,0.4445674210521352,-0.007512772190131411,-0.35206236659362294,0.06548869741100323,0.02962216235167206,0.02911414131607335,TRUE,-0.2396332923556006,1.1678541210451667,0.18279416181416303,-1.4071147781355466,-0.5235179052513088
71,hyporheic,101.7,3,662.1800926,2.984,1.306970509,1.479966436,0.17223721,0.083136452,0.095193257,1.094656307,2.0073209529227447,NA,1.145024290909119,0.5526869426182647,0.05881470003476338,-0.2575207956241625,0.057720244638069705,0.02786074128686327,0.03190122553619303,TRUE,-0.007394891612432538,-0.6406132655269069,-0.6049411461546098,0.3184068173801,-0.22819986073051418
WS3-3,hyporheic,93.4,2,396.7839801,3.144,1.584159356,1.442703836,0.235541538,0.105423541,0.091408586,0.92920994,1.9703468762300933,NA,0.8670604794046901,0.38807841188504083,-0.06195060845729281,-0.4110805156211565,0.07491779198473282,0.03353166062340967,0.029073977735368954,TRUE,0.2686050967963028,0.11252169301498068,-0.19053512892511223,-0.3156197935677701,-0.7658982465351019
WS3-4,hyporheic,81.3,2,425.0078962,NA,NA,NA,NA,NA,NA,NA,1.9100905455940682,NA,NA,NA,NA,NA,NA,NA,NA,FALSE,NA,NA,NA,NA,NA
68,hyporheic,3032.2,5,456.9712596,2.947,1.018659671,1.398390987,0.090407752,0.041034605,0.078005522,0.443612958,3.481757843408488,NA,1.9009692429109526,0.8628189538436926,0.27897509017311634,-0.06408032316695059,0.03067789345096708,0.013924195792331185,0.026469467933491683,TRUE,-1.5972184126921858,0.08395535712626763,-1.0359748886474265,-1.0696070481585576,0.752047595046801
49,hyporheic,3399.1,5,548.1831477,1.432,1.147544401,1.373457023,0.092284864,0.042047156,0.041357668,0.770878728,3.531363941520202,NA,0.983602030063579,0.44815223436857426,-0.007180583588769341,-0.34857443395806653,0.0644447374301676,0.029362539106145256,0.0288810530726257,TRUE,-0.8293996968553218,0.5402424686269495,-0.8432881762523959,-1.4938607688440744,-0.5220388606733138
56,hyporheic,99.5,3,740.5470238,2.761,1.7388609290000001,1.481968911,0.230881891,0.106482244,0.098544387,0.88503108,1.9978230807457256,NA,0.9254537028727531,0.4268173072092518,-0.033645302561874604,-0.36975797848590025,0.08362256102861282,0.03856654980079681,0.035691556320173845,TRUE,0.6357662575208399,-0.2263117730039579,0.04074857321485294,0.35247911608598403,-0.6398710166980449
260,hyporheic,866.1,4,191.0497387,2.559,1.424297038,1.440953369,0.144041065,0.065926318,0.126702217,0.814128054,2.937568038600383,NA,1.9218761314715014,0.8796256609182944,0.28372539313898903,-0.05570210965156206,0.056288028526768265,0.025762531457600622,0.04951239429464634,TRUE,-0.9306724038277585,-0.042353871405420254,-0.429534306649804,-0.34540415267277175,0.7731979590770515
CC-1,hyporheic,64,2,1149.935572,1.685,1.05968673,1.607983991,0.060106181,0.025500648,0.068280745,1.119200496,1.806179973983887,NA,2.677608231759444,1.136002052767252,0.42774703450142654,0.05537911615025071,0.035671324035608305,0.015133915727002968,0.040522697329376856,TRUE,-0.25434003907649344,-2.515454780615806,-0.9746381490821814,2.4966374437583583,1.414443404879923
64,hyporheic,33.5,2,1003.388888,1.344,3.10458688,1.476808654,0.157401023,0.072693221,0.131687992,0.727328125,1.5250448070368452,NA,1.8115580818739618,0.8366400007451031,0.25805226287123567,-0.07746137512764133,0.11711385639880952,0.05408721800595238,0.0979821369047619,TRUE,0.7861262594603685,1.2015782990935528,2.0825516908593285,0.2646768624233297,0.6588902917850831
360,hyporheic,1702.7,4,475.3858305,1.606,1.184302646,1.438456384,0.105729829,0.043361513,0.108491085,1.111157192,3.231138136029719,NA,2.502013363786453,1.0261161493035234,0.39828962502295434,0.011196522712043702,0.06583426463262763,0.026999696762141964,0.06755360211706102,TRUE,-1.4930067681764911,-0.25806078017632794,-0.7883334474613201,-0.3878905851046929,1.2832865211329556
160,hyporheic,2569.5,5,427.4193177,1.269,2.206461781,1.480795844,0.10795102,0.047283696,0.061982806,1.358008909,3.4098486220211917,NA,1.3108705799986533,0.5741752694879586,0.11755981665810733,-0.24095551709240573,0.08506778565799843,0.03726059574468085,0.04884381875492514,TRUE,0.5352232845769539,0.2527701388483425,0.7398265080873173,0.3325192717803039,0.033358319981226105
177,hyporheic,14.8,1,436.9310981,1.876,2.401637866,1.522531369,0.097354681,0.033039633,0.088525064,0.951849717,1.1702617153949575,NA,2.679359785866871,0.9093046486383125,0.42803103481959737,-0.04129058866328504,0.051894819296375266,0.017611744669509596,0.04718820042643924,TRUE,0.09225185569307355,-0.08919159869019068,1.0316208747029987,1.042653118368574,1.415707894778183
162,hyporheic,6208.4,5,222.6371993,2.877,1.164839688,1.388939193,0.116746112,0.0487869,0.083239511,1.407182874,3.7929796902405353,NA,1.706185697390078,0.7129960011002336,0.23202629703251115,-0.14691290591948425,0.04057911435523115,0.016957559958289885,0.028932746263468895,TRUE,-1.4169631822034356,0.352195132227676,-0.817431179911879,-1.2304302037407622,0.5430116508473336
58,hyporheic,67.2,3,974.246413,2.035,0.786485264,1.42556848,0.060855579,0.028396044,0.068075274,1.078787791,1.8273692730538253,NA,2.3973506309540866,1.1186365345402434,0.3797315575848237,0.048688999231564875,0.029904461425061424,0.013953829975429974,0.033452223095823096,TRUE,-1.8611580292085583,-0.49616213561254846,-1.3830829066965449,-0.6071794724969181,1.2006581319892977
73,hyporheic,137,2,749.9591592,2.518,1.965944701,1.470282894,0.175617881,0.085412066,0.12878485,0.941793044,2.1367205671564067,NA,1.5078062858238321,0.7333242450408567,0.17834554949015663,-0.13470395619708875,0.06974498848292296,0.03392059809372518,0.05114569102462272,TRUE,0.06946244125017483,0.139726817819799,0.38024593232746967,0.15364044798474336,0.3040021897469526
178,hyporheic,19.9,2,601.7333146,2.655,1.883239171,1.492308314,0.188926726,0.084195197,0.088261693,1.317381551,1.2988530764097066,NA,1.0482984320352622,0.4671742048819499,0.02048493621251757,-0.3305211448911676,0.07115884218455744,0.03171193860640301,0.033243575517890776,TRUE,0.6720890332155236,-0.21321593878684086,0.2565985718326419,0.5284050215062762,-0.39886022994447884
170,hyporheic,49.4,2,231.8626881,2.815,1.369882382,1.441018709,0.164979695,0.072072357,0.10259313,1.541587374,1.6937269489236468,NA,1.4234740512232726,0.621853071070352,0.15334955471918021,-0.20631221653300583,0.058607351687388995,0.02560296873889876,0.036445161634103024,TRUE,-0.5745842202020047,-0.09206562754878485,-0.51088592348406,-0.3442923864847097,0.19270941694856222
57,hyporheic,1488.8,4,83.20617667,1.228,2.713225404,1.481287665,0.097807666,0.04719065,0.060827723,1.121642728,3.1728363601227105,NA,1.288978282774236,0.6219116096687145,0.11024560024652529,-0.20627133582516832,0.0796479364820847,0.038428868078175894,0.049533976384364825,TRUE,0.964748658226075,0.7576276011903617,1.4974540135122403,0.3408876519207931,7.9232559889248e-4
169,hyporheic,53.5,2,308.4101049,2.859,0.877389896,1.375439424,0.077800239,0.030040646,0.07609779,0.792266822,1.7283537820212285,NA,2.5331609047288794,0.9781176893299776,0.40366277676901235,-0.009608886775261965,0.027212395592864636,0.010507396292409934,0.026616925498426022,TRUE,-2.2842904212649953,0.22433313517092499,-1.2471776316375052,-1.4601300311185887,1.3072100721644055
76,hyporheic,303.5,3,530.0336208,2.301,1.470915739,1.527008299,0.112968683,0.051573379,0.096893723,0.941304107,2.482158695411276,NA,1.878754599344751,0.8577042807518611,0.27387005678463894,-0.06666242237860111,0.049095472837896566,0.022413463276836156,0.0421093972186006,TRUE,-0.1386381297824639,-1.0763813796872863,-0.3598378869745102,1.118828499457142,0.7293178206874419
53,hyporheic,280.7,3,341.3601101,1.999,1.197115971,1.388940236,0.043724191,0.019132628,0.078929251,1.156521,2.448242412634439,NA,4.125374255956893,1.8051620669208037,0.6154633540796273,0.2565161988232543,0.021873032016008005,0.009571099549774887,0.03948436768384192,TRUE,-2.564196744630227,0.3672185223238125,-0.7691771248380034,-1.230412456998578,2.2502360947401576
84,hyporheic,622.7,4,589.6388792,0.599,4.173622705,1.45785266,0.077550315,0.034577297,0.058436524,1.117428937,2.7942788657214,NA,1.6900257992983083,0.7535304531000293,0.22789333444051973,-0.12289919146342144,0.1294663021702838,0.0577250367278798,0.09755680133555926,TRUE,1.5688823983152342,2.5185247082397257,3.6807937677272333,-0.057861141714015456,0.5246099480565797
45,hyporheic,193.2,3,429.7755376,2.653,1.366893388,1.468008964,0.135772093,0.064028433,0.090723848,0.86401843,2.2860071220794747,NA,1.4169306314274472,0.6682068899092539,0.15134858904371104,-0.1750890506461917,0.051176816057293635,0.024134350923482848,0.03419670109310215,TRUE,-0.3435100597718212,-0.4341750075207709,-0.5153545632308201,0.11494931716100573,0.18380026888953221
72,hyporheic,568.3,4,226.5243578,2.235,1.570224938,1.410867206,0.136757979,0.065133227,0.081322945,0.874513574,2.7545776560447304,NA,1.2485631181762267,0.5946486310681733,0.09641050197992553,-0.22573957656243734,0.06118925234899329,0.02914238344519016,0.03638610514541387,TRUE,-0.49504314634341756,0.4913482923843858,-0.21136752073411977,-0.8573230194001388,-0.06080740116277002
CC-2,hyporheic,63.6,2,1149.935572,1.595,1.118857125,1.445837125,0.060211707,0.025601586,0.056634756,1.000294013,1.8034571156484138,NA,2.2121581061423305,0.9405937619406803,0.34481616339727666,-0.026597905840549472,0.03775028652037618,0.01605115109717868,0.03550768401253919,TRUE,-1.3193153420744632,-0.41433030301116647,-0.8861765533317356,-0.2623065892881377,1.0451999848707496
CC-3,hyporheic,63,2,1149.935572,1.382,1.457977839,1.428945115,0.062162685,0.025516767,0.083187292,1.322146622,1.7993405494535817,NA,3.260103131403755,1.3382190939789682,0.5132313389302431,0.1265272221885655,0.04498023516642548,0.018463651953690305,0.060193409551374824,TRUE,-1.7070736940061362,0.13202832303310688,-0.3791804531287449,-0.5497257133534854,1.7950557932963045
CC-4,hyporheic,58.5,2,1149.935572,1.743,1.266473142,1.148382601,0.065882183,0.024418333,0.065883932,2.004073407,1.7671558660821804,NA,2.6981338980019647,1.0000265473899068,0.4310634982344985,1.1529231910634354e-5,0.03779815433161216,0.014009370625358576,0.03779915777395296,TRUE,-3.97111255505381,3.46863118739036,-0.6654859795719199,-5.323523030514238,1.4292097083665702
KC-3,hyporheic,114,3,706.4290458,2.363,1.227253491,1.432544323,0.124335412,0.054591001,0.08730412,0.862990163,2.0569048513364727,NA,1.5992401384982846,0.7021661696830184,0.20391368137866833,-0.15356009864440434,0.05261760981802793,0.0231024126110876,0.036946305543800254,TRUE,-0.9140609923905114,-0.1316120225704344,-0.72412058750779,-0.4884848538767894,0.4178423597109607
66,hyporheic,1360.7,4,153.3509319,1.736,1.637836165,1.513624369,0.072263651,0.033690863,0.076747689,0.829495356,3.133762384787346,NA,2.277997123433733,1.0620510856834509,0.35755317133322845,0.026145407232106427,0.04162652707373272,0.01940717914746544,0.0442094982718894,TRUE,-0.37460298406945364,-0.7437833554362963,-0.11028661649027241,0.8910996834576266,1.101910547636314
82,hyporheic,36.6,2,436.2855652,4.541,1.012992733,1.515555281,0.131587944,0.058033013,0.131322456,1.187532092,1.5634810853944108,NA,2.26289226099634,0.9979824291501963,0.35466387716788267,-8.771049954827352e-4,0.028977745870953534,0.012779787051310283,0.02891928121559128,TRUE,-0.8464147628249968,-1.3976201103123307,-1.0444471386383019,0.9239543310506164,1.0890461842837935
65,hyporheic,73.9,2,1169.543448,1.777,1.462580177,1.45576218,0.092246488,0.046498522,0.05628491,1.070459756,1.8686444383948257,NA,1.210466646660296,0.6101577547320826,0.08295282734161147,-0.2145578647399355,0.051911360720315144,0.026166866629150253,0.031674119302194714,TRUE,-0.1613464629461572,-0.18071797576304893,-0.3722998135172818,-0.0934308536947746,-0.12072667781646891
WS3-2,hyporheic,95.7,2,396.7839801,6.147,1.010645487,1.494129171,0.221032324,0.096753054,0.151071516,1.125928755,1.9809119377768436,NA,1.5614134102681656,0.6834815526800505,0.19351790500206148,-0.16527320264316114,0.03595775565316414,0.015739881893606637,0.024576462664714492,TRUE,-0.5358111342323554,-1.123371388840116,-1.0479563450037293,0.5593870730198772,0.3715559530708066
WS3-5,hyporheic,10.2,1,458.875664,NA,NA,NA,NA,NA,NA,NA,1.0086001717619175,NA,NA,NA,NA,NA,NA,NA,NA,FALSE,NA,NA,NA,NA,NA
WS1-8,hyporheic,73.5,2,922.7482014,3.522,1.391961261,1.469631455,0.228076876,0.103510914,0.061220881,1.33760292,1.866287339084195,NA,0.5914437293056847,0.268422130615293,-0.2280865683894414,-0.5711816807240432,0.06475777285633164,0.029389810902896083,0.017382419363997727,TRUE,0.8507600019678622,-0.41199390868215163,-0.4778773071190514,0.14255615270182742,-1.5056060201917068
WS1-3,hyporheic,92.1,2,922.7482014,2.689,1.086978643,1.511762401,0.14617593,0.063919783,0.094119386,1.31498605,1.964259630196849,NA,1.4724609750317834,0.6438774564321226,0.1680437934062064,-0.19119678024802778,0.05436070286351804,0.023770837857939753,0.035001631089624397,TRUE,-0.2486635296652256,-1.2668806227752025,-0.9338358834379799,0.8594181244485019,0.2581344013360366
