site_1,site_2,observed_shared,null_mean_shared,rc_signed,tie_fraction,monte_carlo_se
CC-3,CC-4,1599,1576.0110055027515,-0.8799399699849925,0.009004502251125562,0.010414366640288848
CC-2,CC-4,1895,1619.3606803401701,-1,0,0
WS1-6,CC-4,1251,1068.7748874437218,-1,0,0
KC-1,CC-4,1009,969.7103551775888,-0.9969984992496248,0,0.0017320497230856873
KC-3,CC-4,755,812.1860930465233,1,0,0
WS1-2,CC-4,1150,944.5697848924463,-1,0,0
WS1-3,CC-4,801,836.9229614807404,0.9954977488744372,5.002501250625312e-4,0.00206063998980908
WS1-8,CC-4,1179,982.0575287643821,-1,0,0
WS1-5,CC-4,1405,1137.4682341170585,-1,0,0
WS3-1,CC-4,1356,1274.5477738869436,-1,0,0
WS3-2,CC-4,960,905.0885442721361,-1,0,0
WS3-3,CC-4,1304,1454.8114057028515,1,0,0
WS3-4,CC-4,1412,1534.064032016008,1,0,0
WS3-5,CC-4,623,511.84592296148077,-1,0,0
45,CC-4,1068,997.3721860930465,-1,0,0
47,CC-4,1077,891.5587793896948,-1,0,0
49,CC-4,1325,1139.1660830415208,-1,0,0
50,CC-4,784,668.0760380190095,-1,0,0
53,CC-4,1339,1282.79939969985,-1,0,0
54,CC-4,1047,940.4347173586793,-1,0,0
56,CC-4,517,462.8874437218609,-1,0,0
57,CC-4,1057,925.1225612806403,-1,0,0
58,CC-4,1303,1090.4492246123061,-1,0,0
60,CC-4,1097,1126.80140070035,0.9589794897448725,0.0030015007503751876,0.006222309529831217
64,CC-4,1737,1662.319659829915,-1,0,0
65,CC-4,1147,1089.9879939969985,-1,0,0
66,CC-4,913,778.5797898949475,-1,0,0
68,CC-4,1027,832.0365182591296,-1,0,0
72,CC-4,1239,1021.9879939969985,-1,0,0
74,CC-4,812,740.0420210105052,-1,0,0
82,CC-4,974,801.0490245122561,-1,0,0
84,CC-4,1204,1092.4882441220611,-1,0,0
155,CC-4,1164,942.4232116058029,-1,0,0
156,CC-4,797,649.7593796898449,-1,0,0
161,CC-4,586,474.31915957978987,-1,0,0
163,CC-4,521,448.20110055027516,-1,0,0
165,CC-4,343,296.0375187593797,-1,0,0
169,CC-4,1602,1421.463231615808,-1,0,0
170,CC-4,1601,1519.3221610805404,-1,0,0
177,CC-4,1380,1235.654827413707,-1,0,0
190,CC-4,1161,1057.4662331165582,-1,0,0
260,CC-4,1165,1035.7488744372185,-1,0,0
360,CC-4,1107,1206.2761380690345,1,0,0
CC-2,CC-3,1858,1815.1255627813907,-0.9959979989994997,0,0.0019994976832899327
WS1-6,CC-3,1187,1178.7168584292147,-0.4412206103051526,0.02451225612806403,0.0197685825316902
KC-1,CC-3,1086,1067.8919459729866,-0.8469234617308654,0.009004502251125562,0.01170448926387917
KC-3,CC-3,804,892.3561780890445,1,0,0
WS1-2,CC-3,1153,1039.2816408204103,-1,0,0
WS1-3,CC-3,957,919.8019009504752,-1,0,0
WS1-8,CC-3,1171,1081.5897948974487,-1,0,0
WS1-5,CC-3,1366,1256.199099549775,-1,0,0
WS3-1,CC-3,1568,1412.1310655327663,-1,0,0
WS3-2,CC-3,1095,995.184592296148,-1,0,0
WS3-3,CC-3,1717,1619.3611805902951,-1,0,0
WS3-4,CC-3,1909,1713.5712856428215,-1,0,0
WS3-5,CC-3,592,560.0815407703852,-0.9989994997498749,0,0.0010005002501250607
45,CC-3,1147,1098.463731865933,-1,0,0
47,CC-3,1076,980.5562781390695,-1,0,0
49,CC-3,1378,1258.0760380190095,-1,0,0
50,CC-3,738,732.0950475237619,-0.38369184592296146,0.03601800900450225,0.020218557546301464
53,CC-3,1497,1421.3141570785392,-1,0,0
54,CC-3,1124,1034.9054527263631,-1,0,0
56,CC-3,522,506.48924462231116,-0.9059529764882441,0.011005502751375688,0.009176385828703856
57,CC-3,1064,1017.7058529264632,-1,0,0
58,CC-3,1269,1202.7633816908453,-1,0,0
60,CC-3,1359,1243.8049024512256,-1,0,0
64,CC-3,2055,1866.9034517258629,-1,0,0
65,CC-3,1214,1202.3791895947975,-0.6313156578289145,0.02051025512756378,0.017051565864302835
66,CC-3,921,854.9189594797399,-1,0,0
68,CC-3,1006,914.0735367683842,-1,0,0
72,CC-3,1233,1126.0055027513756,-1,0,0
74,CC-3,816,812.3766883441721,-0.24312156078039016,0.03751875937968985,0.02126355361562043
82,CC-3,947,879.152576288144,-1,0,0
84,CC-3,1332,1205.591795897949,-1,0,0
155,CC-3,1165,1037.4952476238118,-1,0,0
156,CC-3,770,711.8464232116058,-1,0,0
161,CC-3,577,518.6903451725863,-1,0,0
163,CC-3,499,490.0965482741371,-0.663831915957979,0.031015507753876938,0.016261004275902095
165,CC-3,318,323.488244122061,0.5362681340670334,0.04552276138069034,0.01826966458766892
169,CC-3,1701,1581.615807903952,-1,0,0
170,CC-3,1879,1695.0265132566283,-1,0,0
177,CC-3,1499,1367.782891445723,-1,0,0
190,CC-3,1222,1165.4587293646823,-1,0,0
260,CC-3,1221,1141.9374687343673,-1,0,0
360,CC-3,1290,1333.8439219609804,0.9979989994997498,0,0.0014145668942285444
WS1-6,CC-2,1330,1207.3226613306654,-1,0,0
KC-1,CC-2,1134,1093.4437218609305,-0.9979989994997499,0,0.001414566894228541
KC-3,CC-2,883,912.847423711856,0.9874937468734368,5.002501250625312e-4,0.0034914345182739935
WS1-2,CC-2,1195,1064.4352176088044,-1,0,0
WS1-3,CC-2,927,941.3471735867934,0.7763881940970485,0.01150575287643822,0.013894274376720936
WS1-8,CC-2,1234,1107.7738869434718,-1,0,0
WS1-5,CC-2,1457,1287.8829414707354,-1,0,0
WS3-1,CC-2,1539,1448.9269634817408,-1,0,0
WS3-2,CC-2,1073,1019.3056528264132,-1,0,0
WS3-3,CC-2,1528,1664.5767883941971,1,0,0
WS3-4,CC-2,1658,1763.2591295647824,1,0,0
WS3-5,CC-2,634,572.7708854427214,-1,0,0
45,CC-2,1195,1125.1820910455228,-1,0,0
47,CC-2,1120,1003.8899449724862,-1,0,0
49,CC-2,1438,1289.7338669334667,-1,0,0
50,CC-2,779,749.128064032016,-0.9979989994997499,0,0.0014145668942285438
53,CC-2,1565,1458.1555777888943,-1,0,0
54,CC-2,1165,1059.7293646823412,-1,0,0
56,CC-2,565,517.8104052026013,-1,0,0
57,CC-2,1154,1042.4107053526764,-1,0,0
58,CC-2,1373,1233.1505752876437,-1,0,0
60,CC-2,1298,1275.0755377688845,-0.9149574787393697,0.0050025012506253125,0.00888842840910127
64,CC-2,1980,1924.9324662331167,-0.9989994997498749,0,0.0010005002501250423
65,CC-2,1252,1232.0425212606303,-0.863431715857929,0.01250625312656328,0.011005036132712922
66,CC-2,965,874.8849424712356,-1,0,0
68,CC-2,1049,935.2991495747874,-1,0,0
72,CC-2,1286,1153.8819409704852,-1,0,0
74,CC-2,871,831.2186093046523,-1,0,0
82,CC-2,984,899.9909954977488,-1,0,0
84,CC-2,1302,1235.5807903951977,-1,0,0
155,CC-2,1200,1062.0580290145072,-1,0,0
156,CC-2,815,728.2041020510255,-1,0,0
161,CC-2,592,530.0600300150076,-1,0,0
163,CC-2,527,500.9049524762381,-0.9979989994997499,0,0.001414566894228541
165,CC-2,330,330.5312656328164,0.0800400200100051,0.060530265132566284,0.021610151866560613
169,CC-2,1778,1625.2271135567785,-1,0,0
170,CC-2,1850,1744.2816408204103,-1,0,0
177,CC-2,1527,1403.2986493246624,-1,0,0
190,CC-2,1277,1194.1605802901452,-1,0,0
260,CC-2,1275,1169.8499249624813,-1,0,0
360,CC-2,1305,1368.3391695847924,1,0,0
KC-1,WS1-6,799,741.8789394697349,-1,0,0
KC-3,WS1-6,620,623.9329664832417,0.21810905452726348,0.0335167583791896,0.02144564656833089
WS1-2,WS1-6,992,723.2576288144072,-1,0,0
WS1-3,WS1-6,677,642.3826913456728,-0.984992496248124,0.002001000500250125,0.00372938322200008
WS1-8,WS1-6,1057,751.0975487743872,-1,0,0
WS1-5,WS1-6,1162,866.1965982991496,-1,0,0
WS3-1,WS1-6,1089,966.415207603802,-1,0,0
WS3-2,WS1-6,772,693.6568284142071,-1,0,0
WS3-3,WS1-6,1035,1095.4027013506754,1,0,0
WS3-4,WS1-6,1091,1150.6068034017007,1,0,0
WS3-5,WS1-6,540,394.9099549774887,-1,0,0
45,WS1-6,846,762.1625812906453,-1,0,0
47,WS1-6,968,683.6268134067034,-1,0,0
49,WS1-6,1058,867.75987993997,-1,0,0
50,WS1-6,669,513.8419209604803,-1,0,0
53,WS1-6,1144,972.6063031515758,-1,0,0
54,WS1-6,855,720.1705852926464,-1,0,0
56,WS1-6,476,357.2896448224112,-1,0,0
57,WS1-6,971,708.7668834417209,-1,0,0
58,WS1-6,1130,831.6348174087044,-1,0,0
60,WS1-6,867,858.4727363681841,-0.46323161580790395,0.01950975487743872,0.019578986038955224
64,WS1-6,1234,1236.3251625812907,0.1400700350175088,0.03151575787893947,0.02179236611583435
65,WS1-6,992,831.1385692846424,-1,0,0
66,WS1-6,762,597.9979989994997,-1,0,0
68,WS1-6,967,638.1560780390195,-1,0,0
72,WS1-6,1052,781.1465732866433,-1,0,0
74,WS1-6,735,569.4927463731866,-1,0,0
82,WS1-6,922,615.312156078039,-1,0,0
84,WS1-6,1041,833.2821410705353,-1,0,0
155,WS1-6,1017,721.6898449224612,-1,0,0
156,WS1-6,743,500.36268134067035,-1,0,0
161,WS1-6,565,366.0900450225113,-1,0,0
163,WS1-6,505,346.26213106553274,-1,0,0
165,WS1-6,335,229.36418209104554,-1,0,0
169,WS1-6,1213,1071.367183591796,-1,0,0
170,WS1-6,1231,1140.0675337668833,-1,0,0
177,WS1-6,1186,938.2031015507754,-1,0,0
190,WS1-6,995,806.8419209604803,-1,0,0
260,WS1-6,949,791.2931465732867,-1,0,0
360,WS1-6,933,916.8724362181091,-0.7493746873436719,0.017508754377188594,0.01451465076681421
KC-3,KC-1,855,567.2676338169084,-1,0,0
WS1-2,KC-1,945,658.5627813906954,-1,0,0
WS1-3,KC-1,840,584.8609304652326,-1,0,0
WS1-8,KC-1,918,683.111555777889,-1,0,0
WS1-5,KC-1,991,788.2581290645322,-1,0,0
WS3-1,KC-1,1108,878.3436718359179,-1,0,0
WS3-2,KC-1,965,630.983991995998,-1,0,0
WS3-3,KC-1,1101,992.9384692346173,-1,0,0
WS3-4,KC-1,1070,1042.718859429715,-0.9559779889944973,0.002001000500250125,0.0064880379673332815
WS3-5,KC-1,658,360.3526763381691,-1,0,0
45,KC-1,1091,693.6028014007004,-1,0,0
47,KC-1,872,621.6458229114558,-1,0,0
49,KC-1,1093,788.887943971986,-1,0,0
50,KC-1,792,468.06803401700853,-1,0,0
53,KC-1,1148,883.2371185592797,-1,0,0
54,KC-1,1060,655.5952976488244,-1,0,0
56,KC-1,542,325.91345672836417,-1,0,0
57,KC-1,845,644.5457728864433,-1,0,0
58,KC-1,992,756.6488244122061,-1,0,0
60,KC-1,1122,780.6228114057028,-1,0,0
64,KC-1,1071,1118.4917458729365,1,0,0
65,KC-1,958,755.5692846423211,-1,0,0
66,KC-1,919,544.9649824912457,-1,0,0
68,KC-1,782,580.8574287143572,-1,0,0
72,KC-1,987,710.6388194097049,-1,0,0
74,KC-1,849,518.0725362681341,-1,0,0
82,KC-1,781,559.6498249124562,-1,0,0
84,KC-1,927,757.9434717358679,-1,0,0
155,KC-1,935,656.5947973986994,-1,0,0
156,KC-1,757,455.33966983491746,-1,0,0
161,KC-1,585,333.7503751875938,-1,0,0
163,KC-1,521,315.35417708854425,-1,0,0
165,KC-1,305,208.82091045522762,-1,0,0
169,KC-1,1103,972.704352176088,-1,0,0
170,KC-1,1142,1033.583791895948,-1,0,0
177,KC-1,1065,852.248624312156,-1,0,0
190,KC-1,1047,733.6953476738369,-1,0,0
260,KC-1,1074,719.6203101550775,-1,0,0
360,KC-1,1008,832.8174087043521,-1,0,0
WS1-2,KC-3,737,553.384192096048,-1,0,0
WS1-3,KC-3,698,492.42971485742873,-1,0,0
WS1-8,KC-3,692,574.9109554777389,-1,0,0
WS1-5,KC-3,736,661.9939969984993,-1,0,0
WS3-1,KC-3,862,736.5922961480741,-1,0,0
WS3-2,KC-3,772,531.3581790895448,-1,0,0
WS3-3,KC-3,867,831.6283141570785,-0.9969984992496248,0,0.0017320497230856973
WS3-4,KC-3,825,871.8649324662331,1,0,0
WS3-5,KC-3,593,303.78439219609805,-1,0,0
45,KC-3,836,583.807403701851,-1,0,0
47,KC-3,654,523.5372686343171,-1,0,0
49,KC-3,842,662.2201100550275,-1,0,0
50,KC-3,678,394.7943971985993,-1,0,0
53,KC-3,935,741.2186093046523,-1,0,0
54,KC-3,819,551.2221110555278,-1,0,0
56,KC-3,535,274.75487743871935,-1,0,0
57,KC-3,731,542.703851925963,-1,0,0
58,KC-3,768,636.055527763882,-1,0,0
60,KC-3,858,655.6463231615808,-1,0,0
64,KC-3,803,933.1665832916458,1,0,0
65,KC-3,767,635.376188094047,-1,0,0
66,KC-3,735,458.5327663831916,-1,0,0
68,KC-3,588,489.2976488244122,-1,0,0
72,KC-3,752,597.0665332666333,-1,0,0
74,KC-3,716,436.4632316158079,-1,0,0
82,KC-3,600,471.5327663831916,-1,0,0
84,KC-3,710,636.8069034517258,-1,0,0
155,KC-3,715,552.5302651325662,-1,0,0
156,KC-3,618,384.43971985992994,-1,0,0
161,KC-3,506,281.727863931966,-1,0,0
163,KC-3,481,266.03551775887945,-1,0,0
165,KC-3,248,176.65032516258128,-1,0,0
169,KC-3,811,814.9009504752377,0.23061530765382687,0.029014507253626812,0.02143269457412576
170,KC-3,830,864.3846923461731,0.9919959979989994,0,0.002824880515510636
177,KC-3,820,716.0515257628814,-1,0,0
190,KC-3,795,616.8349174587294,-1,0,0
260,KC-3,818,605.128064032016,-1,0,0
360,KC-3,928,699.8814407203602,-1,0,0
WS1-3,WS1-2,781,570.1460730365183,-1,0,0
WS1-8,WS1-2,1079,666.5147573786893,-1,0,0
WS1-5,WS1-2,1153,767.4402201100551,-1,0,0
WS3-1,WS1-2,1140,855.4737368684342,-1,0,0
WS3-2,WS1-2,887,615.5192596298149,-1,0,0
WS3-3,WS1-2,1114,967.1225612806403,-1,0,0
WS3-4,WS1-2,1102,1014.7858929464733,-1,0,0
WS3-5,WS1-2,618,351.0925462731366,-1,0,0
45,WS1-2,996,676.2331165582791,-1,0,0
47,WS1-2,987,606.3111555777889,-1,0,0
49,WS1-2,1143,768.3896948474237,-1,0,0
50,WS1-2,757,456.80990495247624,-1,0,0
53,WS1-2,1157,860.4697348674338,-1,0,0
54,WS1-2,1000,638.3056528264132,-1,0,0
56,WS1-2,536,318.2906453226613,-1,0,0
57,WS1-2,977,628.8104052026013,-1,0,0
58,WS1-2,1111,736.975987993997,-1,0,0
60,WS1-2,1011,760.2831415707853,-1,0,0
64,WS1-2,1156,1088.6183091545772,-1,0,0
65,WS1-2,1003,736.5932966483242,-1,0,0
66,WS1-2,895,531.488244122061,-1,0,0
68,WS1-2,939,566.9944972486243,-1,0,0
72,WS1-2,1082,692.2906453226614,-1,0,0
74,WS1-2,789,505.1890945472736,-1,0,0
82,WS1-2,896,545.272136068034,-1,0,0
84,WS1-2,1037,738.280140070035,-1,0,0
155,WS1-2,1064,640.2121060530266,-1,0,0
156,WS1-2,776,444.42071035517756,-1,0,0
161,WS1-2,595,325.4172086043022,-1,0,0
163,WS1-2,515,307.7138569284642,-1,0,0
165,WS1-2,332,204.06053026513257,-1,0,0
169,WS1-2,1187,946.7388694347173,-1,0,0
170,WS1-2,1180,1006.2751375687844,-1,0,0
177,WS1-2,1145,830.5787893946973,-1,0,0
190,WS1-2,1057,714.856428214107,-1,0,0
260,WS1-2,1056,701.3196598299149,-1,0,0
360,WS1-2,1005,812.2251125562782,-1,0,0
WS1-8,WS1-3,788,592.3136568284142,-1,0,0
WS1-5,WS1-3,841,681.8294147073536,-1,0,0
WS3-1,WS1-3,952,759.1330665332666,-1,0,0
WS3-2,WS1-3,865,546.856428214107,-1,0,0
WS3-3,WS1-3,1021,857.2896448224112,-1,0,0
WS3-4,WS1-3,983,898.8434217108554,-1,0,0
WS3-5,WS1-3,533,312.54777388694345,-1,0,0
45,WS1-3,866,600.9869934967484,-1,0,0
47,WS1-3,787,539.3256628314157,-1,0,0
49,WS1-3,866,682.4067033516758,-1,0,0
50,WS1-3,659,406.92046023011505,-1,0,0
53,WS1-3,930,763.5592796398199,-1,0,0
54,WS1-3,880,567.4462231115558,-1,0,0
56,WS1-3,535,282.92746373186594,-1,0,0
57,WS1-3,775,559.6608304152076,-1,0,0
58,WS1-3,779,654.8339169584792,-1,0,0
60,WS1-3,962,675.8339169584792,-1,0,0
64,WS1-3,960,962.6008004002001,0.20310155077538772,0.03551775887943972,0.02149600145783588
65,WS1-3,843,654.1795897948974,-1,0,0
66,WS1-3,775,472.23811905952977,-1,0,0
68,WS1-3,643,503.85642821410704,-1,0,0
72,WS1-3,797,615.1020510255128,-1,0,0
74,WS1-3,692,449.7368684342171,-1,0,0
82,WS1-3,706,486.1405702851426,-1,0,0
84,WS1-3,848,656.248624312156,-1,0,0
155,WS1-3,771,569.0585292646323,-1,0,0
156,WS1-3,657,395.7188594297149,-1,0,0
161,WS1-3,522,289.85092546273137,-1,0,0
163,WS1-3,512,274.30365182591294,-1,0,0
165,WS1-3,289,181.74737368684342,-1,0,0
169,WS1-3,932,839.5507753876939,-1,0,0
170,WS1-3,954,890.895947973987,-1,0,0
177,WS1-3,916,737.3261630815408,-1,0,0
190,WS1-3,835,635.7733866933467,-1,0,0
260,WS1-3,889,623.4127063531765,-1,0,0
360,WS1-3,923,720.7503751875938,-1,0,0
WS1-5,WS1-8,1213,797.6253126563282,-1,0,0
WS3-1,WS1-8,1139,889.4432216108054,-1,0,0
WS3-2,WS1-8,859,638.8999499749875,-1,0,0
WS3-3,WS1-8,1123,1006.1035517758879,-1,0,0
WS3-4,WS1-8,1122,1056.007003501751,-1,0,0
WS3-5,WS1-8,608,364.4307153576788,-1,0,0
45,WS1-8,988,702.6773386693346,-1,0,0
47,WS1-8,1026,629.8809404702351,-1,0,0
49,WS1-8,1135,798.8614307153576,-1,0,0
50,WS1-8,740,473.95747873936966,-1,0,0
53,WS1-8,1171,894.7633816908454,-1,0,0
54,WS1-8,974,663.2501250625313,-1,0,0
56,WS1-8,534,329.87393696848426,-1,0,0
57,WS1-8,1015,652.9734867433717,-1,0,0
58,WS1-8,1122,765.9974987493747,-1,0,0
60,WS1-8,988,790.4527263631816,-1,0,0
64,WS1-8,1194,1132.934967483742,-1,0,0
65,WS1-8,1030,764.8939469734868,-1,0,0
66,WS1-8,852,551.6143071535768,-1,0,0
68,WS1-8,944,588.184592296148,-1,0,0
72,WS1-8,1066,719.53526763381694,-1,0,0
74,WS1-8,755,524.7208604302151,-1,0,0
82,WS1-8,928,566.8924462231115,-1,0,0
84,WS1-8,1061,767.5382691345673,-1,0,0
155,WS1-8,1054,665.5042521260631,-1,0,0
156,WS1-8,790,461.3986993496748,-1,0,0
161,WS1-8,600,338.12756378189096,-1,0,0
163,WS1-8,515,319.1270635317659,-1,0,0
165,WS1-8,332,211.68434217108555,-1,0,0
169,WS1-8,1210,984.8209104552276,-1,0,0
170,WS1-8,1203,1046.4217108554278,-1,0,0
177,WS1-8,1161,863.5907953976988,-1,0,0
190,WS1-8,1061,743.1145572786393,-1,0,0
260,WS1-8,1079,728.8599299649825,-1,0,0
360,WS1-8,1030,843.8139069534767,-1,0,0
WS3-1,WS1-5,1296,1027.9454727363682,-1,0,0
WS3-2,WS1-5,934,735.8674337168584,-1,0,0
WS3-3,WS1-5,1240,1166.1820910455228,-1,0,0
WS3-4,WS1-5,1274,1225.4192096048023,-1,0,0
WS3-5,WS1-5,624,419.29164582291145,-1,0,0
45,WS1-5,1055,809.9069534767384,-1,0,0
47,WS1-5,1112,725.0610305152576,-1,0,0
49,WS1-5,1260,922.1050525262631,-1,0,0
50,WS1-5,767,545.2201100550275,-1,0,0
53,WS1-5,1287,1034.568284142071,-1,0,0
54,WS1-5,1062,764.8144072036018,-1,0,0
56,WS1-5,549,378.7238619309655,-1,0,0
57,WS1-5,1085,752.3746873436718,-1,0,0
58,WS1-5,1229,884.0655327663832,-1,0,0
60,WS1-5,1090,912.4847423711856,-1,0,0
64,WS1-5,1397,1318.5497748874436,-1,0,0
65,WS1-5,1122,883.3781890945472,-1,0,0
66,WS1-5,926,634.7953976988495,-1,0,0
68,WS1-5,1020,677.4662331165583,-1,0,0
72,WS1-5,1184,829.4637318659329,-1,0,0
74,WS1-5,815,604.1730865432717,-1,0,0
82,WS1-5,995,652.3606803401701,-1,0,0
84,WS1-5,1189,885.152576288144,-1,0,0
155,WS1-5,1158,766.008504252126,-1,0,0
156,WS1-5,821,530.4662331165583,-1,0,0
161,WS1-5,607,388.1035517758879,-1,0,0
163,WS1-5,533,367.15057528764385,-1,0,0
165,WS1-5,346,243.20660330165083,-1,0,0
169,WS1-5,1408,1140.9389694847423,-1,0,0
170,WS1-5,1390,1214.216608304152,-1,0,0
177,WS1-5,1327,997.5572786393196,-1,0,0
190,WS1-5,1113,856.815907953977,-1,0,0
260,WS1-5,1137,840.3186593296648,-1,0,0
360,WS1-5,1099,974.5307653826914,-1,0,0
WS3-2,WS3-1,1106,820.1235617808904,-1,0,0
WS3-3,WS3-1,1537,1307.0755377688845,-1,0,0
WS3-4,WS3-1,1541,1376.3126563281642,-1,0,0
WS3-5,WS3-1,618,465.543771885943,-1,0,0
45,WS3-1,1135,902.8589294647323,-1,0,0
47,WS3-1,1073,808.28064032016,-1,0,0
49,WS3-1,1332,1029.1325662831416,-1,0,0
50,WS3-1,791,606.3786893446724,-1,0,0
53,WS3-1,1449,1156.2896448224112,-1,0,0
54,WS3-1,1148,851.9644822411205,-1,0,0
56,WS3-1,567,420.8254127063532,-1,0,0
57,WS3-1,1095,838.2946473236618,-1,0,0
58,WS3-1,1231,986.5817908954477,-1,0,0
60,WS3-1,1285,1018.4352176088044,-1,0,0
64,WS3-1,1559,1484.9474737368685,-1,0,0
65,WS3-1,1187,985.128564282141,-1,0,0
66,WS3-1,945,706.5607803901951,-1,0,0
68,WS3-1,984,754.3176588294147,-1,0,0
72,WS3-1,1195,924.791895947974,-1,0,0
74,WS3-1,847,672.1675837918959,-1,0,0
82,WS3-1,954,726.0530265132567,-1,0,0
84,WS3-1,1225,987.8764382191096,-1,0,0
155,WS3-1,1152,854.1130565282641,-1,0,0
156,WS3-1,783,590.2091045522761,-1,0,0
161,WS3-1,598,431.25162581290647,-1,0,0
163,WS3-1,535,407.7493746873437,-1,0,0
165,WS3-1,342,269.6728364182091,-1,0,0
169,WS3-1,1511,1278.4982491245623,-1,0,0
170,WS3-1,1565,1363.5777888944472,-1,0,0
177,WS3-1,1401,1115.0265132566283,-1,0,0
190,WS3-1,1188,956.2296148074037,-1,0,0
260,WS3-1,1214,937.1260630315157,-1,0,0
360,WS3-1,1260,1088.6568284142072,-1,0,0
WS3-3,WS3-2,1162,926.7668834417209,-1,0,0
WS3-4,WS3-2,1104,972.4992496248124,-1,0,0
WS3-5,WS3-2,593,336.98299149574785,-1,0,0
45,WS3-2,986,648.7033516758379,-1,0,0
47,WS3-2,826,581.9739869934967,-1,0,0
49,WS3-2,1014,736.999499749875,-1,0,0
50,WS3-2,750,438.3111555777889,-1,0,0
53,WS3-2,1085,824.8514257128564,-1,0,0
54,WS3-2,992,612.8784392196098,-1,0,0
56,WS3-2,531,304.95747873936966,-1,0,0
57,WS3-2,829,603.1785892946473,-1,0,0
58,WS3-2,915,706.9309654827414,-1,0,0
60,WS3-2,1094,730.0910455227614,-1,0,0
64,WS3-2,1091,1042.1965982991496,-1,0,0
65,WS3-2,938,706.1405702851425,-1,0,0
66,WS3-2,869,509.44522261130567,-1,0,0
68,WS3-2,775,543.7588794397199,-1,0,0
72,WS3-2,944,664.2236118059029,-1,0,0
74,WS3-2,773,485.304152076038,-1,0,0
82,WS3-2,757,524.0860430215107,-1,0,0
84,WS3-2,960,708.4532266133067,-1,0,0
155,WS3-2,898,614.0745372686343,-1,0,0
156,WS3-2,723,426.6498249124562,-1,0,0
161,WS3-2,569,312.2146073036518,-1,0,0
163,WS3-2,516,295.5782891445723,-1,0,0
165,WS3-2,314,195.7638819409705,-1,0,0
169,WS3-2,1051,907.6863431715858,-1,0,0
170,WS3-2,1086,964.3156578289145,-1,0,0
177,WS3-2,1062,796.4742371185592,-1,0,0
190,WS3-2,945,686.1855927963982,-1,0,0
260,WS3-2,999,672.927963981991,-1,0,0
360,WS3-2,1029,778.823911955978,-1,0,0
WS3-4,WS3-3,1732,1576.536768384192,-1,0,0
WS3-5,WS3-3,614,523.5922961480741,-1,0,0
45,WS3-3,1173,1021.9054527263631,-1,0,0
47,WS3-3,1057,913.2146073036519,-1,0,0
49,WS3-3,1314,1167.6013006503251,-1,0,0
50,WS3-3,810,683.7708854427214,-1,0,0
53,WS3-3,1452,1315.4282141070535,-1,0,0
54,WS3-3,1150,963.2246123061531,-1,0,0
56,WS3-3,565,473.24762381190595,-1,0,0
57,WS3-3,1075,947.2976488244122,-1,0,0
58,WS3-3,1207,1117.3181590795398,-1,0,0
60,WS3-3,1355,1154.5567783891945,-1,0,0
64,WS3-3,1742,1710.0695347673836,-0.9704852426213106,0.0015007503751875938,0.005325145905837065
65,WS3-3,1276,1117.3406703351675,-1,0,0
66,WS3-3,940,796.8224112056027,-1,0,0
68,WS3-3,958,851.5767883941971,-1,0,0
72,WS3-3,1188,1046.9384692346173,-1,0,0
74,WS3-3,828,757.9539769884942,-1,0,0
82,WS3-3,960,819.8004002001001,-1,0,0
84,WS3-3,1270,1119.4267133566784,-1,0,0
155,WS3-3,1120,965.6203101550775,-1,0,0
156,WS3-3,783,664.944472236118,-1,0,0
161,WS3-3,606,484.8944472236118,-1,0,0
163,WS3-3,543,458.4122061030515,-1,0,0
165,WS3-3,347,302.57328664332164,-1,0,0
169,WS3-3,1489,1459.3831915957978,-0.9544772386193097,0.0025012506253126563,0.0065786970154121695
170,WS3-3,1582,1560.7913956978489,-0.8544272136068034,0.008504252126063032,0.011439221916681416
177,WS3-3,1407,1266.8859429714857,-1,0,0
190,WS3-3,1167,1083.264132066033,-1,0,0
260,WS3-3,1233,1061.5752876438219,-1,0,0
360,WS3-3,1354,1236.7348674337168,-1,0,0
WS3-5,WS3-4,599,547.8619309654828,-1,0,0
45,WS3-4,1131,1072.7858929464733,-1,0,0
47,WS3-4,1048,958.1310655327663,-1,0,0
49,WS3-4,1333,1227.5782891445722,-1,0,0
50,WS3-4,748,716.04052026013,-0.9954977488744372,5.002501250625312e-4,0.002060639989809052
53,WS3-4,1464,1385.2436218109056,-1,0,0
54,WS3-4,1129,1010.6998499249625,-1,0,0
56,WS3-4,532,495.343671835918,-1,0,0
57,WS3-4,1049,994.2986493246623,-1,0,0
58,WS3-4,1215,1174.224112056028,-0.9979989994997499,0,0.0014145668942285397
60,WS3-4,1328,1213.8499249624813,-1,0,0
64,WS3-4,1889,1812.134567283642,-1,0,0
65,WS3-4,1192,1173.2831415707853,-0.8339169584792396,0.009004502251125562,0.012162932993065366
66,WS3-4,925,835.4392196098049,-1,0,0
68,WS3-4,985,892.9559779889945,-1,0,0
72,WS3-4,1177,1099.9244622311155,-1,0,0
74,WS3-4,818,794.0045022511256,-0.9544772386193097,0.003501750875437719,0.006540527772638421
82,WS3-4,940,859.5222611305653,-1,0,0
84,WS3-4,1325,1176.7533766883441,-1,0,0
155,WS3-4,1119,1012.7398699349675,-1,0,0
156,WS3-4,767,696.2756378189094,-1,0,0
161,WS3-4,581,507.64932466233114,-1,0,0
163,WS3-4,512,479.1985992996498,-1,0,0
165,WS3-4,327,316.4232116058029,-0.8339169584792396,0.022011005502751375,0.01189231590593681
169,WS3-4,1550,1539.6043021510754,-0.5192596298149075,0.021510755377688845,0.018835714078798867
170,WS3-4,1698,1649.5327663831915,-1,0,0
177,WS3-4,1431,1333.0910455227613,-1,0,0
190,WS3-4,1183,1137.7643821910956,-0.9969984992496248,0,0.0017320497230857057
260,WS3-4,1191,1114.5077538769385,-1,0,0
360,WS3-4,1306,1301.1840920460231,-0.24762381190595295,0.026013006503251626,0.02137268144499242
45,WS3-5,641,370.2656328164082,-1,0,0
47,WS3-5,567,332.4937468734367,-1,0,0
49,WS3-5,639,419.3726863431716,-1,0,0
50,WS3-5,586,250.74587293646823,-1,0,0
53,WS3-5,646,467.9149574787394,-1,0,0
54,WS3-5,649,349.7693846923462,-1,0,0
56,WS3-5,440,174.97498749374688,-1,0,0
57,WS3-5,560,344.0200100050025,-1,0,0
58,WS3-5,624,402.56028014007006,-1,0,0
60,WS3-5,640,415.1930965482741,-1,0,0
64,WS3-5,589,584.4587293646823,-0.40370185092546274,0.03801900950475238,0.01999756999820599
65,WS3-5,594,401.9864932466233,-1,0,0
66,WS3-5,620,291.223611805903,-1,0,0
68,WS3-5,535,310.55177588794396,-1,0,0
72,WS3-5,617,378.59579789894946,-1,0,0
74,WS3-5,589,277.6728364182091,-1,0,0
82,WS3-5,531,299.07053526763383,-1,0,0
84,WS3-5,582,403.74087043521763,-1,0,0
155,WS3-5,608,350.35067533766886,-1,0,0
156,WS3-5,571,244.18809404702353,-1,0,0
161,WS3-5,471,179.13706853426714,-1,0,0
163,WS3-5,430,169.25162581290644,-1,0,0
165,WS3-5,261,112.28264132066033,-1,0,0
169,WS3-5,615,513.3896948474237,-1,0,0
170,WS3-5,611,543.1690845422711,-1,0,0
177,WS3-5,624,452.7088544272136,-1,0,0
190,WS3-5,637,390.7398699349675,-1,0,0
260,WS3-5,628,383.3951975987994,-1,0,0
360,WS3-5,597,442.352176088044,-1,0,0
47,45,935,639.4507253626814,-1,0,0
49,45,1156,810.8594297148575,-1,0,0
50,45,806,481.17858929464734,-1,0,0
53,45,1201,908.6208104052026,-1,0,0
54,45,1085,673.8849424712356,-1,0,0
56,45,543,334.75487743871935,-1,0,0
57,45,908,663.3146573286643,-1,0,0
58,45,1039,777.663331665833,-1,0,0
60,45,1176,802.7383691845923,-1,0,0
64,45,1149,1151.1095547773887,0.1385692846423212,0.029014507253626812,0.021825865193423357
65,45,1014,777.4612306153076,-1,0,0
66,45,928,560.0350175087543,-1,0,0
68,45,827,597.4062031015508,-1,0,0
72,45,1028,730.4107053526764,-1,0,0
74,45,837,532.7223611805903,-1,0,0
82,45,817,575.496248124062,-1,0,0
84,45,1005,779.1230615307654,-1,0,0
155,45,982,675.3796898449225,-1,0,0
156,45,767,468.4492246123061,-1,0,0
161,45,589,342.79889944972484,-1,0,0
163,45,527,323.9399699849925,-1,0,0
165,45,324,215.04202101050527,-1,0,0
169,45,1158,999.903951975988,-1,0,0
170,45,1182,1063.3791895947975,-1,0,0
177,45,1123,876.3571785892947,-1,0,0
190,45,1080,754.6018009004503,-1,0,0
260,45,1105,740.3606803401701,-1,0,0
360,45,1089,856.9429714857429,-1,0,0
49,47,1081,726.4282141070536,-1,0,0
50,47,707,432.10255127563784,-1,0,0
53,47,1076,812.8989494747374,-1,0,0
54,47,956,604.4467233616808,-1,0,0
56,47,527,300.82191095547773,-1,0,0
57,47,1019,594.3451725862932,-1,0,0
58,47,1060,696.512256128064,-1,0,0
60,47,952,719.3146573286643,-1,0,0
64,47,1084,1026.4657328664332,-1,0,0
65,47,1026,696.2456228114057,-1,0,0
66,47,852,502.64682341170584,-1,0,0
68,47,912,535.520260130065,-1,0,0
72,47,1020,654.2426213106553,-1,0,0
74,47,739,478.35067533766886,-1,0,0
82,47,963,516.4132066033017,-1,0,0
84,47,1038,698.4492246123061,-1,0,0
155,47,1021,605.303651825913,-1,0,0
156,47,735,420.74137068534264,-1,0,0
161,47,593,307.86743371685844,-1,0,0
163,47,524,291.5167583791896,-1,0,0
165,47,345,193.20060030015009,-1,0,0
169,47,1098,894.1585792896449,-1,0,0
170,47,1091,949.5372686343171,-1,0,0
177,47,1092,785.4507253626814,-1,0,0
190,47,954,676.4232116058029,-1,0,0
260,47,997,663.4827413706853,-1,0,0
360,47,988,766.8969484742371,-1,0,0
50,49,792,546.2471235617809,-1,0,0
53,49,1381,1035.9024512256128,-1,0,0
54,49,1123,765.6468234117059,-1,0,0
56,49,560,379.6193096548274,-1,0,0
57,49,1074,752.9489744872436,-1,0,0
58,49,1246,884.5927963981991,-1,0,0
60,49,1193,913.112056028014,-1,0,0
64,49,1395,1320.751875937969,-1,0,0
65,49,1151,884.4187093546774,-1,0,0
66,49,947,635.8084042021011,-1,0,0
68,49,994,678.0770385192596,-1,0,0
72,49,1174,830.5252626313156,-1,0,0
74,49,868,604.6753376688345,-1,0,0
82,49,969,653.0260130065033,-1,0,0
84,49,1177,886.7323661830916,-1,0,0
155,49,1153,767.4412206103052,-1,0,0
156,49,784,531.3691845922962,-1,0,0
161,49,597,388.71085542771385,-1,0,0
163,49,515,367.87443721860933,-1,0,0
165,49,327,243.13856928464233,-1,0,0
169,49,1392,1142.9264632316158,-1,0,0
170,49,1403,1215.896448224112,-1,0,0
177,49,1321,999.1980990495248,-1,0,0
190,49,1173,858.3421710855428,-1,0,0
260,49,1187,841.3771885942972,-1,0,0
360,49,1195,976.0940470235117,-1,0,0
53,50,801,610.1260630315157,-1,0,0
54,50,794,454.85392696348174,-1,0,0
56,50,486,227.05302651325664,-1,0,0
57,50,693,447.80290145072536,-1,0,0
58,50,762,524.0585292646323,-1,0,0
60,50,793,540.6543271635818,-1,0,0
64,50,752,765.1310655327663,0.7898949474737369,0.018009004502251125,0.013386847702802615
65,50,763,523.8434217108554,-1,0,0
66,50,751,379.2096048024012,-1,0,0
68,50,646,404.1430715357679,-1,0,0
72,50,785,492.4102051025513,-1,0,0
74,50,691,361.1575787893947,-1,0,0
82,50,656,389.32766383191597,-1,0,0
84,50,713,524.95947973987,-1,0,0
155,50,740,455.7848924462231,-1,0,0
156,50,655,317.31665832916457,-1,0,0
161,50,536,232.53776888444222,-1,0,0
163,50,504,220.02751375687845,-1,0,0
165,50,304,145.77488744372187,-1,0,0
169,50,780,669.6588294147074,-1,0,0
170,50,768,709.7648824412206,-1,0,0
177,50,786,589.3521760880441,-1,0,0
190,50,769,508.807903951976,-1,0,0
260,50,802,499.1815907953977,-1,0,0
360,50,770,576.0740370185092,-1,0,0
54,53,1178,857.2216108054027,-1,0,0
56,53,572,423.24012006003,-1,0,0
57,53,1113,843.3691845922962,-1,0,0
58,53,1280,991.83991995998,-1,0,0
60,53,1298,1025.023511755878,-1,0,0
64,53,1503,1495.3701850925463,-0.4327163581790896,0.022011005502751375,0.019893932302920976
65,53,1191,990.976488244122,-1,0,0
66,53,958,710.7303651825913,-1,0,0
68,53,1021,758.3726863431716,-1,0,0
72,53,1215,930.512256128064,-1,0,0
74,53,902,676.1765882941471,-1,0,0
82,53,970,730.6283141570785,-1,0,0
84,53,1239,994.1335667833916,-1,0,0
155,53,1169,858.8629314657329,-1,0,0
156,53,807,592.9109554777389,-1,0,0
161,53,594,433.94097048524264,-1,0,0
163,53,523,410.032016008004,-1,0,0
165,53,337,271.13506753376686,-1,0,0
169,53,1466,1286.542771385693,-1,0,0
170,53,1508,1372.2111055527764,-1,0,0
177,53,1439,1121.9394697348675,-1,0,0
190,53,1274,962.4302151075537,-1,0,0
260,53,1224,943.0450225112556,-1,0,0
360,53,1316,1095.1380690345172,-1,0,0
56,54,555,316.615807903952,-1,0,0
57,54,923,626.0520260130065,-1,0,0
58,54,1036,733.8169084542271,-1,0,0
60,54,1147,757.8229114557279,-1,0,0
64,54,1115,1083.7988994497248,-0.9909954977488744,0.0010005002501250625,0.0029107015957406867
65,54,1007,733.6473236618309,-1,0,0
66,54,939,529.3881940970485,-1,0,0
68,54,848,564.5657828914457,-1,0,0
72,54,1031,689.3056528264132,-1,0,0
74,54,863,503.7673836918459,-1,0,0
82,54,848,543.7123561780891,-1,0,0
84,54,1018,735.5622811405702,-1,0,0
155,54,997,637.2041020510255,-1,0,0
156,54,776,442.343671835918,-1,0,0
161,54,591,323.8704352176088,-1,0,0
163,54,527,306.4687343671836,-1,0,0
165,54,327,203.32216108054027,-1,0,0
169,54,1134,942.9184592296148,-1,0,0
170,54,1155,1002.0615307653827,-1,0,0
177,54,1118,826.9384692346173,-1,0,0
190,54,1064,712.7588794397199,-1,0,0
260,54,1086,698.7393696848425,-1,0,0
360,54,1063,807.9969984992496,-1,0,0
57,56,547,311.7373686843422,-1,0,0
58,56,537,364.5777888944472,-1,0,0
60,56,574,375.7398699349675,-1,0,0
64,56,526,528.008004002001,0.18859429714857412,0.04502251125562781,0.021451456941630406
65,56,544,364.68534267133566,-1,0,0
66,56,528,263.7488744372186,-1,0,0
68,56,460,281.5232616308154,-1,0,0
72,56,515,342.3731865932966,-1,0,0
74,56,495,251.4272136068034,-1,0,0
82,56,483,270.5182591295648,-1,0,0
84,56,530,364.66183091545776,-1,0,0
155,56,524,317.39269634817407,-1,0,0
156,56,494,221.1575787893947,-1,0,0
161,56,427,162.4032016008004,-1,0,0
163,56,428,153.31015507753878,-1,0,0
165,56,207,101.6928464232116,-1,0,0
169,56,550,464.1305652826413,-1,0,0
170,56,531,491.2841420710355,-1,0,0
177,56,555,408.9859929964982,-1,0,0
190,56,535,353.67233616808403,-1,0,0
260,56,563,346.87393696848426,-1,0,0
360,56,568,400.17558779389697,-1,0,0
58,57,1061,722.6093046523262,-1,0,0
60,57,960,745.5582791395698,-1,0,0
64,57,1087,1065.7048524262132,-0.9249624812406203,0.007003501750875438,0.00829392805103093
65,57,1036,721.9669834917459,-1,0,0
66,57,819,520.8049024512256,-1,0,0
68,57,901,555.1135567783892,-1,0,0
72,57,998,678.8614307153576,-1,0,0
74,57,722,495.1220610305153,-1,0,0
82,57,955,535.5732866433217,-1,0,0
84,57,1028,723.7973986993496,-1,0,0
155,57,1010,627.0845422711355,-1,0,0
156,57,736,435.70185092546274,-1,0,0
161,57,597,318.8094047023512,-1,0,0
163,57,523,301.9029514757379,-1,0,0
165,57,350,200.0505252626313,-1,0,0
169,57,1097,927.5577788894448,-1,0,0
170,57,1079,985.4047023511756,-1,0,0
177,57,1098,813.8634317158579,-1,0,0
190,57,943,700.9179589794898,-1,0,0
260,57,986,687.5607803901951,-1,0,0
360,57,1063,795.6273136568284,-1,0,0
60,58,1053,875.5312656328164,-1,0,0
64,58,1314,1262.1780890445223,-1,0,0
65,58,1130,847.7473736868434,-1,0,0
66,58,888,610.2751375687844,-1,0,0
68,58,1012,650.5852926463232,-1,0,0
72,58,1156,796.3486743371686,-1,0,0
74,58,836,580.2546273136568,-1,0,0
82,58,976,627.1180590295147,-1,0,0
84,58,1133,849.8129064532266,-1,0,0
155,58,1126,735.8544272136068,-1,0,0
156,58,784,509.73636818409204,-1,0,0
161,58,594,373.3161580790395,-1,0,0
163,58,517,352.63231615807905,-1,0,0
165,58,332,233.84142071035518,-1,0,0
169,58,1295,1094.1405702851425,-1,0,0
170,58,1282,1163.4247123561781,-1,0,0
177,58,1289,957.0895447723861,-1,0,0
190,58,1109,823.4112056028014,-1,0,0
260,58,1130,806.7028514257129,-1,0,0
360,58,1098,935.2036018009004,-1,0,0
64,60,1321,1305.6843421710855,-0.7798899449724863,0.013006503251625813,0.01376852052317125
65,60,1077,874.7353676838419,-1,0,0
66,60,951,629.064032016008,-1,0,0
68,60,837,671.2651325662831,-1,0,0
72,60,1063,821.5717858929464,-1,0,0
74,60,862,598.6058029014507,-1,0,0
82,60,847,646.5027513756878,-1,0,0
84,60,1095,877.0905452726363,-1,0,0
155,60,1009,759.1565782891446,-1,0,0
156,60,772,525.7978989494748,-1,0,0
161,60,590,384.6263131565783,-1,0,0
163,60,533,363.78289144572284,-1,0,0
165,60,326,240.77088544272135,-1,0,0
169,60,1256,1129.9169584792396,-1,0,0
170,60,1338,1202.3781890945472,-1,0,0
177,60,1213,988.8024012006003,-1,0,0
190,60,1101,849.6138069034517,-1,0,0
260,60,1148,832.89844922461225,-1,0,0
360,60,1176,965.6328164082041,-1,0,0
65,64,1237,1260.7453726863432,0.9444722361180591,0.003501750875437719,0.007231010280246363
66,64,911,894.3131565782892,-0.8714357178589295,0.015507753876938469,0.010614079166745059
68,64,1020,956.3056528264132,-1,0,0
72,64,1242,1180.3421710855428,-1,0,0
74,64,814,849.1145572786393,0.9994997498749376,5.002501250625312e-4,5.002501250625105e-4
82,64,963,919.7898949474737,-1,0,0
84,64,1348,1264.7473736868435,-1,0,0
155,64,1172,1086.3016508254127,-1,0,0
156,64,770,743.5512756378189,-0.9964982491245623,5.002501250625312e-4,0.0018024270933206894
161,64,578,541.2376188094047,-1,0,0
163,64,503,510.92046023011505,0.6568284142071037,0.030015007503751877,0.016417985980529595
165,64,325,336.9974987493747,0.9059529764882441,0.015007503751875938,0.009066589952869988
169,64,1831,1668.2336168084041,-1,0,0
170,64,1934,1792.8164082041021,-1,0,0
177,64,1519,1437.7258629314658,-1,0,0
190,64,1222,1222.0120060030015,0.01150575287643818,0.032016008004002,0.022009321094445904
260,64,1225,1197.152576288144,-0.9804902451225613,0.0025012506253126563,0.00425286976032546
360,64,1301,1401.4882441220611,1,0,0
66,65,876,609.6268134067034,-1,0,0
68,65,920,650.4387193596798,-1,0,0
72,65,1113,796.3746873436718,-1,0,0
74,65,787,579.6338169084543,-1,0,0
82,65,946,626.2941470735368,-1,0,0
84,65,1093,849.3846923461731,-1,0,0
155,65,1030,735.0755377688845,-1,0,0
156,65,774,509.5322661330665,-1,0,0
161,65,598,372.97798899449725,-1,0,0
163,65,540,352.65082541270635,-1,0,0
165,65,350,233.58929464732367,-1,0,0
169,65,1201,1093.0350175087544,-1,0,0
170,65,1202,1162.5372686343171,-0.992496248124062,0.0015007503751875938,0.002594601221331322
177,65,1220,956.4762381190595,-1,0,0
190,65,1003,822.2111055527764,-1,0,0
260,65,1088,806.1325662831416,-1,0,0
360,65,1178,934.6098049024512,-1,0,0
68,66,755,469.9384692346173,-1,0,0
72,66,912,573.2151075537769,-1,0,0
74,66,779,418.91095547773887,-1,0,0
82,66,768,452.54127063531763,-1,0,0
84,66,884,610.9459729864933,-1,0,0
155,66,872,530.2191095547773,-1,0,0
156,66,745,368.783891945973,-1,0,0
161,66,586,270.84192096048025,-1,0,0
163,66,527,255.2376188094047,-1,0,0
165,66,324,169.19859929964983,-1,0,0
169,66,943,781.1140570285143,-1,0,0
170,66,947,828.4782391195598,-1,0,0
177,66,930,686.271635817909,-1,0,0
190,66,886,591.9319659829915,-1,0,0
260,66,962,580.2581290645322,-1,0,0
360,66,918,671.1000500250125,-1,0,0
72,68,986,611.1350675337669,-1,0,0
74,68,719,446.8464232116058,-1,0,0
82,68,867,482.20360180090046,-1,0,0
84,68,956,651.7553776888444,-1,0,0
155,68,972,565.4887443721861,-1,0,0
156,68,700,393.4177088544272,-1,0,0
161,68,554,287.9479739869935,-1,0,0
163,68,472,272.41170585292645,-1,0,0
165,68,331,180.47723861930965,-1,0,0
169,68,1028,833.8784392196098,-1,0,0
170,68,1026,885.0060030015007,-1,0,0
177,68,1034,732.8464232116058,-1,0,0
190,68,920,631.391695847924,-1,0,0
260,68,908,619.6088044022011,-1,0,0
360,68,875,716.344172086043,-1,0,0
74,72,836,545.3666833416709,-1,0,0
82,72,937,588.8989494747374,-1,0,0
84,72,1102,797.7068534267133,-1,0,0
155,72,1087,691.0920460230116,-1,0,0
156,72,801,479.92196098049027,-1,0,0
161,72,597,351.1550775387694,-1,0,0
163,72,536,331.62531265632816,-1,0,0
165,72,349,220.10355177588795,-1,0,0
169,72,1242,1025.192096048024,-1,0,0
170,72,1249,1089.0835417708854,-1,0,0
177,72,1212,897.7033516758379,-1,0,0
190,72,1071,772.5772886443222,-1,0,0
260,72,1126,757.5327663831916,-1,0,0
360,72,1085,878.1390695347674,-1,0,0
82,74,693,430.58129064532267,-1,0,0
84,74,795,581.423711855928,-1,0,0
155,74,807,504.48024012006005,-1,0,0
156,74,670,351.1475737868935,-1,0,0
161,74,532,257.6768384192096,-1,0,0
163,74,498,243.62781390695346,-1,0,0
165,74,301,161.71935967983993,-1,0,0
169,74,832,742.2096048024011,-1,0,0
170,74,850,787.3086543271636,-1,0,0
177,74,884,653.2116058029014,-1,0,0
190,74,854,563.4982491245623,-1,0,0
260,74,819,552.4592296148074,-1,0,0
360,74,802,637.6393196598299,-1,0,0
84,82,948,627.9819909954978,-1,0,0
155,82,938,544.6843421710855,-1,0,0
156,82,707,379.3081540770385,-1,0,0
161,82,572,277.83291645822914,-1,0,0
163,82,502,262.6933466733367,-1,0,0
165,82,346,174.23311655827914,-1,0,0
169,82,983,802.8609304652326,-1,0,0
170,82,970,851.6743371685843,-1,0,0
177,82,994,705.95947973987,-1,0,0
190,82,875,608.4842421210606,-1,0,0
260,82,892,596.7713856928465,-1,0,0
360,82,890,689.6303151575788,-1,0,0
155,84,1098,737.0180090045022,-1,0,0
156,84,760,510.65332666333165,-1,0,0
161,84,590,373.9974987493747,-1,0,0
163,84,526,353.23661830915455,-1,0,0
165,84,344,233.98599299649825,-1,0,0
169,84,1257,1096.2096048024011,-1,0,0
170,84,1277,1166.1610805402702,-1,0,0
177,84,1257,958.9949974987494,-1,0,0
190,84,1026,824.6778389194598,-1,0,0
260,84,1068,808.231615807904,-1,0,0
360,84,1104,937.1260630315157,-1,0,0
156,155,767,443.2671335667834,-1,0,0
161,155,589,324.72236118059027,-1,0,0
163,155,519,306.7688844422211,-1,0,0
165,155,341,203.83991995998,-1,0,0
169,155,1183,945.3451725862932,-1,0,0
170,155,1195,1004.4132066033017,-1,0,0
177,155,1176,829.5292646323162,-1,0,0
190,155,1040,714.0540270135067,-1,0,0
260,155,1047,699.9789894947473,-1,0,0
360,155,1008,810.4447223611805,-1,0,0
161,156,563,226.43971985992997,-1,0,0
163,156,511,214.06703351675839,-1,0,0
165,156,307,142.03251625812908,-1,0,0
169,156,804,651.9339669834917,-1,0,0
170,156,802,690.623811905953,-1,0,0
177,156,795,572.9169584792396,-1,0,0
190,156,790,494.967983991996,-1,0,0
260,156,814,485.74537268634316,-1,0,0
360,156,770,560.2416208104052,-1,0,0
163,161,444,157.29214607303652,-1,0,0
165,161,284,104.45572786393197,-1,0,0
169,161,607,475.3571785892946,-1,0,0
170,161,587,503.1905952976488,-1,0,0
177,161,596,419.0935467733867,-1,0,0
190,161,577,362.7258629314657,-1,0,0
260,161,608,355.1745872936468,-1,0,0
360,161,595,409.82841420710355,-1,0,0
165,163,249,98.6543271635818,-1,0,0
169,163,533,449.10205102551276,-1,0,0
170,163,519,475.19709854927464,-1,0,0
177,163,545,396.34667333666835,-1,0,0
190,163,523,342.48024012006005,-1,0,0
260,163,534,336.12356178089044,-1,0,0
360,163,536,387.53476738369187,-1,0,0
169,165,337,296.7513756878439,-1,0,0
170,165,326,314.1910955477739,-0.8714357178589295,0.01250625312656328,0.010684611793871923
177,165,343,262.33966983491746,-1,0,0
190,165,331,226.82591295647825,-1,0,0
260,165,336,222.77588794397198,-1,0,0
360,165,336,256.37418709354677,-1,0,0
170,169,1798,1524.5087543771886,-1,0,0
177,169,1467,1239.7548774387194,-1,0,0
190,169,1272,1060.0585292646324,-1,0,0
260,169,1239,1039.1875937968985,-1,0,0
360,169,1242,1209.7893946973486,-0.967983991995998,0.002001000500250125,0.005525715238638175
177,170,1494,1321.1080540270134,-1,0,0
190,170,1286,1127.216608304152,-1,0,0
260,170,1242,1104.9864932466232,-1,0,0
360,170,1244,1289.2916458229115,0.9984992496248124,5.002501250625312e-4,0.001118369320371756
190,177,1187,928.4737368684342,-1,0,0
260,177,1188,910.1175587793897,-1,0,0
360,177,1223,1056.870935467734,-1,0,0
260,190,1075,782.9689844922461,-1,0,0
360,190,1014,906.9689844922461,-1,0,0
360,260,1153,889.2591295647824,-1,0,0
