"sample_id","site_code_raw","site_code","sample_type","habitat","mapping_status","normalization_note","environment_join_status","fticr_profile_available","qc_flag","nonchim","meets_rarefaction_depth"
"hja2016_001","50","50","planktonic streamwater","planktonic","MATCHED",,"MATCHED_AQUATIC_MASTER",TRUE,"OK",15203,TRUE
"hja2016_002","WS3-1","WS3-1","planktonic streamwater","planktonic","MATCHED",,"MATCHED_AQUATIC_MASTER",TRUE,"OK",7691,FALSE
"hja2016_003","WS1-7","WS1-7","hyporheic water","hyporheic","MATCHED",,"MATCHED_AQUATIC_MASTER",TRUE,"OK",6567,FALSE
"hja2016_005","50","50","hyporheic water","hyporheic","MATCHED",,"MATCHED_AQUATIC_MASTER",TRUE,"OK",12557,TRUE
"hja2016_008","WS3-1","WS3-1","hyporheic water","hyporheic","MATCHED",,"MATCHED_AQUATIC_MASTER",TRUE,"OK",22897,TRUE
"hja2016_009","60","60","hyporheic water","hyporheic","MATCHED",,"MATCHED_AQUATIC_MASTER",TRUE,"OK",28180,TRUE
"hja2016_010","164","164","planktonic streamwater","planktonic","MATCHED",,"MATCHED_AQUATIC_MASTER",TRUE,"OK",14451,TRUE
"hja2016_011","WS1-6","WS1-6","planktonic streamwater","planktonic","MATCHED",,"MATCHED_AQUATIC_MASTER",TRUE,"OK",148270,TRUE
"hja2016_013","WS1-4","WS1-4","planktonic streamwater","planktonic","MATCHED",,"MATCHED_AQUATIC_MASTER",TRUE,"OK",24949,TRUE
"hja2016_014","WS1-6","WS1-6","hyporheic water","hyporheic","MATCHED",,"MATCHED_AQUATIC_MASTER",TRUE,"OK",23257,TRUE
"hja2016_015","47","47","hyporheic water","hyporheic","MATCHED",,"MATCHED_AQUATIC_MASTER",TRUE,"OK",12268,TRUE
"hja2016_016","74","74","hyporheic water","hyporheic","MATCHED",,"MATCHED_AQUATIC_MASTER",TRUE,"OK",13284,TRUE
"hja2016_018","WS1-5","WS1-5","hyporheic water","hyporheic","MATCHED",,"MATCHED_AQUATIC_MASTER",TRUE,"OK",41082,TRUE
"hja2016_019","155","155","hyporheic water","hyporheic","MATCHED",,"MATCHED_AQUATIC_MASTER",TRUE,"OK",19861,TRUE
"hja2016_020","WS1-2","WS1-2","hyporheic water","hyporheic","MATCHED",,"MATCHED_AQUATIC_MASTER",TRUE,"OK",100353,TRUE
"hja2016_021","156","156","hyporheic water","hyporheic","MATCHED",,"MATCHED_AQUATIC_MASTER",TRUE,"OK",35465,TRUE
"hja2016_027","WS3-6","WS3-6","planktonic streamwater","planktonic","MATCHED",,"MATCHED_AQUATIC_MASTER",TRUE,"OK",29534,TRUE
"hja2016_029","192","192","planktonic streamwater","planktonic","MATCHED",,"MATCHED_AQUATIC_MASTER",TRUE,"OK",9217,FALSE
"hja2016_030","190","190","planktonic streamwater","planktonic","MATCHED",,"MATCHED_AQUATIC_MASTER",TRUE,"OK",7171,FALSE
"hja2016_065","68","68","hyporheic water","hyporheic","MATCHED",,"MATCHED_AQUATIC_MASTER",TRUE,"OK",14481,TRUE
"hja2016_066","49","49","hyporheic water","hyporheic","MATCHED",,"MATCHED_AQUATIC_MASTER",TRUE,"OK",116149,TRUE
"hja2016_070","56","56","hyporheic water","hyporheic","MATCHED",,"MATCHED_AQUATIC_MASTER",TRUE,"OK",31464,TRUE
"hja2016_071","164","164","hyporheic water","hyporheic","MATCHED",,"MATCHED_AQUATIC_MASTER",TRUE,"OK",28407,TRUE
"hja2016_075","260","260","hyporheic water","hyporheic","MATCHED",,"MATCHED_AQUATIC_MASTER",TRUE,"OK",22114,TRUE
"hja2016_078","CC-1","CC-1","hyporheic water","hyporheic","MATCHED",,"MATCHED_AQUATIC_MASTER",TRUE,"OK",20271,TRUE
"hja2016_079","64","64","hyporheic water","hyporheic","MATCHED",,"MATCHED_AQUATIC_MASTER",TRUE,"OK",25161,TRUE
"hja2016_080","360","360","hyporheic water","hyporheic","MATCHED",,"MATCHED_AQUATIC_MASTER",TRUE,"OK",8009,FALSE
"hja2016_081","160","160","hyporheic water","hyporheic","MATCHED",,"MATCHED_AQUATIC_MASTER",TRUE,"OK",9337,FALSE
"hja2016_084","177","177","hyporheic water","hyporheic","MATCHED",,"MATCHED_AQUATIC_MASTER",TRUE,"OK",44478,TRUE
"hja2016_127","60","60","stream sediment","sediment","MATCHED",,"MATCHED_AQUATIC_MASTER",TRUE,"OK",70047,TRUE
"hja2016_128","68","68","stream sediment","sediment","MATCHED",,"MATCHED_AQUATIC_MASTER",TRUE,"OK",625,FALSE
"hja2016_129","72","72","stream sediment","sediment","MATCHED",,"MATCHED_AQUATIC_MASTER",TRUE,"OK",127706,TRUE
"hja2016_131","74","74","stream sediment","sediment","MATCHED",,"MATCHED_AQUATIC_MASTER",TRUE,"OK",883738,TRUE
"hja2016_132","84","84","stream sediment","sediment","MATCHED",,"MATCHED_AQUATIC_MASTER",TRUE,"OK",919986,TRUE
"hja2016_133","161","161","stream sediment","sediment","MATCHED",,"MATCHED_AQUATIC_MASTER",TRUE,"OK",72059,TRUE
"hja2016_135","169","169","stream sediment","sediment","MATCHED",,"MATCHED_AQUATIC_MASTER",TRUE,"OK",123455,TRUE
"hja2016_136","190","190","stream sediment","sediment","MATCHED",,"MATCHED_AQUATIC_MASTER",TRUE,"OK",138898,TRUE
"hja2016_139","CC-2","CC-2","stream sediment","sediment","MATCHED",,"MATCHED_AQUATIC_MASTER",TRUE,"OK",140227,TRUE
"hja2016_140","CC-3","CC-3","stream sediment","sediment","MATCHED",,"MATCHED_AQUATIC_MASTER",TRUE,"OK",205891,TRUE
"hja2016_141","CC-4","CC-4","stream sediment","sediment","MATCHED",,"MATCHED_AQUATIC_MASTER",TRUE,"OK",156782,TRUE
"hja2016_142","KC-1","KC-1","stream sediment","sediment","MATCHED",,"MATCHED_AQUATIC_MASTER",TRUE,"OK",676967,TRUE
"hja2016_144","KC-3","KC-3","stream sediment","sediment","MATCHED",,"MATCHED_AQUATIC_MASTER",TRUE,"OK",480196,TRUE
"hja2016_145","155","155","stream sediment","sediment","MATCHED",,"MATCHED_AQUATIC_MASTER",TRUE,"OK",124377,TRUE
"hja2016_146","156","156","stream sediment","sediment","MATCHED",,"MATCHED_AQUATIC_MASTER",TRUE,"OK",132956,TRUE
"hja2016_147","163","163","stream sediment","sediment","MATCHED",,"MATCHED_AQUATIC_MASTER",TRUE,"OK",116303,TRUE
"hja2016_148","165","165","stream sediment","sediment","MATCHED",,"MATCHED_AQUATIC_MASTER",TRUE,"OK",110482,TRUE
"hja2016_149","170","170","stream sediment","sediment","MATCHED",,"MATCHED_AQUATIC_MASTER",TRUE,"OK",369,FALSE
"hja2016_150","53","53","stream sediment","sediment","MATCHED",,"MATCHED_AQUATIC_MASTER",TRUE,"OK",137116,TRUE
"hja2016_151","64","64","stream sediment","sediment","MATCHED",,"MATCHED_AQUATIC_MASTER",TRUE,"OK",964977,TRUE
"hja2016_152","66","66","stream sediment","sediment","MATCHED",,"MATCHED_AQUATIC_MASTER",TRUE,"OK",799955,TRUE
"hja2016_155","82","82","stream sediment","sediment","MATCHED",,"MATCHED_AQUATIC_MASTER",TRUE,"OK",116837,TRUE
"hja2016_157","43","43","stream sediment","sediment","MATCHED",,"MATCHED_AQUATIC_MASTER",FALSE,"OK",96913,TRUE
"hja2016_158","47","47","stream sediment","sediment","MATCHED",,"MATCHED_AQUATIC_MASTER",TRUE,"OK",1077,FALSE
"hja2016_159","49","49","stream sediment","sediment","MATCHED",,"MATCHED_AQUATIC_MASTER",TRUE,"OK",83304,TRUE
"hja2016_160","50","50","stream sediment","sediment","MATCHED",,"MATCHED_AQUATIC_MASTER",TRUE,"OK",236788,TRUE
"hja2016_183","HJA-2016_soil_01","HJA-2016_soil_01","terrestrial soil","soil","MATCHED",,"MATCHED_SOIL_METADATA",FALSE,"OK",804564,TRUE
"hja2016_184","HJA-2016_soil_03","HJA-2016_soil_03","terrestrial soil","soil","MATCHED",,"MATCHED_SOIL_METADATA",FALSE,"OK",68951,TRUE
"hja2016_185","HJA-2016_soil_04","HJA-2016_soil_04","terrestrial soil","soil","MATCHED",,"MATCHED_SOIL_METADATA",FALSE,"OK",46147,TRUE
"hja2016_188","HJA-2016_soil_07","HJA-2016_soil_07","terrestrial soil","soil","MATCHED",,"MATCHED_SOIL_METADATA",FALSE,"OK",53759,TRUE
"hja2016_189","HJA-2016_soil_08","HJA-2016_soil_08","terrestrial soil","soil","MATCHED",,"MATCHED_SOIL_METADATA",FALSE,"OK",151838,TRUE
"hja2016_190","HJA-2016_soil_09","HJA-2016_soil_09","terrestrial soil","soil","MATCHED",,"MATCHED_SOIL_METADATA",FALSE,"OK",34900,TRUE
"hja2016_191","HJA-2016_soil_10","HJA-2016_soil_10","terrestrial soil","soil","MATCHED",,"MATCHED_SOIL_METADATA",FALSE,"OK",45834,TRUE
"hja2016_031","161","161","hyporheic water","hyporheic","MATCHED",,"MATCHED_AQUATIC_MASTER",TRUE,"OK",12209,TRUE
"hja2016_032","54","54","hyporheic water","hyporheic","MATCHED",,"MATCHED_AQUATIC_MASTER",TRUE,"OK",14201,TRUE
"hja2016_035","192","192","hyporheic water","hyporheic","MATCHED",,"MATCHED_AQUATIC_MASTER",TRUE,"OK",30527,TRUE
"hja2016_037","43","43","hyporheic water","hyporheic","MATCHED",,"MATCHED_AQUATIC_MASTER",FALSE,"OK",13968,TRUE
"hja2016_040","190","190","hyporheic water","hyporheic","MATCHED",,"MATCHED_AQUATIC_MASTER",TRUE,"OK",9607,FALSE
"hja2016_042","165","165","planktonic streamwater","planktonic","MATCHED",,"MATCHED_AQUATIC_MASTER",TRUE,"OK",12819,TRUE
"hja2016_043","KC-2","KC-2","hyporheic water","hyporheic","MATCHED",,"MATCHED_AQUATIC_MASTER",TRUE,"OK",20270,TRUE
"hja2016_044","156","156","planktonic streamwater","planktonic","MATCHED",,"MATCHED_AQUATIC_MASTER",TRUE,"OK",10328,TRUE
"hja2016_049","67","67","planktonic streamwater","planktonic","MATCHED",,"MATCHED_AQUATIC_MASTER",FALSE,"OK",13815,TRUE
"hja2016_050","165","165","hyporheic water","hyporheic","MATCHED",,"MATCHED_AQUATIC_MASTER",TRUE,"OK",48004,TRUE
"hja2016_052","163","163","hyporheic water","hyporheic","MATCHED",,"MATCHED_AQUATIC_MASTER",TRUE,"OK",61105,TRUE
"hja2016_056","KC-1","KC-1","hyporheic water","hyporheic","MATCHED",,"MATCHED_AQUATIC_MASTER",TRUE,"OK",49037,TRUE
"hja2016_057","71","71","hyporheic water","hyporheic","MATCHED",,"MATCHED_AQUATIC_MASTER",TRUE,"OK",13771,TRUE
"hja2016_059","KC-2","KC-2","planktonic streamwater","planktonic","MATCHED",,"MATCHED_AQUATIC_MASTER",TRUE,"OK",19642,TRUE
"hja2016_062","WS3-3","WS3-3","hyporheic water","hyporheic","MATCHED",,"MATCHED_AQUATIC_MASTER",TRUE,"OK",90648,TRUE
"hja2016_064","WS3-4","WS3-4","planktonic streamwater","planktonic","MATCHED",,"MATCHED_AQUATIC_MASTER",TRUE,"OK",22148,TRUE
"hja2016_099","162","162","planktonic streamwater","planktonic","MATCHED",,"MATCHED_AQUATIC_MASTER",TRUE,"OK",70870,TRUE
"hja2016_100","64","64","planktonic streamwater","planktonic","MATCHED",,"MATCHED_AQUATIC_MASTER",TRUE,"OK",80837,TRUE
"hja2016_101","58","58","planktonic streamwater","planktonic","MATCHED",,"MATCHED_AQUATIC_MASTER",TRUE,"OK",69823,TRUE
"hja2016_102","73","73","hyporheic water","hyporheic","MATCHED",,"MATCHED_AQUATIC_MASTER",TRUE,"OK",44648,TRUE
"hja2016_103","260","260","planktonic streamwater","planktonic","MATCHED",,"MATCHED_AQUATIC_MASTER",TRUE,"OK",69136,TRUE
"hja2016_105","178","178","planktonic streamwater","planktonic","MATCHED",,"MATCHED_AQUATIC_MASTER",TRUE,"OK",69430,TRUE
"hja2016_106","170","170","planktonic streamwater","planktonic","MATCHED",,"MATCHED_AQUATIC_MASTER",TRUE,"OK",579943,TRUE
"hja2016_107","57","57","hyporheic water","hyporheic","MATCHED",,"MATCHED_AQUATIC_MASTER",TRUE,"OK",594437,TRUE
"hja2016_109","169","169","planktonic streamwater","planktonic","MATCHED",,"MATCHED_AQUATIC_MASTER",TRUE,"OK",57915,TRUE
"hja2016_110","76","76","hyporheic water","hyporheic","MATCHED",,"MATCHED_AQUATIC_MASTER",TRUE,"OK",113718,TRUE
"hja2016_111","160","160","planktonic streamwater","planktonic","MATCHED",,"MATCHED_AQUATIC_MASTER",TRUE,"OK",71018,TRUE
"hja2016_114","WS1-5","WS1-5","planktonic streamwater","planktonic","MATCHED",,"MATCHED_AQUATIC_MASTER",TRUE,"OK",113466,TRUE
"hja2016_116","53","53","planktonic streamwater","planktonic","MATCHED",,"MATCHED_AQUATIC_MASTER",TRUE,"OK",95287,TRUE
"hja2016_119","56","56","planktonic streamwater","planktonic","MATCHED",,"MATCHED_AQUATIC_MASTER",TRUE,"OK",569978,TRUE
"hja2016_121","84","84","hyporheic water","hyporheic","MATCHED",,"MATCHED_AQUATIC_MASTER",TRUE,"OK",520108,TRUE
"hja2016_122","45","45","stream sediment","sediment","MATCHED",,"MATCHED_AQUATIC_MASTER",TRUE,"OK",81642,TRUE
"hja2016_123","54","54","stream sediment","sediment","MATCHED",,"MATCHED_AQUATIC_MASTER",TRUE,"LOW_FINAL_RETENTION",276,FALSE
"hja2016_125","56","56","stream sediment","sediment","MATCHED",,"MATCHED_AQUATIC_MASTER",TRUE,"OK",74159,TRUE
"hja2016_126","58","58","stream sediment","sediment","MATCHED",,"MATCHED_AQUATIC_MASTER",TRUE,"OK",4588,FALSE
"hja2016_161","65","65","stream sediment","sediment","MATCHED",,"MATCHED_AQUATIC_MASTER",TRUE,"OK",204,FALSE
"hja2016_164","260","260","stream sediment","sediment","MATCHED",,"MATCHED_AQUATIC_MASTER",TRUE,"OK",558490,TRUE
"hja2016_165","360","360","stream sediment","sediment","MATCHED",,"MATCHED_AQUATIC_MASTER",TRUE,"OK",36,FALSE
"hja2016_166","57","57","stream sediment","sediment","MATCHED",,"MATCHED_AQUATIC_MASTER",TRUE,"OK",142090,TRUE
"hja2016_167","WS3-1","WS3-1","stream sediment","sediment","MATCHED",,"MATCHED_AQUATIC_MASTER",TRUE,"OK",38097,TRUE
"hja2016_168","WS3-4","WS3-4","stream sediment","sediment","MATCHED",,"MATCHED_AQUATIC_MASTER",TRUE,"OK",196,FALSE
"hja2016_169","WS3-2","WS3-2","stream sediment","sediment","MATCHED",,"MATCHED_AQUATIC_MASTER",TRUE,"OK",65373,TRUE
"hja2016_170","WS3-3","WS3-3","stream sediment","sediment","MATCHED",,"MATCHED_AQUATIC_MASTER",TRUE,"OK",83233,TRUE
"hja2016_171","WS3-5","WS3-5","stream sediment","sediment","MATCHED",,"MATCHED_AQUATIC_MASTER",TRUE,"OK",116,FALSE
"hja2016_174","WS1_S8","WS1-8","stream sediment","sediment","MATCHED_NORMALIZED_SITE_CODE","Normalized WS1_S8 to master-data site code WS1-8.","MATCHED_AQUATIC_MASTER",TRUE,"OK",6532,FALSE
"hja2016_176","WS1-2","WS1-2","stream sediment","sediment","MATCHED",,"MATCHED_AQUATIC_MASTER",TRUE,"OK",64,FALSE
"hja2016_177","WS1-3","WS1-3","stream sediment","sediment","MATCHED",,"MATCHED_AQUATIC_MASTER",TRUE,"OK",91368,TRUE
"hja2016_179","WS1-5","WS1-5","stream sediment","sediment","MATCHED",,"MATCHED_AQUATIC_MASTER",TRUE,"OK",46471,TRUE
"hja2016_180","WS1-6","WS1-6","stream sediment","sediment","MATCHED",,"MATCHED_AQUATIC_MASTER",TRUE,"OK",125211,TRUE
"hja2016_181","177","177","stream sediment","sediment","MATCHED",,"MATCHED_AQUATIC_MASTER",TRUE,"OK",90331,TRUE
"hja2016_193","HJA-2016_soil_12","HJA-2016_soil_12","terrestrial soil","soil","MATCHED",,"MATCHED_SOIL_METADATA",FALSE,"OK",87552,TRUE
"hja2016_194","HJA-2016_soil_13","HJA-2016_soil_13","terrestrial soil","soil","MATCHED",,"MATCHED_SOIL_METADATA",FALSE,"OK",61413,TRUE
"hja2016_195","HJA-2016_soil_14","HJA-2016_soil_14","terrestrial soil","soil","MATCHED",,"MATCHED_SOIL_METADATA",FALSE,"OK",363982,TRUE
"hja2016_196","HJA-2016_soil_16","HJA-2016_soil_16","terrestrial soil","soil","MATCHED",,"MATCHED_SOIL_METADATA",FALSE,"OK",1104671,TRUE
"hja2016_197","HJA-2016_soil_17","HJA-2016_soil_17","terrestrial soil","soil","MATCHED",,"MATCHED_SOIL_METADATA",FALSE,"OK",45147,TRUE
"hja2016_198","HJA-2016_soil_18","HJA-2016_soil_18","terrestrial soil","soil","MATCHED",,"MATCHED_SOIL_METADATA",FALSE,"OK",190457,TRUE
"hja2016_199","HJA-2016_soil_19","HJA-2016_soil_19","terrestrial soil","soil","MATCHED",,"MATCHED_SOIL_METADATA",FALSE,"OK",133349,TRUE
"hja2016_200",,,"terrestrial soil","soil","REVIEW_UNRESOLVED_SITE","Missing from local sample list; NCBI BioSample SAMN12129905 identifies a soil metagenome, but the soil site is unresolved.","MATCHED_SOIL_METADATA",FALSE,"OK",249607,TRUE
