"sample_id","estimate","standard_error","lower","upper","model","reasonable","warning","site_code","habitat","nonchim"
"hja2016_001",367.56771050484,2.14361381614341,365.617353414931,375.679680515576,"Negative Binomial",FALSE,"","50","planktonic",15203
"hja2016_002",220.478576098459,2.21491458309526,218.552129362161,229.12663063563,"Negative Binomial",FALSE,"","WS3-1","planktonic",7691
"hja2016_003",424.489730660137,18.8209633181088,417.471749920754,535.910598377477,"Kemp",TRUE,"","WS1-7","hyporheic",6567
"hja2016_005",280.286263594717,0.856944337237516,280.014661991054,285.589066680014,"Kemp",TRUE,"","50","hyporheic",12557
"hja2016_008",825.244214671692,2.25657628532733,822.947080464144,833.113024958803,"Negative Binomial",FALSE,"","WS3-1","hyporheic",22897
"hja2016_009",753.321724524907,3.33475678905305,750.132079742914,765.498221954839,"Negative Binomial",FALSE,"","60","hyporheic",28180
"hja2016_010",259.07807822072,0.282525268519489,259.003220849073,260.892733379683,"Poisson",FALSE,"","164","planktonic",14451
"hja2016_011",1566.70338753509,4.81797435334332,1561.15930886556,1581.9764321278,"Negative Binomial",FALSE,"","WS1-6","planktonic",148270
"hja2016_013",937.82023104615,7.5334059835086,932.184730272068,970.262566864005,"Kemp",TRUE,"","WS1-4","planktonic",24949
"hja2016_014",774.563542234374,2.85572882035626,771.479056790816,784.080539607556,"Negative Binomial",FALSE,"","WS1-6","hyporheic",23257
"hja2016_015",424.513736108609,3.36856429400511,420.82831937236,435.627995269851,"Kemp",TRUE,"","47","hyporheic",12268
"hja2016_016",278.821521532642,2.66005354434839,276.591107327624,289.46791587097,"Negative Binomial",FALSE,"","74","hyporheic",13284
"hja2016_018",1278.54713490452,24.0328271597895,1267.10129742225,1408.95011604585,"Kemp",TRUE,"","WS1-5","hyporheic",41082
"hja2016_019",690.540985087054,5.92089495773124,684.938802704756,712.330708041456,"Kemp",TRUE,"","155","hyporheic",19861
"hja2016_020",1864.01883766114,5.24952750942359,1858.90057550678,1882.92061296049,"Kemp",TRUE,"","WS1-2","hyporheic",100353
"hja2016_021",1135.22954143224,54210.6379742904,411.29660483619,230056.407572244,"Negative Binomial",FALSE,"","156","hyporheic",35465
"hja2016_027",907.827084941847,3.33635829955767,904.05205550028,918.54678390271,"Negative Binomial",FALSE,"","WS3-6","planktonic",29534
"hja2016_029",417.886283980273,124.06422389154,337.093335281826,997.215351924833,"Negative Binomial",FALSE,"","192","planktonic",9217
"hja2016_030",212.943752184361,16.8132690287353,195.516424143544,270.777496473404,"Negative Binomial",FALSE,"","190","planktonic",7171
"hja2016_065",918.107610767471,7.6622208575881,911.693774134769,948.808806326331,"Kemp",TRUE,"","68","hyporheic",14481
"hja2016_066",1447.21413052852,2.93520114618579,1444.6984927724,1458.78989541853,"Negative Binomial",FALSE,"","49","hyporheic",116149
"hja2016_070",702.557744374086,2.07919805353376,700.63324829572,710.330949688123,"Kemp",TRUE,"","56","hyporheic",31464
"hja2016_071",1653.64416885988,7.79650713791978,1644.21488247901,1677.37966971107,"Kemp",TRUE,"","164","hyporheic",28407
"hja2016_075",725.176465049869,1.81726852110855,723.523197209169,732.053947594305,"Negative Binomial",FALSE,"","260","hyporheic",22114
"hja2016_078",788.965327723539,9.21719212044623,785.274397779457,842.303029150506,"Kemp",TRUE,"","CC-1","hyporheic",20271
"hja2016_079",913.286581812285,1.79454055314425,911.588166325176,919.889418112646,"Negative Binomial",FALSE,"","64","hyporheic",25161
"hja2016_080",299.60614477252,0.854347798940055,299.078017371086,303.709354854399,"Kemp",TRUE,"","360","hyporheic",8009
"hja2016_081",444.17198555206,4.40088501670844,439.368340998255,458.718737629784,"Negative Binomial",FALSE,"","160","hyporheic",9337
"hja2016_084",728.900020445486,5.2081242068359,723.433669514362,746.644534999833,"Negative Binomial",FALSE,"","177","hyporheic",44478
"hja2016_127",4587.7469066862,58.2176902068263,4494.18986737245,4725.91848049338,"Kemp",TRUE,"","60","sediment",70047
"hja2016_128",155.57001840703,28.4204511438743,118.007290938673,235.879619512596,"Kemp",TRUE,"","68","sediment",625
"hja2016_129",5529.45854768851,15.5608034036494,5503.09648868792,5564.60681409575,"Negative Binomial",FALSE,"","72","sediment",127706
"hja2016_131",10214.0007391321,35.5985937683703,10214.0000000824,10220.6311104397,"Kemp",TRUE,"","74","sediment",883738
"hja2016_132",8777.05504382338,6.97140099883689,8766.36409736353,8794.32832703327,"Negative Binomial",FALSE,"","84","sediment",919986
"hja2016_133",4053.04432007262,15.9791379969391,4026.21474868937,4089.44416740776,"Negative Binomial",FALSE,"","161","sediment",72059
"hja2016_135",4987.41739330004,35.0566776572193,4928.18156252833,5066.79820150954,"Kemp",TRUE,"","169","sediment",123455
"hja2016_136",5148.10525735342,423.999251610404,4941.57791243792,7427.41546236372,"Kemp",TRUE,"","190","sediment",138898
"hja2016_139",5742.61063121208,18.6707163239657,5711.01397370621,5784.82644166071,"Negative Binomial",FALSE,"","CC-2","sediment",140227
"hja2016_140",5449.92538355282,10.6023057229189,5432.47839510181,5474.53830671675,"Negative Binomial",FALSE,"","CC-3","sediment",205891
"hja2016_141",5024.06933103381,16.2743147116099,4996.50671952515,5060.83964777605,"Negative Binomial",FALSE,"","CC-4","sediment",156782
"hja2016_142",6627.58903605537,10.2664245724111,6611.18973542792,6652.09135581214,"Negative Binomial",FALSE,"","KC-1","sediment",676967
"hja2016_144",6036.00729779134,12.2753600304643,6016.10160421566,6064.89762228411,"Negative Binomial",FALSE,"","KC-3","sediment",480196
"hja2016_145",5746.64646124152,15.9049340494287,5719.78121686048,5782.67304362183,"Negative Binomial",FALSE,"","155","sediment",124377
"hja2016_146",4743.1630704822,10.8401868617915,4725.38195563389,4768.40415362408,"Negative Binomial",FALSE,"","156","sediment",132956
"hja2016_147",4695.42328847552,12.1544737179774,4675.24119931276,4723.40222626221,"Negative Binomial",FALSE,"","163","sediment",116303
"hja2016_148",5282.30934140666,16.6100642476165,5254.21622447771,5319.88646489488,"Negative Binomial",FALSE,"","165","sediment",110482
"hja2016_149",253.71096902166,33.4954618626263,207.83656874838,345.497632317626,"Negative Binomial",FALSE,"","170","sediment",369
"hja2016_150",5809.29119701229,19.0376323114898,5776.53606653948,5851.66562468266,"Negative Binomial",FALSE,"","53","sediment",137116
"hja2016_151",9658.09398374432,7.47609391000707,9646.45273906984,9676.36116625082,"Negative Binomial",FALSE,"","64","sediment",964977
"hja2016_152",8906.58150095084,11.9952856178306,8886.61322766877,8934.1283234977,"Negative Binomial",FALSE,"","66","sediment",799955
"hja2016_155",5424.4706792124,18.2635958756873,5393.61543590712,5465.83236692087,"Negative Binomial",FALSE,"","82","sediment",116837
"hja2016_157",4862.57585842863,21.5322885583284,4825.73286962075,4910.75579947526,"Negative Binomial",FALSE,"","43","sediment",96913
"hja2016_158",336.025972540719,23.1694859132413,302.524296309923,396.556699472247,"Negative Binomial",FALSE,"","47","sediment",1077
"hja2016_159",4724.42950082318,419.49564290763,4473.14445703401,6772.41816621134,"Kemp",TRUE,"","49","sediment",83304
"hja2016_160",4924.75588340045,12.155966603123,4904.74971814974,4952.97228377106,"Negative Binomial",FALSE,"","50","sediment",236788
"hja2016_183",7236.53455116749,6.94027570088707,7225.92848545743,7253.78554858918,"Negative Binomial",FALSE,"","HJA-2016_soil_01","soil",804564
"hja2016_184",2444.29063144166,10.8702538950186,2427.3955265579,2470.89621279778,"Negative Binomial",FALSE,"","HJA-2016_soil_03","soil",68951
"hja2016_185",1306.67868007209,7.20911093703739,1295.96639501574,1325.05834601796,"Negative Binomial",FALSE,"","HJA-2016_soil_04","soil",46147
"hja2016_188",888.116779348951,55.4959265000448,888.000119864089,1001.77399567142,"Kemp",TRUE,"","HJA-2016_soil_07","soil",53759
"hja2016_189",2044.71070432111,5.46090520654105,2037.27422445441,2059.74953865934,"Negative Binomial",FALSE,"","HJA-2016_soil_08","soil",151838
"hja2016_190",1755.21631344608,101.34921300033,1673.19227692465,2170.43420385405,"Kemp",TRUE,"","HJA-2016_soil_09","soil",34900
"hja2016_191",1055.30225833928,3.13370609581381,1051.50837184153,1064.83435897237,"Negative Binomial",FALSE,"","HJA-2016_soil_10","soil",45834
"hja2016_031",244.033133277141,13.4780476219972,239.293856591682,325.206780118362,"Kemp",TRUE,"","161","hyporheic",12209
"hja2016_032",393.686586380845,5.5430387978522,388.620210513675,414.595449511732,"Negative Binomial",FALSE,"","54","hyporheic",14201
"hja2016_035",582.534906416177,8.02123337807573,574.799209919033,611.648420950137,"Negative Binomial",TRUE,"","192","hyporheic",30527
"hja2016_037",382.79022662812,9.54041450061409,381.048722991568,446.778214285974,"Negative Binomial",TRUE,"","43","hyporheic",13968
"hja2016_040",226.524660634738,0.761212966834492,226.065134985456,230.226127935986,"Poisson",FALSE,"","190","hyporheic",9607
"hja2016_042",341.832842946508,2.82724710592269,339.053081278459,351.950191075555,"Negative Binomial",FALSE,"","165","planktonic",12819
"hja2016_043",447.337005296463,7.86241222269609,438.928640893554,473.741565800704,"Negative Binomial",FALSE,"","KC-2","hyporheic",20270
"hja2016_044",180.860482188658,1.9542973720318,179.343261915596,189.083827587766,"Negative Binomial",FALSE,"","156","planktonic",10328
"hja2016_049",280.222211155807,24.8804777596592,254.709898053573,366.508036440005,"Kemp",TRUE,"","67","planktonic",13815
"hja2016_050",882.6634650605,28.3990429056694,875.307826878515,1065.78482365384,"Kemp",TRUE,"","165","hyporheic",48004
"hja2016_052",1413.57734729609,13.6158040851825,1397.60887022149,1456.08299827401,"Negative Binomial",FALSE,"","163","hyporheic",61105
"hja2016_056",1122.84491972561,132.178062905994,1115.07428399228,1943.47950967539,"Kemp",TRUE,"","KC-1","hyporheic",49037
"hja2016_057",487.438599274771,13.2191835089683,474.218388581154,534.15075256055,"Negative Binomial",FALSE,"","71","hyporheic",13771
"hja2016_059",1095.14887977714,82.4892987633017,974.447850390073,1308.38047378611,"Kemp",TRUE,"","KC-2","planktonic",19642
"hja2016_062",1732.45260552284,7.26887767198162,1723.43318155153,1754.11740692095,"Negative Binomial",FALSE,"","WS3-3","hyporheic",90648
"hja2016_064",597.153551786699,13.2436583827011,580.014169396459,635.254463926473,"Kemp",TRUE,"","WS3-4","planktonic",22148
"hja2016_099",5901.56608457652,31.7095108829889,5846.111747022,5971.05519477745,"Negative Binomial",FALSE,"","162","planktonic",70870
"hja2016_100",5469.97546051221,38.7216239875151,5402.24218874821,5554.81191848741,"Negative Binomial",FALSE,"","64","planktonic",80837
"hja2016_101",5771.15080594859,39.9877939598593,5701.33864573702,5858.9247927926,"Negative Binomial",FALSE,"","58","planktonic",69823
"hja2016_102",4388.65224758524,30.2390334397787,4335.70501622048,4454.84153319718,"Negative Binomial",FALSE,"","73","hyporheic",44648
"hja2016_103",4990.44814129877,26.2216499159209,4945.16760229234,5048.61024152232,"Negative Binomial",FALSE,"","260","planktonic",69136
"hja2016_105",5101.00925562435,32.1648891547429,5044.701236657,5171.42753516347,"Negative Binomial",FALSE,"","178","planktonic",69430
"hja2016_106",10025.9735811769,22.4347819814926,9987.28778151566,10075.8040365808,"Negative Binomial",FALSE,"","170","planktonic",579943
"hja2016_107",12165.4923376329,13.2562845611981,12143.1223553621,12195.5465644924,"Negative Binomial",FALSE,"","57","hyporheic",594437
"hja2016_109",3936.82268694722,25.1091291465627,3894.81026114367,3994.20868567287,"Kemp",TRUE,"","169","planktonic",57915
"hja2016_110",4407.18979124033,12.4234802939194,4386.90649792187,4436.24397997989,"Negative Binomial",FALSE,"","76","hyporheic",113718
"hja2016_111",5667.6066765168,37.606804205809,5601.61487319139,5749.75084582481,"Negative Binomial",FALSE,"","160","planktonic",71018
"hja2016_114",6698.30061735465,35.4453703113194,6636.32712883486,6775.99365899008,"Negative Binomial",FALSE,"","WS1-5","planktonic",113466
"hja2016_116",6280.57287763779,23.3406262976679,6240.01018962647,6332.03106656049,"Negative Binomial",FALSE,"","53","planktonic",95287
"hja2016_119",11360.7121756474,16.7922162451866,11332.1255397197,11398.4678528649,"Negative Binomial",FALSE,"","56","planktonic",569978
"hja2016_121",9349.07920602081,15.6759376713985,9322.22216700357,9384.11220091481,"Negative Binomial",FALSE,"","84","hyporheic",520108
"hja2016_122",4703.32207726977,23.8316315432811,4662.35761719003,4756.41515754192,"Negative Binomial",FALSE,"","45","sediment",81642
"hja2016_123",10.75,2.04917737323462,10.0427578291144,23.1554854783457,"Negative Binomial",TRUE,"","54","sediment",276
"hja2016_125",4535.65620921801,23.614560609572,4494.91923022998,4588.08646933773,"Negative Binomial",FALSE,"","56","sediment",74159
"hja2016_126",560.687243130375,318.885628604268,421.694006861639,2351.73353161952,"Kemp",TRUE,"","58","sediment",4588
"hja2016_161",34.2675590719725,7.88965989114832,26.7016486233433,63.0216434459871,"Negative Binomial",FALSE,"","65","sediment",204
"hja2016_164",7582.54569510241,17.5366244125413,7553.28911584499,7622.73543436052,"Negative Binomial",FALSE,"","260","sediment",558490
"hja2016_165",2.00000003045996,0.00017452784655079,2.00000000000876,2.00010590611198,"Poisson",FALSE,"","360","sediment",36
"hja2016_166",4927.5776561066,12.9087060170597,4906.3041346,4957.50370041573,"Negative Binomial",FALSE,"","57","sediment",142090
"hja2016_167",3428.46059245543,262.791870719952,3306.31991628007,4868.4859956436,"Kemp",TRUE,"","WS3-1","sediment",38097
"hja2016_168",56.5210090719391,11.721568377358,44.3194575092208,96.7099748173272,"Negative Binomial",FALSE,"","WS3-4","sediment",196
"hja2016_169",4031.61054482275,20.4966556606928,3997.20745591308,4078.31592896819,"Negative Binomial",FALSE,"","WS3-2","sediment",65373
"hja2016_170",4885.91819893937,25.0821323786825,4842.37928042558,4941.27683269517,"Negative Binomial",FALSE,"","WS3-3","sediment",83233
"hja2016_171",77.0964467005076,35.6878033104862,47.591503728133,221.274541525127,"Negative Binomial",TRUE,"","WS3-5","sediment",116
"hja2016_174",935.449143973182,749.335614909869,754.002278570416,5818.64625158816,"Kemp",TRUE,"","WS1-8","sediment",6532
"hja2016_176",21.9322487819705,2.80990142198502,19.1166633587088,31.8471280200219,"Poisson",FALSE,"","WS1-2","sediment",64
"hja2016_177",4459.12257510608,23.8370730272144,4418.61144502475,4512.80385709555,"Negative Binomial",FALSE,"","WS1-3","sediment",91368
"hja2016_179",3626.94871533797,674.639941731626,3246.89210418829,7023.01454401331,"Kemp",TRUE,"","WS1-5","sediment",46471
"hja2016_180",4890.29864971119,22.9705628955893,4850.68339131363,4941.31229598207,"Negative Binomial",FALSE,"","WS1-6","sediment",125211
"hja2016_181",5102.29988360624,22.3641537841923,5063.49257775323,5151.67621004485,"Negative Binomial",FALSE,"","177","sediment",90331
"hja2016_193",2279.80143529225,23.6211364347614,2248.75599836342,2346.86941718503,"Kemp",TRUE,"","HJA-2016_soil_12","soil",87552
"hja2016_194",4380.94959108047,484.02225252329,4274.65827036108,7575.5432364396,"Kemp",TRUE,"","HJA-2016_soil_13","soil",61413
"hja2016_195",4956.07694215412,11.5085888753941,4937.66074667652,4983.49870140299,"Negative Binomial",FALSE,"","HJA-2016_soil_14","soil",363982
"hja2016_196",13415.5675056989,11.201104970065,13397.0722038075,13441.4875922496,"Negative Binomial",FALSE,"","HJA-2016_soil_16","soil",1104671
"hja2016_197",2038.199928096,90.6816433091304,2012.23076473299,2612.11901860197,"Kemp",TRUE,"","HJA-2016_soil_17","soil",45147
"hja2016_198",5638.75973760367,12.0626353158011,5618.98336582295,5666.86043596164,"Negative Binomial",FALSE,"","HJA-2016_soil_18","soil",190457
"hja2016_199",4088.35421117274,11.0327957408163,4070.35885586162,4114.17939654147,"Negative Binomial",FALSE,"","HJA-2016_soil_19","soil",133349
"hja2016_200",6273.136387123,14.7832714837519,6248.73014165917,6307.3510209977,"Negative Binomial",FALSE,"",,"soil",249607
