"sample_id","site_code","habitat","original_reads","q0","q1","q2","site_stream_order","log_drainage_area","distance_to_outlet_km"
"hja2016_001","50","planktonic",11669,327,229.778034575717,175.825412398505,5,3.69516634830587,0.429638789
"hja2016_008","WS3-1","hyporheic",22709,792,564.360978166349,427.606260155648,2,1.98407703390283,0.3967839801
"hja2016_009","60","hyporheic",27895,726,516.53198719713,351.911937556746,2,1.63447727016073,0.144250975
"hja2016_010","164","planktonic",13603,247,169.365245855358,121.23827928935,3,1.78390357927273,0.8483428208
"hja2016_011","WS1-6","planktonic",135739,1358,924.919254394973,641.132496441725,2,1.91750550955255,0.9227482014
"hja2016_013","WS1-4","planktonic",24663,898,644.021920517841,483.315933959712,2,1.9532763366673,0.9227482014
"hja2016_014","WS1-6","hyporheic",23231,751,530.654411906324,388.687635068953,2,1.91750550955255,0.9227482014
"hja2016_015","47","hyporheic",11989,409,283.632377877923,204.881087017095,4,3.19035971626532,0.2564510978
"hja2016_016","74","hyporheic",13073,267,40.5575337895822,5.41415643815209,2,1.84509804001426,0.1719794298
"hja2016_018","WS1-5","hyporheic",40656,1168,408.412248530136,105.147163970693,2,1.94398887507377,0.9227482014
"hja2016_019","155","hyporheic",19614,660,489.755870227504,382.347768236077,2,1.90955602924118,0.5117981462
"hja2016_020","WS1-2","hyporheic",98409,1614,1112.75457634816,784.793834659647,2,1.97127584873811,0.9227482014
"hja2016_021","156","hyporheic",25845,360,260.127495047463,192.324705647038,5,3.41092899910269,0.4274193177
"hja2016_027","WS3-6","planktonic",25384,828,524.447650705575,326.964073187638,2,1.89431606268444,0.4250078962
"hja2016_065","68","hyporheic",14271,898,660.772786850403,430.370376746228,5,3.48175784340849,0.4569712596
"hja2016_066","49","hyporheic",113817,1335,944.923955425043,689.065902262903,5,3.5313639415202,0.5481831477
"hja2016_070","56","hyporheic",29171,654,451.035648309853,345.370651783493,3,1.99782308074573,0.7405470238
"hja2016_071","164","hyporheic",27370,1522,1021.72147559997,610.612444281626,3,1.78390357927273,0.8483428208
"hja2016_075","260","hyporheic",20270,688,508.837579807533,389.283795672721,4,2.93756803860038,0.1910497387
"hja2016_078","CC-1","hyporheic",19829,759,538.103061710882,336.252000699404,2,1.80617997398389,1.149935572
"hja2016_079","64","hyporheic",24235,855,607.588685946195,448.998284826552,2,1.52504480703685,1.003388888
"hja2016_084","177","hyporheic",44332,680,427.783422820767,258.09382226627,1,1.17026171539496,0.4369310981
"hja2016_127","60","sediment",69981,2860,1663.86309763016,830.027058882181,2,1.63447727016073,0.144250975
"hja2016_129","72","sediment",127647,3137,1761.82032253124,824.511064938584,4,2.75457765604473,0.2265243578
"hja2016_131","74","sediment",883305,3715,2118.97659131315,955.694025001052,2,1.84509804001426,0.1719794298
"hja2016_132","84","sediment",919199,3372,1753.49239926038,675.949709341699,4,2.7942788657214,0.5896388792
"hja2016_133","161","sediment",71966,2693,1518.80550498944,721.115710226923,5,3.75580627744535,0.3937080053
"hja2016_135","169","sediment",123381,2780,1434.71790262067,540.015120423409,2,1.72835378202123,0.3084101049
"hja2016_136","190","sediment",138131,2739,1303.34581840874,500.826363499797,1,1.15228834438306,0.8057817733
"hja2016_139","CC-2","sediment",140079,3154,1730.70785708022,797.829902664837,2,1.80345711564841,1.149935572
"hja2016_140","CC-3","sediment",204775,2845,1461.5008301472,629.556414550359,2,1.79934054945358,1.149935572
"hja2016_141","CC-4","sediment",155869,2638,1249.21077441165,508.838525182445,2,1.76715586608218,1.149935572
"hja2016_142","KC-1","sediment",675155,3069,1733.57312790848,800.294508379168,3,2.05956341790127,0.7064290458
"hja2016_144","KC-3","sediment",478253,2875,1559.36824253338,727.272727272792,3,2.05690485133647,0.7064290458
"hja2016_145","155","sediment",124291,3229,1864.63390494152,929.921142687184,2,1.90955602924118,0.5117981462
"hja2016_146","156","sediment",132087,2773,1361.24908624146,541.981919483202,5,3.41092899910269,0.4274193177
"hja2016_147","163","sediment",116121,2882,1636.77326522939,768.698593281649,5,3.78721952657586,0.1912144031
"hja2016_148","165","sediment",110390,3066,1710.81844650095,817.046865808307,2,1.4456042032736,0.2523794033
"hja2016_150","53","sediment",136737,3037,1614.58911295982,672.061076910734,3,2.44824241263444,0.3413601101
"hja2016_151","64","sediment",963408,3661,2092.80503988818,948.370699138967,2,1.52504480703685,1.003388888
"hja2016_152","66","sediment",788533,3029,1323.56319723478,399.11237408005,4,3.13376238478735,0.1533509319
"hja2016_155","82","sediment",116748,3128,1764.78691796817,867.453157529579,2,1.56348108539441,0.4362855652
"hja2016_157","43","sediment",96414,2846,1517.86194325223,720.419572359005,1,0.89209460269048,0.3346174096
"hja2016_159","49","sediment",83173,2842,1519.60446711373,705.686421181948,5,3.5313639415202,0.5481831477
"hja2016_160","50","sediment",234969,2445,1081.85772423416,420.072756601446,5,3.69516634830587,0.429638789
"hja2016_031","161","hyporheic",11876,235,155.944770438957,107.291762782204,5,3.75580627744535,0.3937080053
"hja2016_032","54","hyporheic",13850,377,284.825916593655,232.841881734952,3,2.3174364965351,0.360292001
"hja2016_035","192","hyporheic",18138,551,384.422999078776,267.829403383221,2,1.45484486000851,0.2820450111
"hja2016_037","43","hyporheic",13791,376,268.238926208663,198.734458965309,1,0.89209460269048,0.3346174096
"hja2016_042","165","planktonic",12727,335,225.626696315486,161.424148406905,2,1.4456042032736,0.2523794033
"hja2016_043","KC-2","hyporheic",19650,413,284.875028139897,211.081794195251,3,2.05766610390983,0.7064290458
"hja2016_049","67","planktonic",10468,215,127.27207343587,69.406849067866,4,3.19259532756921,0.1879016014
"hja2016_050","165","hyporheic",47232,831,386.875119734397,56.5555199884172,2,1.4456042032736,0.2523794033
"hja2016_052","163","hyporheic",59900,1284,914.351577405345,639.77889241479,5,3.78721952657586,0.1912144031
"hja2016_056","KC-1","hyporheic",48620,996,140.457390621678,10.4165234394694,3,2.05956341790127,0.7064290458
"hja2016_057","71","hyporheic",13409,456,254.350970249902,93.7815340408211,3,2.00732095292274,0.6621800926
"hja2016_059","KC-2","planktonic",18914,707,356.439803267986,223.59559606114,3,2.05766610390983,0.7064290458
"hja2016_062","WS3-3","hyporheic",84790,1485,492.101776919394,39.8703098560993,2,1.97034687623009,0.3967839801
"hja2016_064","WS3-4","planktonic",21512,529,355.205790039164,263.247953247164,2,1.91009054559407,0.4250078962
"hja2016_099","162","planktonic",70693,3405,2134.43772055473,1193.7447773665,5,3.79297969024054,0.2226371993
"hja2016_100","64","planktonic",80459,2970,1607.30341183531,769.100613742346,2,1.52504480703685,1.003388888
"hja2016_101","58","planktonic",69636,3234,1880.52523629994,945.75168343807,3,1.82736927305383,0.974246413
"hja2016_102","73","hyporheic",44546,2870,1705.03852711962,961.409041090654,2,2.13672056715641,0.7499591592
"hja2016_103","260","planktonic",69015,3072,1746.66954136982,873.057447180109,4,2.93756803860038,0.1910497387
"hja2016_105","178","planktonic",69227,2969,1668.13530888127,844.694474008833,2,1.29885307640971,0.6017333146
"hja2016_106","170","planktonic",576609,3434,1798.37364551564,773.072344110056,2,1.69372694892365,0.2318626881
"hja2016_107","57","hyporheic",593224,4255,2687.77005231062,1416.63125088518,4,3.17283636012271,0.08320617667
"hja2016_109","169","planktonic",57865,2842,1867.54099294727,1089.6569759839,2,1.72835378202123,0.3084101049
"hja2016_110","76","hyporheic",113511,2999,1965.81847295493,1188.91927238133,3,2.48215869541128,0.5300336208
"hja2016_111","160","planktonic",70927,3174,1727.18909310626,767.718953445604,5,3.40984862202119,0.4274193177
"hja2016_114","WS1-5","planktonic",113006,3404,1966.46450156183,918.105031215663,2,1.94398887507377,0.9227482014
"hja2016_116","53","planktonic",95148,3531,2237.46092888338,1286.10746713983,3,2.44824241263444,0.3413601101
"hja2016_119","56","planktonic",569135,3931,2260.35958717564,1008.89848463446,3,1.99782308074573,0.7405470238
"hja2016_121","84","hyporheic",517041,3399,1784.12131120239,797.855364779572,4,2.7942788657214,0.5896388792
"hja2016_122","45","sediment",81517,2808,1487.25761725243,689.15137899197,3,2.28600712207947,0.4297755376
"hja2016_125","56","sediment",74056,2731,1430.32510946349,641.288733839574,3,1.99782308074573,0.7405470238
"hja2016_164","260","sediment",554182,2844,1261.242927294,406.619769853213,4,2.93756803860038,0.1910497387
"hja2016_166","57","sediment",140459,2704,1301.72263356533,552.528924889254,4,3.17283636012271,0.08320617667
"hja2016_167","WS3-1","sediment",38034,2518,1443.16639471504,689.750310387691,2,1.98407703390283,0.3967839801
"hja2016_169","WS3-2","sediment",65290,2677,1517.50985549277,752.071958245028,2,1.98091193777684,0.3967839801
"hja2016_170","WS3-3","sediment",83042,2875,1474.48339125379,621.851874883452,2,1.97034687623009,0.3967839801
"hja2016_177","WS1-3","sediment",91264,2693,1435.68888098706,623.278193989151,2,1.96425963019685,0.9227482014
"hja2016_179","WS1-5","sediment",46199,2287,1162.64380267933,503.256066751901,2,1.94398887507377,0.9227482014
"hja2016_180","WS1-6","sediment",123733,2551,1110.24954073626,410.205923373536,2,1.91750550955255,0.9227482014
"hja2016_181","177","sediment",90007,2963,1552.50327184683,655.969982813643,1,1.17026171539496,0.4369310981
