"sample_id","site_code","habitat","pc1","pc2","pc1_percent","pc2_percent","utm_x_m","utm_y_m","stream_order","log_drainage_area","distance_to_outlet_km"
"hja2016_001","50","planktonic",-0.246803936492036,0.0005357884456124,24.363466890544,7.40935067168443,563054.321479503,4898132.73601802,5,3.69516634830587,0.429638789
"hja2016_010","164","planktonic",-0.240966722450427,0.00384470569626667,24.363466890544,7.40935067168443,560307.442789535,4895737.8417834,3,1.78390357927273,0.8483428208
"hja2016_011","WS1-6","planktonic",-0.232582872702376,-0.0586132663875243,24.363466890544,7.40935067168443,559631.472642313,4894993.87463913,2,1.91750550955255,0.9227482014
"hja2016_013","WS1-4","planktonic",-0.220179113597923,-0.0204621443451125,24.363466890544,7.40935067168443,559453.480502956,4895042.87247524,2,1.9532763366673,0.9227482014
"hja2016_027","WS3-6","planktonic",-0.248264384190124,-0.0237867340123851,24.363466890544,7.40935067168443,560819.420179147,4896235.81979127,2,1.89431606268444,0.4250078962
"hja2016_042","165","planktonic",-0.237830465310603,0.0239988936421435,24.363466890544,7.40935067168443,564789.244860317,4900155.64668049,2,1.4456042032736,0.2523794033
"hja2016_049","67","planktonic",-0.252537293884704,0.00808602553882938,24.363466890544,7.40935067168443,567119.141965387,4897968.74326041,4,3.19259532756921,0.1879016014
"hja2016_059","KC-2","planktonic",-0.231745639453947,-0.0456297444913426,24.363466890544,7.40935067168443,561999.368069268,4896735.79771081,3,2.05766610390983,0.7064290458
"hja2016_064","WS3-4","planktonic",-0.239502395386479,-0.0345958543779249,24.363466890544,7.40935067168443,560692.425787583,4896348.81480109,2,1.91009054559407,0.4250078962
"hja2016_099","162","planktonic",0.237869152810071,-0.0550517263741968,24.363466890544,7.40935067168443,559348.485139852,4895468.85366269,5,3.79297969024054,0.2226371993
"hja2016_100","64","planktonic",0.124394208363075,0.297996623763363,24.363466890544,7.40935067168443,570527.99142083,4895508.85189625,2,1.52504480703685,1.003388888
"hja2016_101","58","planktonic",0.225861770663921,0.00435630200534915,24.363466890544,7.40935067168443,566998.147308857,4898497.71989928,3,1.82736927305383,0.974246413
"hja2016_103","260","planktonic",0.192591000879593,-0.151074437734275,24.363466890544,7.40935067168443,566425.172613061,4897456.76587079,4,2.93756803860038,0.1910497387
"hja2016_105","178","planktonic",0.226346719036898,-0.0766073873377404,24.363466890544,7.40935067168443,566185.18321168,4901793.57434491,2,1.29885307640971,0.6017333146
"hja2016_106","170","planktonic",0.0853847766200788,0.355332509724627,24.363466890544,7.40935067168443,570659.985591589,4896908.79007097,2,1.69372694892365,0.2318626881
"hja2016_109","169","planktonic",0.186432343017558,-0.044266704520401,24.363466890544,7.40935067168443,568641.074752475,4902527.5419308,2,1.72835378202123,0.3084101049
"hja2016_111","160","planktonic",0.225785080785618,0.0698439950766652,24.363466890544,7.40935067168443,566416.173010509,4897492.764281,5,3.40984862202119,0.4274193177
"hja2016_114","WS1-5","planktonic",0.228244710509706,-0.0368863463025789,24.363466890544,7.40935067168443,559517.477676657,4895016.87362342,2,1.94398887507377,0.9227482014
"hja2016_116","53","planktonic",0.24078452858678,-0.0578133053619397,24.363466890544,7.40935067168443,568092.098996817,4898223.73199937,3,2.44824241263444,0.3413601101
"hja2016_119","56","planktonic",0.176718532195329,-0.159207192647432,24.363466890544,7.40935067168443,562839.3309741,4897811.75019367,3,1.99782308074573,0.7405470238
"hja2016_008","WS3-1","hyporheic",-0.045962596884897,0.0296426468882508,8.93991615537318,4.89647105392504,560508.433913191,4896516.80738205,2,1.98407703390283,0.3967839801
"hja2016_009","60","hyporheic",-0.052650049131242,0.147930379834119,8.93991615537318,4.89647105392504,567391.129953618,4898693.71124374,2,1.63447727016073,0.144250975
"hja2016_014","WS1-6","hyporheic",-0.0368870257022274,0.125770546751281,8.93991615537318,4.89647105392504,559631.472642313,4894993.87463913,2,1.91750550955255,0.9227482014
"hja2016_015","47","hyporheic",-0.0333902302678104,-0.0805089738956896,8.93991615537318,4.89647105392504,563254.31264732,4898130.73610634,4,3.19035971626532,0.2564510978
"hja2016_016","74","hyporheic",-0.0129259617561951,-0.0272071881476028,8.93991615537318,4.89647105392504,565310.221852481,4897724.75403567,2,1.84509804001426,0.1719794298
"hja2016_018","WS1-5","hyporheic",-0.0202578324728135,0.108088349182269,8.93991615537318,4.89647105392504,559517.477676657,4895016.87362342,2,1.94398887507377,0.9227482014
"hja2016_019","155","hyporheic",-0.0496645506611922,0.0687172168606526,8.93991615537318,4.89647105392504,565811.199727862,4897652.75721525,2,1.90955602924118,0.5117981462
"hja2016_020","WS1-2","hyporheic",-0.0440096932317008,-0.0178308712253934,8.93991615537318,4.89647105392504,559354.484874886,4895103.86978142,2,1.97127584873811,0.9227482014
"hja2016_021","156","hyporheic",-0.0396583938543385,-0.153173423710401,8.93991615537318,4.89647105392504,566141.185154761,4897558.76136638,5,3.41092899910269,0.4274193177
"hja2016_065","68","hyporheic",-0.045962182791344,0.0466436414322849,8.93991615537318,4.89647105392504,565145.229139031,4897899.74630751,5,3.48175784340849,0.4569712596
"hja2016_066","49","hyporheic",-0.063451384080798,0.108123691763732,8.93991615537318,4.89647105392504,563281.311454976,4898046.73981585,5,3.5313639415202,0.5481831477
"hja2016_070","56","hyporheic",-0.0218889932469612,-0.0330756175082186,8.93991615537318,4.89647105392504,562839.3309741,4897811.75019367,3,1.99782308074573,0.7405470238
"hja2016_071","164","hyporheic",-0.0608682647679667,-0.0309667476938836,8.93991615537318,4.89647105392504,560307.442789535,4895737.8417834,3,1.78390357927273,0.8483428208
"hja2016_075","260","hyporheic",-0.0526498881313934,-0.110511459082927,8.93991615537318,4.89647105392504,566425.172613061,4897456.76587079,4,2.93756803860038,0.1910497387
"hja2016_078","CC-1","hyporheic",-0.0634843848687771,-0.0496489353294925,8.93991615537318,4.89647105392504,569956.016680872,4897740.75332909,2,1.80617997398389,1.149935572
"hja2016_079","64","hyporheic",-0.0510115711345972,-0.0524190508733339,8.93991615537318,4.89647105392504,570527.99142083,4895508.85189625,2,1.52504480703685,1.003388888
"hja2016_084","177","hyporheic",-0.0483975791519738,0.193112837920837,8.93991615537318,4.89647105392504,565808.199860345,4901620.58198475,1,1.17026171539496,0.4369310981
"hja2016_031","161","hyporheic",-0.0357756681550707,0.0264711763378968,8.93991615537318,4.89647105392504,561109.407372482,4897170.77850081,5,3.75580627744535,0.3937080053
"hja2016_032","54","hyporheic",-0.0439335430958111,-0.0159644862531731,8.93991615537318,4.89647105392504,561802.376768968,4897363.76997776,3,2.3174364965351,0.360292001
"hja2016_035","192","hyporheic",-0.0368187186113867,0.0186687796531491,8.93991615537318,4.89647105392504,564620.252323511,4897836.74908965,2,1.45484486000851,0.2820450111
"hja2016_037","43","hyporheic",-0.0405301242337984,0.133387350821904,8.93991615537318,4.89647105392504,567346.131940859,4898257.7304979,1,0.89209460269048,0.3346174096
"hja2016_043","KC-2","hyporheic",-0.0514686855703481,-0.0499125736205202,8.93991615537318,4.89647105392504,561999.368069268,4896735.79771081,3,2.05766610390983,0.7064290458
"hja2016_050","165","hyporheic",-0.0569600909469117,-0.152072016650095,8.93991615537318,4.89647105392504,564789.244860317,4900155.64668049,2,1.4456042032736,0.2523794033
"hja2016_052","163","hyporheic",-0.0525379555173363,0.122336711517945,8.93991615537318,4.89647105392504,559726.468447026,4896111.82526722,5,3.78721952657586,0.1912144031
"hja2016_056","KC-1","hyporheic",-0.0738639376025594,-0.0800764633591178,8.93991615537318,4.89647105392504,562012.367495176,4896802.79475203,3,2.05956341790127,0.7064290458
"hja2016_057","71","hyporheic",-0.0465113944866634,-0.10929392408655,8.93991615537318,4.89647105392504,562662.338790582,4897988.74237719,3,2.00732095292274,0.6621800926
"hja2016_062","WS3-3","hyporheic",-0.0767826347241367,-0.143728481414695,8.93991615537318,4.89647105392504,560639.428128111,4896408.81215143,2,1.97034687623009,0.3967839801
"hja2016_102","73","hyporheic",0.339377316089771,-0.00334069757845612,8.93991615537318,4.89647105392504,566310.177691566,4896786.79545861,2,2.13672056715641,0.7499591592
"hja2016_107","57","hyporheic",0.347047378134464,-0.00485813328794892,8.93991615537318,4.89647105392504,563668.294364702,4898599.71539487,4,3.17283636012271,0.08320617667
"hja2016_110","76","hyporheic",0.324074194237901,-0.00712086966389831,8.93991615537318,4.89647105392504,570464.994202967,4896947.7883487,3,2.48215869541128,0.5300336208
"hja2016_121","84","hyporheic",0.247804446618148,-0.00718341558301396,8.93991615537318,4.89647105392504,566447.171641521,4900685.6232752,4,2.7942788657214,0.5896388792
"hja2016_127","60","sediment",-0.0742966484494783,0.00364662837101903,16.8911913148136,13.5809257375384,567391.129953618,4898693.71124374,2,1.63447727016073,0.144250975
"hja2016_129","72","sediment",-0.0286324968149583,-0.0852893153297928,16.8911913148136,13.5809257375384,566542.167446234,4896499.80813279,4,2.75457765604473,0.2265243578
"hja2016_131","74","sediment",-0.0250934389152295,-0.0812881642837093,16.8911913148136,13.5809257375384,565310.221852481,4897724.75403567,2,1.84509804001426,0.1719794298
"hja2016_132","84","sediment",0.154130075824579,-0.0755596049542354,16.8911913148136,13.5809257375384,566447.171641521,4900685.6232752,4,2.7942788657214,0.5896388792
"hja2016_133","161","sediment",0.298669959288499,0.000757349520743804,16.8911913148136,13.5809257375384,561109.407372482,4897170.77850081,5,3.75580627744535,0.3937080053
"hja2016_135","169","sediment",0.152949635718954,-0.0833735289126506,16.8911913148136,13.5809257375384,568641.074752475,4902527.5419308,2,1.72835378202123,0.3084101049
"hja2016_136","190","sediment",-0.092213560914601,-0.161020412599834,16.8911913148136,13.5809257375384,564169.272240084,4897881.7471024,1,1.15228834438306,0.8057817733
"hja2016_139","CC-2","sediment",-0.0919260300916155,0.100660966345926,16.8911913148136,13.5809257375384,569992.01509108,4897760.75244588,2,1.80345711564841,1.149935572
"hja2016_140","CC-3","sediment",-0.077403607746044,-0.122907311931641,16.8911913148136,13.5809257375384,570038.013059678,4897795.75090024,2,1.79934054945358,1.149935572
"hja2016_141","CC-4","sediment",-0.0766567653605265,-0.15749165460134,16.8911913148136,13.5809257375384,570162.007583724,4897831.74931045,2,1.76715586608218,1.149935572
"hja2016_142","KC-1","sediment",-0.115694406145441,-0.0966885261455303,16.8911913148136,13.5809257375384,562012.367495176,4896802.79475203,3,2.05956341790127,0.7064290458
"hja2016_144","KC-3","sediment",-0.111263231066568,-0.105289478527461,16.8911913148136,13.5809257375384,562000.368025107,4896680.80013966,3,2.05690485133647,0.7064290458
"hja2016_145","155","sediment",-0.0299221732890338,-0.0847308501543279,16.8911913148136,13.5809257375384,565811.199727862,4897652.75721525,2,1.90955602924118,0.5117981462
"hja2016_146","156","sediment",-0.0765553696589292,-0.118842489075577,16.8911913148136,13.5809257375384,566141.185154761,4897558.76136638,5,3.41092899910269,0.4274193177
"hja2016_147","163","sediment",0.29294809823927,-0.00856552536887307,16.8911913148136,13.5809257375384,559726.468447026,4896111.82526722,5,3.78721952657586,0.1912144031
"hja2016_148","165","sediment",-0.0915689006820746,0.0896555578065051,16.8911913148136,13.5809257375384,564789.244860317,4900155.64668049,2,1.4456042032736,0.2523794033
"hja2016_150","53","sediment",-0.118002228862553,-0.0851535572053758,16.8911913148136,13.5809257375384,568092.098996817,4898223.73199937,3,2.44824241263444,0.3413601101
"hja2016_151","64","sediment",0.290981989830327,-0.00818909001148975,16.8911913148136,13.5809257375384,570527.99142083,4895508.85189625,2,1.52504480703685,1.003388888
"hja2016_152","66","sediment",-0.0860519951920618,-0.100958969431683,16.8911913148136,13.5809257375384,567970.104384448,4898153.73509064,4,3.13376238478735,0.1533509319
"hja2016_155","82","sediment",-0.091148852473637,0.0986982613164579,16.8911913148136,13.5809257375384,564452.259742545,4899854.65997292,2,1.56348108539441,0.4362855652
"hja2016_157","43","sediment",-0.0662881607431658,0.169110850487059,16.8911913148136,13.5809257375384,567346.131940859,4898257.7304979,1,0.89209460269048,0.3346174096
"hja2016_159","49","sediment",-0.126663904888472,-0.0182626580804293,16.8911913148136,13.5809257375384,563281.311454976,4898046.73981585,5,3.5313639415202,0.5481831477
"hja2016_160","50","sediment",-0.0153490940550769,0.287361934550824,16.8911913148136,13.5809257375384,563054.321479503,4898132.73601802,5,3.69516634830587,0.429638789
"hja2016_122","45","sediment",-0.128442901959341,-0.00571243282680418,16.8911913148136,13.5809257375384,565977.192397151,4897892.74661664,3,2.28600712207947,0.4297755376
"hja2016_125","56","sediment",-0.124819569024376,-0.0113602847617342,16.8911913148136,13.5809257375384,562839.3309741,4897811.75019367,3,1.99782308074573,0.7405470238
"hja2016_164","260","sediment",-0.0619010121942844,-0.0925136705993638,16.8911913148136,13.5809257375384,566425.172613061,4897456.76587079,4,2.93756803860038,0.1910497387
"hja2016_166","57","sediment",-0.0145904277883957,0.280908356629272,16.8911913148136,13.5809257375384,563668.294364702,4898599.71539487,4,3.17283636012271,0.08320617667
"hja2016_167","WS3-1","sediment",0.288637526523193,0.00327813064606986,16.8911913148136,13.5809257375384,560508.433913191,4896516.80738205,2,1.98407703390283,0.3967839801
"hja2016_169","WS3-2","sediment",0.289440901500786,0.00309286266586547,16.8911913148136,13.5809257375384,560554.431881789,4896487.80866272,2,1.98091193777684,0.3967839801
"hja2016_170","WS3-3","sediment",-0.0610382779078339,0.184969838051892,16.8911913148136,13.5809257375384,560639.428128111,4896408.81215143,2,1.97034687623009,0.3967839801
"hja2016_177","WS1-3","sediment",0.160444538413121,-0.0711534857609865,16.8911913148136,13.5809257375384,559404.482666841,4895069.8712829,2,1.96425963019685,0.9227482014
"hja2016_179","WS1-5","sediment",-0.0679224281317025,-0.110369918528753,16.8911913148136,13.5809257375384,559517.477676657,4895016.87362342,2,1.94398887507377,0.9227482014
"hja2016_180","WS1-6","sediment",-0.019667831215098,0.2819355433043,16.8911913148136,13.5809257375384,559631.472642313,4894993.87463913,2,1.91750550955255,0.9227482014
"hja2016_181","177","sediment",-0.0550894117684769,0.180644649395647,16.8911913148136,13.5809257375384,565808.199860345,4901620.58198475,1,1.17026171539496,0.4369310981
