"sample_id","site_code","habitat","reads","observed_asvs","singleton_asvs","goods_coverage","meets_10000_reads"
"hja2016_001","50","planktonic",15203,365,5,0.99967111754259,TRUE
"hja2016_002","WS3-1","planktonic",7691,218,4,0.999479911584969,FALSE
"hja2016_003","WS1-7","hyporheic",6567,417,17,0.997411298918837,FALSE
"hja2016_005","50","hyporheic",12557,280,1,0.999920363144063,TRUE
"hja2016_008","WS3-1","hyporheic",22897,822,8,0.99965060925012,TRUE
"hja2016_009","60","hyporheic",28180,749,6,0.999787083037615,TRUE
"hja2016_010","164","planktonic",14451,259,0,1,TRUE
"hja2016_011","WS1-6","planktonic",148270,1558,13,0.99991232211506,TRUE
"hja2016_013","WS1-4","planktonic",24949,931,12,0.999519018798349,TRUE
"hja2016_014","WS1-6","hyporheic",23257,770,10,0.999570021928882,TRUE
"hja2016_015","47","hyporheic",12268,419,7,0.999429409846756,TRUE
"hja2016_016","74","hyporheic",13284,276,4,0.999698885877748,TRUE
"hja2016_018","WS1-5","hyporheic",41082,1266,12,0.99970790127063,TRUE
"hja2016_019","155","hyporheic",19861,683,8,0.999597200543779,TRUE
"hja2016_020","WS1-2","hyporheic",100353,1857,11,0.999890386934123,TRUE
"hja2016_021","156","hyporheic",35465,409,4,0.99988721274496,TRUE
"hja2016_027","WS3-6","planktonic",29534,902,11,0.999627547910882,TRUE
"hja2016_029","192","planktonic",9217,324,20,0.997830096560703,FALSE
"hja2016_030","190","planktonic",7171,188,15,0.997908241528378,FALSE
"hja2016_065","68","hyporheic",14481,910,15,0.998964159933706,TRUE
"hja2016_066","49","hyporheic",116149,1444,4,0.999965561477068,TRUE
"hja2016_070","56","hyporheic",31464,700,4,0.999872870582253,TRUE
"hja2016_071","164","hyporheic",28407,1638,28,0.999014327454501,TRUE
"hja2016_075","260","hyporheic",22114,723,6,0.999728678665099,TRUE
"hja2016_078","CC-1","hyporheic",20271,785,7,0.999654679098219,TRUE
"hja2016_079","64","hyporheic",25161,911,7,0.999721791661699,TRUE
"hja2016_080","360","hyporheic",8009,299,3,0.999625421400924,FALSE
"hja2016_081","160","hyporheic",9337,437,11,0.998821891399807,FALSE
"hja2016_084","177","hyporheic",44478,721,9,0.999797652772157,TRUE
"hja2016_127","60","sediment",70047,4298,268,0.996173997458849,TRUE
"hja2016_128","68","sediment",625,85,33,0.9472,FALSE
"hja2016_129","72","sediment",127706,5424,212,0.998339937042895,TRUE
"hja2016_131","74","sediment",883738,10214,97,0.999890238962226,TRUE
"hja2016_132","84","sediment",919986,8749,62,0.999932607670117,TRUE
"hja2016_133","161","sediment",72059,3951,189,0.997377149280451,TRUE
"hja2016_135","169","sediment",123455,4754,205,0.998339475922401,TRUE
"hja2016_136","190","sediment",138898,4921,216,0.998444902014428,TRUE
"hja2016_139","CC-2","sediment",140227,5617,215,0.998466771734402,TRUE
"hja2016_140","CC-3","sediment",205891,5390,125,0.999392882641786,TRUE
"hja2016_141","CC-4","sediment",156782,4914,204,0.998698830222857,TRUE
"hja2016_142","KC-1","sediment",676967,6578,94,0.999861145373408,TRUE
"hja2016_144","KC-3","sediment",480196,5972,110,0.999770926871527,TRUE
"hja2016_145","155","sediment",124377,5641,219,0.998239224293881,TRUE
"hja2016_146","156","sediment",132956,4683,138,0.998962062637264,TRUE
"hja2016_147","163","sediment",116303,4623,139,0.998804845962701,TRUE
"hja2016_148","165","sediment",110482,5171,216,0.998044930395902,TRUE
"hja2016_149","170","sediment",369,162,73,0.802168021680217,FALSE
"hja2016_150","53","sediment",137116,5665,255,0.998140260801074,TRUE
"hja2016_151","64","sediment",964977,9626,76,0.999921241646174,TRUE
"hja2016_152","66","sediment",799955,8834,152,0.999809989311899,TRUE
"hja2016_155","82","sediment",116837,5303,218,0.998134152708474,TRUE
"hja2016_157","43","sediment",96913,4706,268,0.997234633124555,TRUE
"hja2016_158","47","sediment",1077,261,75,0.930362116991643,FALSE
"hja2016_159","49","sediment",83304,4438,220,0.997359070392778,TRUE
"hja2016_160","50","sediment",236788,4856,131,0.999446762504857,TRUE
"hja2016_183","HJA-2016_soil_01","soil",804564,7209,60,0.99992542544782,TRUE
"hja2016_184","HJA-2016_soil_03","soil",68951,2398,81,0.998825252715697,TRUE
"hja2016_185","HJA-2016_soil_04","soil",46147,1281,47,0.998981515591479,TRUE
"hja2016_188","HJA-2016_soil_07","soil",53759,888,20,0.999627969270262,TRUE
"hja2016_189","HJA-2016_soil_08","soil",151838,2030,30,0.99980242100133,TRUE
"hja2016_190","HJA-2016_soil_09","soil",34900,1653,88,0.997478510028653,TRUE
"hja2016_191","HJA-2016_soil_10","soil",45834,1049,16,0.999650914168521,TRUE
"hja2016_031","161","hyporheic",12209,239,4,0.999672372839708,TRUE
"hja2016_032","54","hyporheic",14201,387,6,0.999577494542638,TRUE
"hja2016_035","192","hyporheic",30527,572,23,0.999246568611393,TRUE
"hja2016_037","43","hyporheic",13968,381,6,0.999570446735395,TRUE
"hja2016_040","190","hyporheic",9607,226,12,0.998750910794213,FALSE
"hja2016_042","165","planktonic",12819,338,6,0.999531944769483,TRUE
"hja2016_043","KC-2","hyporheic",20270,435,11,0.999457326097681,TRUE
"hja2016_044","156","planktonic",10328,179,3,0.999709527498064,TRUE
"hja2016_049","67","planktonic",13815,244,24,0.998262757871878,TRUE
"hja2016_050","165","hyporheic",48004,875,7,0.999854178818432,TRUE
"hja2016_052","163","hyporheic",61105,1388,19,0.999689059815072,TRUE
"hja2016_056","KC-1","hyporheic",49037,1115,23,0.999530966413117,TRUE
"hja2016_057","71","hyporheic",13771,469,12,0.999128603587249,TRUE
"hja2016_059","KC-2","planktonic",19642,817,155,0.992108746563486,TRUE
"hja2016_062","WS3-3","hyporheic",90648,1717,19,0.999790398023122,TRUE
"hja2016_064","WS3-4","planktonic",22148,566,23,0.998961531515261,TRUE
"hja2016_099","162","planktonic",70870,5627,422,0.994045435304078,TRUE
"hja2016_100","64","planktonic",80837,5134,469,0.994198201318703,TRUE
"hja2016_101","58","planktonic",69823,5430,473,0.993225727912006,TRUE
"hja2016_102","73","hyporheic",44648,4124,401,0.991018634653288,TRUE
"hja2016_103","260","planktonic",69136,4786,336,0.995140013885675,TRUE
"hja2016_105","178","planktonic",69430,4820,407,0.994137980699986,TRUE
"hja2016_106","170","planktonic",579943,9853,286,0.999506848086795,TRUE
"hja2016_107","57","hyporheic",594437,12078,182,0.999693827941397,TRUE
"hja2016_109","169","planktonic",57915,3780,189,0.996736596736597,TRUE
"hja2016_110","76","hyporheic",113718,4340,114,0.998997520181502,TRUE
"hja2016_111","160","planktonic",71018,5332,492,0.993072178884226,TRUE
"hja2016_114","WS1-5","planktonic",113466,6392,439,0.996130999594592,TRUE
"hja2016_116","53","planktonic",95287,6089,348,0.996347875366,TRUE
"hja2016_119","56","planktonic",569978,11243,213,0.999626301366018,TRUE
"hja2016_121","84","hyporheic",520108,9234,229,0.99955970683012,TRUE
"hja2016_122","45","sediment",81642,4524,281,0.996558144092501,TRUE
"hja2016_123","54","sediment",276,10,3,0.989130434782609,FALSE
"hja2016_125","56","sediment",74159,4353,293,0.996049029787349,TRUE
"hja2016_126","58","sediment",4588,410,81,0.982345248474281,FALSE
"hja2016_161","65","sediment",204,24,11,0.946078431372549,FALSE
"hja2016_164","260","sediment",558490,7475,193,0.999654425325431,TRUE
"hja2016_165","360","sediment",36,2,0,1,FALSE
"hja2016_166","57","sediment",142090,4854,146,0.998972482229573,TRUE
"hja2016_167","WS3-1","sediment",38097,3295,285,0.99251909599181,TRUE
"hja2016_168","WS3-4","sediment",196,39,11,0.943877551020408,FALSE
"hja2016_169","WS3-2","sediment",65373,3901,216,0.996695883621679,TRUE
"hja2016_170","WS3-3","sediment",83233,4682,317,0.996191414463014,TRUE
"hja2016_171","WS3-5","sediment",116,40,18,0.844827586206897,FALSE
"hja2016_174","WS1-8","sediment",6532,747,114,0.982547458665034,FALSE
"hja2016_176","WS1-2","sediment",64,18,12,0.8125,FALSE
"hja2016_177","WS1-3","sediment",91368,4294,240,0.997373259784607,TRUE
"hja2016_179","WS1-5","sediment",46471,3199,301,0.993522842202664,TRUE
"hja2016_180","WS1-6","sediment",125211,4713,296,0.997635990448124,TRUE
"hja2016_181","177","sediment",90331,4921,310,0.996568177037783,TRUE
"hja2016_193","HJA-2016_soil_12","soil",87552,2222,86,0.999017726608187,TRUE
"hja2016_194","HJA-2016_soil_13","soil",61413,4271,346,0.994366013710452,TRUE
"hja2016_195","HJA-2016_soil_14","soil",363982,4900,107,0.999706029419037,TRUE
"hja2016_196","HJA-2016_soil_16","soil",1104671,13351,122,0.999889559878009,TRUE
"hja2016_197","HJA-2016_soil_17","soil",45147,2011,83,0.998161561122555,TRUE
"hja2016_198","HJA-2016_soil_18","soil",190457,5572,139,0.999270176470279,TRUE
"hja2016_199","HJA-2016_soil_19","soil",133349,4029,126,0.999055111024455,TRUE
"hja2016_200",,"soil",249607,6188,150,0.999399055314955,TRUE
