"site_code","fticr_source_column","sediment_sample_id","planktonic_sample_id","hyporheic_sample_id","stream_master_row","hyporheic_master_row","sediment_master_row","include_sediment_multiblock","site_utm_x_m","site_utm_y_m","site_segment_number","site_drainage_area_ha","site_valley_slope_m_m","site_stream_slope_m_m","site_valley_width_m","site_segment_valley_avg_slope_m_m","site_segment_stream_avg_slope_m_m","site_segment_valley_avg_width_m","site_stream_order","site_segment_sinuosity_m_m","site_distance_to_outlet_m","sediment_hydraulic_conductivity_geomean_m_s","sediment_piezometer_depth_top_m","sediment_piezometer_depth_bottom_m","site_channel_width_m","site_channel_depth_m","site_discharge_downstream_m3_s","site_discharge_upstream_m3_s","site_peak_travel_time_hr","site_velocity_m_s","surface_water_temperature_c","surface_do_mg_l","surface_do_percent_saturation","surface_npoc_mg_l","surface_suva254","surface_spectral_slope_ratio","surface_tdn_mg_l","surface_integrated_absorbance_300_400_1_m","surface_absorbance_254_1_m","surface_absorbance_300_1_m","surface_absorbance_340_1_m","surface_absorbance_380_1_m","surface_spectral_slope_ratio_275_295_to_300_350","surface_integrated_fluorescence_ru","surface_eem_peak_a_ru","surface_eem_peak_c_ru","surface_eem_peak_t_ru","surface_fluorescence_index","surface_chloride_mg_l","surface_sulfate_mg_l","surface_sodium_mg_l","surface_potassium_mg_l","surface_magnesium_mg_l","surface_calcium_mg_l","surface_po4_mg_l","surface_no2_no3_mg_l_as_no3","surface_nh3_mg_l_as_nh3","hyporheic_water_temperature_c","hyporheic_do_mg_l","hyporheic_do_percent_saturation","hyporheic_npoc_mg_l","hyporheic_suva254","hyporheic_spectral_slope_ratio","hyporheic_tdn_mg_l","hyporheic_integrated_absorbance_300_400_1_m","hyporheic_absorbance_254_1_m","hyporheic_eem_peak_a_ru","hyporheic_eem_peak_c_ru","hyporheic_eem_peak_t_ru","hyporheic_fluorescence_index","hyporheic_chloride_mg_l","hyporheic_sulfate_mg_l","hyporheic_sodium_mg_l","hyporheic_potassium_mg_l","hyporheic_magnesium_mg_l","hyporheic_calcium_mg_l","hyporheic_po4_mg_l","hyporheic_no2_no3_mg_l_as_no3","hyporheic_nh3_mg_l_as_nh3","sediment_organic_content_percent","sediment_organic_content_duplicate_percent","sediment_nag_umol_g_hr","sediment_lap_umol_g_hr","sediment_glu_umol_g_hr","sediment_ap_umol_g_hr","sediment_nag_duplicate_umol_g_hr","sediment_lap_duplicate_umol_g_hr","sediment_glu_duplicate_umol_g_hr","sediment_ap_duplicate_umol_g_hr","sediment_d10_um","sediment_d50_um","sediment_d90_um","sediment_gravel_percent","sediment_sand_percent","sediment_mud_percent"
"CC-1",15,,,"hja2016_078",43,105,167,FALSE,569956.016680872,4897740.75332909,183,64,-0.155122752,-0.151216706,10.55296355,-0.213735233,-0.18727205,13.68139482,2,1.140837362,1149.935572,0.000131,0.66,0.81,3.24,0.109,0.053162319,0.061664849,0.07138889,0.266,8.3,10.87,92.5,2.164,1.006290176,1.324152578,0.06247,81.118624516,1.757845559,0.736803417,0.83195196,0.427532814,1.308684626,849.65486697,0.061584091,0.026729933,0.188551384,1.114517491,1.17,0.85,2.3101,1.4619,1.8959,5.486,0.07,0.06,0.06,10.8,10.74,97.1,1.685,1.05968673,1.119200496,0.03695,68.871892447,1.60073034,0.060106181,0.025500648,0.068280745,1.607983991,0.94,0.85,2.2364,1.4106,1.9052,5.5091,0.06,0.07,0.06,4.9,,0.00327,0.24856,0.03735,0.05853,,,,,63659.94562,74250.63129,86603.21956,0.994605798,0.005394202,0
"CC-4",16,"hja2016_141",,,46,108,170,TRUE,570162.007583724,4897831.74931045,183,58.5,-0.155122752,-0.151216706,10.55296355,-0.213735233,-0.18727205,13.68139482,2,1.140837362,1149.935572,9.08e-06,0.66,0.81,7.07,0.202,0.056648165,0.054225795,0.093611112,0.169,9.6,10.43,91.5,1.087,2.460558294,1.836236847,0.02196,93.023630701,2.097523546,0.835160246,0.967327189,0.478635605,1.350505074,794.903229739,0.078653699,0.035518646,0.083159109,1.469328396,1.38,0.9,2.2602,1.4643,1.908,5.5803,0.06,0.06,0.04,12.3,10.22,95.5,1.743,1.266473142,2.004073407,0.03567,71.067317795,1.757533232,0.065882183,0.024418333,0.065883932,1.148382601,1.01,0.85,2.2655,1.4757,1.8732,5.4396,0.07,0.04,0.06,7.501,,0.00923,0.44178,0.09119,0.10884,,,,,30283.97341,73727.97701,86480.95385,0.992192133,0.007807867,0
"CC-3",17,"hja2016_140",,,45,107,169,TRUE,570038.013059678,4897795.75090024,183,63,-0.155122752,-0.151216706,10.55296355,-0.213735233,-0.18727205,13.68139482,2,1.140837362,1149.935572,4.13e-05,0.66,0.81,6.33,0.1,0.056398572,0.056910503,0.053402779,0.223,9.2,10.58,92.2,1.714,1.415617362,1.545366937,0.01987,79.525910212,2.075387554,0.691076105,0.810296319,0.410295525,1.428729953,590.644781775,0.050068194,0.024916364,0.097239104,1.446557694,1.1,0.73,2.2023,1.4104,1.852,5.4021,0.06,0.04,0.05,12.1,10.32,96,1.382,1.457977839,1.322146622,0.03505,147.613415727,2.075627336,0.062162685,0.025516767,0.083187292,1.428945115,1.15,1.05,1.9079,1.2955,1.5359,4.5325,0.07,0.05,0.07,5.427,,0.01186,0.66891,0.17607,0.11498,,,,,64283.41931,74653.75443,86697.05362,0.996003899,0.003996101,0
"CC-2",18,"hja2016_139",,,44,106,168,TRUE,569992.01509108,4897760.75244588,183,63.6,-0.155122752,-0.151216706,10.55296355,-0.213735233,-0.18727205,13.68139482,2,1.140837362,1149.935572,0.000118,0.66,0.81,1.05,0.174,0.051296193,0.042137953,0.044166667,0.214,8.8,10.69,92.1,1.877,1.52354901,1.778603702,0.03006,75.188483742,2.215665357,0.664479711,0.768738834,0.39364492,1.392979931,563.137690914,0.042889167,0.023515026,0.08776696,1.434980923,0.95,0.89,2.1236,1.3396,1.8207,5.3491,0.07,0.08,0.03,12.7,9.19,86.7,1.595,1.118857125,1.000294013,0.03845,82.326799335,1.473371279,0.060211707,0.025601586,0.056634756,1.445837125,1.14,0.84,2.2159,1.3807,1.782,5.1414,0.06,0.04,0.07,4.973,,0.00576,0.36724,0.06108,0.10198,,,,,63712.17438,74284.4683,86611.11137,0.995006778,0.004993222,0
"KC-2",19,,"hja2016_059","hja2016_043",48,110,172,FALSE,561999.368069268,4896735.79771081,362,114.2,-0.012821152,-0.012018235,17.43566188,-0.186179776,-0.164364648,12.37247517,3,1.149766142,706.4290458,0.000134,0.66,0.81,2.08,0.045,0.002126998,0.002608184,0.12277778,0.041,13.7,9.64,92.9,2.131,1.267010793,0.970686137,0,141.991215013,2.62670933,1.270770167,1.511390248,0.703162816,0.899329628,1053.9531408,0.110238036,0.051964293,0.057535244,1.421774592,1.61,1.15,2.2136,0.659,1.2498,3.9617,0.04,0.03,0.09,17.1,9.26,96.2,2.119,1.604530439,0.975677508,0,157.597310965,2.972793601,0.128352987,0.054760013,0.083700569,1.411291846,1.11,0.78,2.6305,0.7321,1.5134,4.6599,0.05,,,6.323,,0,0.10507,0.01392,0.04423,,,,,28405.55173,73323.39129,86385.83117,0.995268972,0.004731028,0
"WS1-6",20,"hja2016_180","hja2016_011","hja2016_014",55,117,179,TRUE,559631.472642313,4894993.87463913,522,82.7,-0.097344677,-0.085790151,8.081395546,-0.160328262,-0.138776822,12.4507635,2,1.167716063,922.7482014,0.000186,0.62,0.77,0.7,0.102,,,,,14.8,7.86,77.4,1.721,2.100190506,1.037725175,0,219.969949027,3.476562644,1.850980462,2.313009778,1.283882809,1.14772757,1410.941535515,0.194252847,0.095085065,0.053824501,1.472483401,1.48,1.44,3.308176701,0.914889857,1.5318,5.4512,0.04,0,0.05,18.5,5.2,56.1,2.088,1.48467433,0.985892988,0,155.957126059,2.991174997,0.152105801,0.067348973,0.050980908,1.496820097,1.18,1.22,3.7302,0.4242,1.3476,7.0156,0.05,0.01,0.08,4.468,4.065,0,0.05436,0.01035,0.0203,0,0.09484,0.01995,0.03005,,,,,,
"KC-4",21,,,,50,112,174,FALSE,561995.368245912,4896630.80234771,362,113.7,-0.012821152,-0.012018235,17.43566188,-0.186179776,-0.164364648,12.37247517,3,1.149766142,706.4290458,4.01e-05,0.66,0.81,2.2,0.051,0.002632898,0.002828525,0.143055554,0.05,13.6,9.21,88.6,1.542,1.815500965,1.012338864,0,160.960428464,2.836214947,1.355492335,1.705790864,0.888065285,1.095999975,957.922997788,0.107622466,0.050045515,0.064827406,1.384499795,1.22,0.65,2.864568967,1.217530935,1.9397,4.5317,0.03,0,0.03,16.2,8.97,91.3,1.814,1.764057332,0.971589366,0,167.625548595,2.772556347,0.113458215,0.048891537,0.074171338,1.450333026,1.1,0.8,2.6551,0.7368,1.5227,4.6344,0.03,0,0.06,5.984,,0.00286,0.07999,0.01342,0.10628,,,,,63991.42699,74465.17656,86653.20937,0.995595469,0.004404531,0
"KC-1",22,"hja2016_142",,"hja2016_056",47,109,171,TRUE,562012.367495176,4896802.79475203,362,114.7,-0.012821152,-0.012018235,17.43566188,-0.186179776,-0.164364648,12.37247517,3,1.149766142,706.4290458,0.000118,0.66,0.81,1.43,0.037,0.002562848,0.00223628,0.141944446,0.029,13.8,9.6,92.7,1.817,1.501846847,0.953823645,0,153.642298526,2.522455605,1.359231212,1.635453615,0.767889323,0.908698231,1107.695928427,0.110729716,0.055994026,0.070692267,1.364405633,1.27,0.75,2.7388,0.7295,1.5725,4.9188,0.05,0,0.05,17.6,9.23,96.7,1.854,1.833872708,0.975677508,0,167.80858166,3.010292965,0.121416045,0.054919489,0.053977618,1.378555202,1.27,0.73,1.6787,0.5756,0.8918,2.8615,0.04,0,0.05,6.189,,0.00452,0.13394,0.03201,0.04792,,,,,,,,,,
"KC-3",23,"hja2016_144",,,49,111,173,TRUE,562000.368025107,4896680.80013966,362,114,-0.012821152,-0.012018235,17.43566188,-0.186179776,-0.164364648,12.37247517,3,1.149766142,706.4290458,0.000274,0.66,0.81,1.25,0.125,0.00277068,0.043465598,0.043611112,0.073,13.6,9.49,91.3,2.022,1.639921067,1.178404658,0,173.132464711,3.454380891,1.437800117,1.821422926,0.992108343,1.285941323,1032.875749421,0.103910331,0.051276778,0.071171043,1.371213607,1.27,0.72,2.464,0.6848,1.4559,4.5423,,,,15.4,9.39,93.9,2.363,1.227253491,0.862990163,0,166.972453627,2.823154862,0.124335412,0.054591001,0.08730412,1.432544323,1.3,0.82,2.8063,0.7665,1.6267,5.0104,,0,0.06,5.552,,0,0.05897,0.00751,0.0286,,,,,27427.6002,73453.8108,86416.54004,0.99010291,0.00989709,0
"WS1-2",24,"hja2016_176",,"hja2016_020",51,113,175,TRUE,559354.484874886,4895103.86978142,522,93.6,-0.097344677,-0.085790151,8.081395546,-0.160328262,-0.138776822,12.4507635,2,1.167716063,922.7482014,2.94e-05,0.66,0.81,1.21,0.197,,,,,14.3,7.8,76.2,1.209,2.01556321,1.152666605,0,129.285931111,2.346824444,1.114551112,1.359573612,0.710557822,1.186731871,1022.534688118,0.130358933,0.063115601,0.080991118,1.460555061,1.24,1.52,3.99252579,0.936731272,2.0244,7.5496,0.04,0,0.11,18.7,8.33,89.4,2.399,1.210081315,1.319775436,0.03941,117.337862913,2.43712262,0.132665566,0.059289438,0.066291419,1.507469438,1.56,1.62,3.518,0.3975,1.4352,7.0903,0.04,0.01,0.21,5.197,,0.00154,0.05325,0.01346,0.01718,,,,,26326.551,72547.47221,86202.22278,0.997602978,0.002397022,0
"WS1-3",25,"hja2016_177",,,52,114,176,TRUE,559404.482666841,4895069.8712829,522,92.1,-0.097344677,-0.085790151,8.081395546,-0.160328262,-0.138776822,12.4507635,2,1.167716063,922.7482014,0.000292,0.66,0.81,0.89,0.019,,,,,14.3,8.55,83.4,1.307,1.884228437,1.12182333,0,202.276344311,2.871405194,1.531949762,2.112071207,1.324883979,1.400927978,1172.643151959,0.140514232,0.064670065,0.092364023,1.488858063,1.19,1.08,3.787634815,0.924376609,1.8947,6.9172,0.04,0.04,0.06,14.3,8.55,89.7,2.689,1.086978643,1.31498605,0,145.576324169,2.820169009,0.14617593,0.063919783,0.094119386,1.511762401,1.41,1.27,3.715,0.4155,1.4802,7.4349,0.04,0,0.07,7.813,,0.0087,0.17671,0.02898,0.05733,,,,,27565.53868,73154.87974,86346.0883,0.99489922,0.00510078,0
"WS1-7",26,,,"hja2016_003",56,118,180,FALSE,559691.469992658,4894971.87561067,522,76,-0.097344677,-0.085790151,8.081395546,-0.160328262,-0.138776822,12.4507635,2,1.167716063,922.7482014,0.000147,0.66,0.81,1.47,0.109,,,,,15,8.88,88.1,0.9888,3.526562173,0.740920136,0,216.954424615,3.525805217,1.887686617,2.300287061,1.175796385,0.894383096,1467.906250213,0.207840885,0.099591263,0.049817922,1.46929088,1,1.34,3.719129169,0.954500145,1.7167,6.5586,0.04,0.01,0.08,18.4,8.29,88.6,3.48,1.32183908,0.895166459,0.02962,238.650386123,4.504038842,0.206821649,0.09114275,0.091402038,1.501964373,1.45,1.77,3.8131,0.4588,1.397,7.3301,0.07,0.01,0.05,8.317,,0.00614,0.09478,0.01607,0.02909,,,,,,,,,,
"WS1-8",27,"hja2016_174",,,57,119,181,TRUE,559768.466592268,4894955.87631724,522,73.5,-0.097344677,-0.085790151,8.081395546,-0.160328262,-0.138776822,12.4507635,2,1.167716063,922.7482014,0.00029,0.66,0.81,0.7,0.022,,,,,15,9.01,89.3,2.376,1.709884919,0.9265807,0.03377,241.828587155,3.926376634,2.056619688,2.57219168,1.342573242,1.020657796,1549.266324243,0.21359792,0.101168111,0.087304699,1.467505523,1.16,1.22,3.950728909,0.95638538,1.8015,6.9376,0.04,0.02,0.05,17.2,8.3,86.7,3.522,1.391961261,1.33760292,0.02277,235.080564011,4.541366561,0.228076876,0.103510914,0.061220881,1.469631455,0.79,0.61,3.6066,0.4176,1.329,7.1526,0.07,0.03,0.06,4.918,5.322,0,0.09737,0.01517,0.0369,0,0.03799,0.0108,0.03041,,,,,,
"WS1-5",28,"hja2016_179","hja2016_114","hja2016_018",54,116,178,TRUE,559517.477676657,4895016.87362342,522,87.9,-0.097344677,-0.085790151,8.081395546,-0.160328262,-0.138776822,12.4507635,2,1.167716063,922.7482014,2.64e-05,0.66,0.81,0.75,0.102,,,,,15.7,8.58,86.1,2.015,1.624878091,1.087483253,0,310.735051273,3.956709071,2.195696422,3.158231694,2.229563785,1.621162769,1382.227493469,0.180578916,0.087466116,0.087304699,1.467505523,1.29,1.69,3.660728921,0.916606543,1.6913,6.1288,0.04,0,0.14,18.5,7.71,82.1,1.973,1.990049751,1.027023569,0,181.481871143,3.67099528,0.188970379,0.081648724,0.063462688,1.503183757,1.34,1.43,3.6317,0.4198,1.3308,6.8314,0.04,0.01,0.06,6.406,,0.0098,0.12098,0.03513,0.03246,,,,,,,,,,
"WS1-4",29,,"hja2016_013",,53,115,177,FALSE,559453.480502956,4895042.87247524,522,89.8,-0.097344677,-0.085790151,8.081395546,-0.160328262,-0.138776822,12.4507635,2,1.167716063,922.7482014,8.81e-05,0.66,0.81,0.96,0.023,,,,,14.8,8.84,87.3,2.383,1.431157264,1.114550747,0,182.287264908,3.326465943,1.572945217,1.931549948,0.974884686,1.083668511,1368.992424647,0.186866256,0.086210403,0.053824501,1.472483401,1.28,1.48,3.927857355,0.961383457,1.8561,6.6621,0.04,0.01,0.06,17.3,6.1,63.8,2.953,1.389260942,0.903976028,0.1876,310.919792293,4.119032291,0.151680626,0.068574762,0.147293446,1.53430399,1.48,1.31,3.4895,0.3868,1.48,7.3962,0.04,0.01,0.11,4.75,,0.00207,0.04987,0.01468,0.01576,,,,,63803.70953,74343.74069,86624.92855,0.997658971,0.002341029,0
"WS3-1",30,"hja2016_167","hja2016_002","hja2016_008",58,120,182,TRUE,560508.433913191,4896516.80738205,511,96.4,-0.257226123,-0.232162009,15.29564596,-0.158750115,-0.141487193,12.51585012,2,1.143900876,396.7839801,9.21e-05,0.66,0.81,1.08,0.043,,,,,15.5,9.07,90.7,2.273,1.842306286,0.997282936,0.03805,214.323155858,4.120874039,1.920017083,2.281092696,1.081237423,0.940380338,1369.414835894,0.190219407,0.086333965,0.074900713,1.41192223,1.2,1.24,4.135113863,1.261900783,1.5448,5.099,0.05,0.04,0.05,17.3,9.07,94.4,2.272,1.76056338,0.954287526,0.04005,228.961086033,3.980177613,0.203950921,0.090036742,0.080557603,1.481586034,0.62,0.45,4.0777,0.7816,1.1062,5.441,0.05,0.03,0.05,6.707,8.342,0.00263,0.06308,0.00534,0.0154,0.00287,0.09254,0.00694,0.02271,64465.84828,74771.37964,86724.35657,0.999207587,0.000792413,0
"WS3-2",31,"hja2016_169",,,59,121,183,TRUE,560554.431881789,4896487.80866272,511,95.7,-0.257226123,-0.232162009,15.29564596,-0.158750115,-0.141487193,12.51585012,2,1.143900876,396.7839801,8.75e-05,0.48,0.64,0.66,0.084,,,,,15.2,9.32,92.7,2.679,1.602105189,0.847256535,0.2688,271.461702401,4.156121031,2.354678984,2.891227847,1.453092199,0.866266166,1533.077542558,0.203815796,0.097462343,0.102784439,1.44421335,1.15,1.32,4.473892302,1.28938351,1.5466,5.3596,0.05,0.02,0.04,15.6,8.99,90.2,6.147,1.010645487,1.125928755,0.04903,331.989424325,5.644570654,0.221032324,0.096753054,0.151071516,1.494129171,1.3,1.62,3.7297,0.7583,0.9446,4.7387,0.05,,,9.152,,0.01607,0.22088,0.01745,0.04763,,,,,24899.67473,72668.15164,86230.88241,0.990389428,0.009610572,0
"WS3-3",32,"hja2016_170",,"hja2016_062",60,122,184,TRUE,560639.428128111,4896408.81215143,511,93.4,-0.257226123,-0.232162009,15.29564596,-0.158750115,-0.141487193,12.51585012,2,1.143900876,396.7839801,0.000291,0.65,0.8,0.56,0.048,,,,,14.8,9.47,93.7,2.609,1.795926462,0.901996928,0.02382,304.203248108,4.623469265,2.520463487,3.212112527,1.730126911,1.139550249,1602.291363803,0.196772882,0.095415062,0.103212403,1.43638654,1.1,0.97,4.224966047,1.228052555,1.4595,5.0164,0.05,0.02,0.06,19,5.24,56.5,3.144,1.584159356,0.92920994,0.03656,340.517400749,4.974616971,0.235541538,0.105423541,0.091408586,1.442703836,1.5,1.56,4.2482,0.8449,1.079,5.4879,0.04,,,7.118,,0.01413,0.27503,0.02585,0.06419,,,,,64443.82178,74757.18541,86721.06365,0.993959151,0.006040849,0
"WS3-4",33,"hja2016_168","hja2016_064",,61,123,185,TRUE,560692.425787583,4896348.81480109,510,81.3,-0.048358339,-0.047321766,7.084173199,-0.174316232,-0.153984685,8.807895836,2,1.143894954,425.0078962,,,,0.29,0.051,,,,,18.1,9.13,96.7,2.637,1.778932414,1.014313288,0,361.354228819,4.780018267,2.822093613,3.811933279,2.244331222,1.13437982,1645.273743556,0.209198295,0.10043444,0.104499739,1.449515321,1.29,1.22,4.109086886,1.215281696,1.3164,4.427,0.04,0.02,0.08,,,,,,,,,,,,,,,,,,,,,,,11.17,,0.01879,0.49007,0.06367,0.13834,,,,,64666.62136,74900.66175,86754.32568,0.996304302,0.003695698,0
"WS3-5",34,"hja2016_171",,,62,124,186,TRUE,560676.426494157,4896350.81471276,630,10.2,-0.320352246,-0.297985891,5.985930623,-0.264038584,-0.243953822,7.207806339,1,1.098938832,458.875664,,,,0.43,0.147,,,,,15.3,8.74,87.7,3.036,2.280920824,0.85320539,0.02239,436.296945919,6.889733641,3.751790623,4.673711157,2.35409911,0.876196581,2399.867657439,0.3384695,0.159580802,0.073050673,1.44218736,0.95,1.07,3.701534104,1.171606688,1.627,5.599,0.05,0,0.05,,,,,,,,,,,,,,,,,,,,,,,6.535,,0.00357,0.04906,0.00706,0.0188,,,,,,,,,,
"WS3-6",35,,"hja2016_027",,63,125,187,FALSE,560819.420179147,4896235.81979127,510,78.4,-0.048358339,-0.047321766,7.084173199,-0.174316232,-0.153984685,8.807895836,2,1.143894954,425.0078962,,,,2.5,0.022,,,,,18.3,9.04,96,2.713,1.695539993,0.854394258,0.337,285.689406969,4.559967133,2.477482454,3.04534334,1.520928201,0.900335454,1525.564349622,0.212956361,0.097294709,0.080150836,1.445432564,1.92,1.35,4.373362713,1.247951799,1.3782,4.909,0.04,0,0.05,,,,,,,,,,,,,,,,,,,,,,,8.216,,0.00543,0.4199,0.02155,0.06049,,,,,,,,,,
"45",36,"hja2016_122",,,3,65,127,TRUE,565977.192397151,4897892.74661664,390,193.2,-0.087352362,-0.076092921,12.00340046,-0.080386604,-0.070915098,14.73297921,3,1.147697678,429.7755376,0.000133,0.66,0.81,3.7,0.102,0.005991829,0.00708196,0.128888889,0.06,14.5,9.1,89.2,2.041,1.221720891,0.579830748,0,184.516844637,2.752378616,1.539984868,1.969476401,1.087519858,1.080139422,1005.071261937,0.141888528,0.06643189,0.063376226,1.465830948,1.05,0.92,3.4176,0.876,1.5046,5.5619,0.05,0,0.02,15.9,8.78,88.6,2.653,1.366893388,0.86401843,0,172.588461827,3.096220732,0.135772093,0.064028433,0.090723848,1.468008964,1.15,0.73,3.0729,0.8484,1.35375,5.03775,0.06,0.01,0.04,2.556,,0.00423,0.13821,0.02972,0.05748,,,,,10126.90515,67248.6283,84904.49703,0.996257328,0.003742672,0
"47",37,"hja2016_158",,"hja2016_015",4,66,128,TRUE,563254.31264732,4898130.73610634,134,1550.1,-0.02915982,-0.024029369,45.82483798,-0.031518728,-0.027493905,68.10247296,4,1.197246634,256.4510978,0.000576,0.42,0.57,5.35,0.213,0.04962314,0.044815805,0.166249999,0.129,14.2,9.72,94.7,0.8087,4.118150437,1.21847334,0,214.442603572,2.718383912,1.500009077,2.23398752,1.574644038,1.622693918,854.089131834,0.102733583,0.051639713,0.063398902,1.42985734,1.04,0.75,2.6213,0.5458,0.792,3.4231,0.04,0.03,0.05,15,9.72,96.4,1.651,1.159857888,0.675315498,0,108.090866916,2.005736644,0.104695618,0.048157934,0.05474362,1.4662005,1.13,0.7,2.6728,0.5774,0.82395,3.53115,0.04,0.02,0.04,3.827,,0.00138,0.02979,0.00742,0.01284,,,,,,,,,,
"49",38,"hja2016_159",,"hja2016_066",5,67,129,TRUE,563281.311454976,4898046.73981585,40,3399.1,-0.016483271,-0.01550516,210.7908365,-0.027490745,-0.023685985,165.254802,5,1.17152693,548.1831477,0.000277,0.53,0.69,7.8,0.188,0.247001447,0.386815451,0.19861111,0.227,13.9,9.89,96,1.426,1.451717569,0.848103437,0,137.162039123,2.040947971,1.036787746,1.45449702,0.923522681,1.509515199,743.884307717,0.106711878,0.045766425,0.059455098,1.487118039,1.05,0.8,2.2713,0.7507,1.2976,4.1687,0.04,0.01,0.06,16,9.83,99,1.432,1.147544401,0.770878728,0,85.125952842,1.732146597,0.092284864,0.042047156,0.041357668,1.373457023,1.37,0.87,1.8203,0.6781,1.02465,3.41205,0.05,,,2.521,,0.00814,0.40652,0.06951,0.07679,,,,,63769.56646,74321.63621,86619.77674,0.998316469,0.001683531,0
"50",39,"hja2016_160","hja2016_001","hja2016_005",6,68,130,TRUE,563054.321479503,4898132.73601802,41,4956.4,-0.011792019,-0.01085362,206.0407493,-0.020276645,-0.017390871,170.0788896,5,1.177412319,429.638789,0.0013,0.57,0.72,13,0.221,0.297460686,0.075076118,0.265370371,0.169,15.9,9.82,99.3,1.278,2.428000841,1.482987775,0,138.275381968,2.386740216,1.082710731,1.443081444,0.91228402,1.669520821,807.634639216,0.100191609,0.047228983,0.065425869,1.465537284,0.99,0.68,1.7756,0.5984,0.934,3.2723,0.04,0.03,0.06,16.4,9.73,102.5,1.094,1.690814665,0.782850097,0,118.039025424,2.068232752,0.097136788,0.044014847,0.065939643,1.50190078,1.05,0.77,2.2986,0.72295,1.14735,3.9409,0.04,0.01,0.05,3.231,,0,0.13684,0.02084,0.03153,,,,,,,,,,
"53",40,"hja2016_150","hja2016_116",,7,69,131,TRUE,568092.098996817,4898223.73199937,78,280.7,-0.060469765,-0.052193195,30.0360331,-0.120222194,-0.1007112,24.42247108,3,1.166173214,341.3601101,0.000143,0.54,0.69,3.3,0.098,0.03361809,0.081161312,0.060462962,0.27,8.2,10.99,93,1.459,1.371142915,1.114796436,0.03825,62.184835385,1.121381417,0.526250743,0.650005265,0.396466122,1.660083704,455.046694449,0.048128427,0.020470895,0.077418036,1.52810859,1.04,0.9,2.0556,1.0048,1.6262,4.9741,0.07,0.02,0.03,11,10.71,97.1,1.999,1.197115971,1.156521,0,44.986892816,1.330968317,0.043724191,0.019132628,0.078929251,1.388940236,1.07,1.03,2.2744,1.09675,1.8078,5.5586,0.06,0.02,0.04,7.695,,0.00446,0.13116,0.04423,0.06532,,,,,10577.96275,69701.25053,85514.96485,0.988158011,0.011841989,0
"54",41,"hja2016_123",,"hja2016_032",8,70,132,TRUE,561802.376768968,4897363.76997776,363,207.7,-0.072160546,-0.063155211,10.45758099,-0.206420831,-0.183452868,17.46528564,3,1.173722731,360.292001,0.00015,0.66,0.81,3.25,0.191,0.008041175,0.008111776,0.151666667,0.074,15,9.32,92.4,2.084,1.576808854,1.203734057,0,303.93979184,3.310000848,2.075846086,3.190251121,2.228625741,1.482650883,1215.255536779,0.136229147,0.061689,0.085602231,1.454179975,1.32,0.91,2.7861,0.7573,1.3961,4.4788,0.03,0.01,0.04,16.5,9.14,93.4,1.91,1.937172775,0.865067301,0.03066,241.170926945,3.877332966,0.127730667,0.056175846,0.074939751,1.497729826,0.85,0.61,2.51545,0.7379,1.2682,4.00675,0.04,0,0.06,5.287,,0.01503,0.07826,0.01311,0.02667,,,,,,,,,,
"55",42,,,,9,71,133,FALSE,562501.345900489,4897814.75006119,42,5152.9,-0.005990957,-0.004970782,55.48956642,-0.020097899,-0.016208155,102.1295252,5,1.267660529,346.620322,0.000546,0.66,0.81,11.7,0.559,0.259421391,0.242811257,0.257129629,0.258,15,9.7,96,2.275,1.440271172,1.524087121,0.05006,311.002681147,3.065716267,1.829850336,3.181245586,2.639707091,,770.799377716,0.105909352,0.047747638,0.056636883,1.518631613,1.03,0.77,2.3466,0.7072,1.1864,4.1615,0.04,0.01,0.02,16.3,9.53,97.1,2.593,1.260377634,1.240484,0,116.852942172,2.286488197,0.09738985,0.047748935,0.089692972,1.440216024,,,2.28915,0.70825,1.1717,3.92915,0.04,0.02,0.04,3.771,,0.0225,0.76288,0.04004,0.20694,,,,,,,,,,
"56",43,"hja2016_125","hja2016_119","hja2016_070",10,72,134,TRUE,562839.3309741,4897811.75019367,321,99.5,-0.078069378,-0.070271379,9.158894105,-0.132619694,-0.116311539,12.8350441,3,1.156806873,740.5470238,,0.65,0.8,0.52,0.032,0.002059645,0.002661778,0.093888891,0.054,16.8,9.21,94.6,3.065,1.523378215,0.977301351,0.02043,281.718240888,4.47417279,2.352895226,3.000033605,1.632303807,1.065002734,1666.410579415,0.236844654,0.107991178,0.070643298,1.511609423,1.04,0.89,3.0453,0.6741,1.9717,5.9642,0.05,0,0.03,22.9,8.72,100.4,2.761,1.738860929,0.88503108,0.02882,334.935980317,5.022600012,0.230881891,0.106482244,0.098544387,1.481968911,0.86,0.58,2.20075,0.58135,1.3701,4.38985,0.05,0.01,0.06,5.151,,0.00405,0.50317,0.01213,0.06487,,,,,,,,,,
"57",44,"hja2016_166",,"hja2016_107",11,73,135,TRUE,563668.294364702,4898599.71539487,131,1488.8,-0.033512753,-0.030026599,39.53345852,-0.033591322,-0.029651347,31.83417604,4,1.244666838,83.20617667,0.000645,0.51,0.66,8.9,0.162,,,,,16.8,9.24,95,1.271,1.89062555,0.935850338,0,127.682976971,2.068880347,1.051990401,1.349090253,0.785695355,1.398167701,766.820900638,0.106629272,0.049840964,0.052201603,1.502780221,1.31,0.73,2.6899,0.5827,0.8001,3.4397,0.04,0.02,0.05,17.9,8.9,94.7,1.228,2.713225404,1.121642728,0,132.294466617,2.337661753,0.097807666,0.04719065,0.060827723,1.481287665,1.14,1.03,2.19755,0.53725,0.67035,2.8714,0.04,0.02,0.03,4.101,,0.00311,0.01376,0.00358,0.00592,,,,,,,,,,
"58",45,"hja2016_126","hja2016_101",,12,74,136,TRUE,566998.147308857,4898497.71989928,385,67.2,-0.117626837,-0.108520244,13.66327824,-0.097847311,-0.082468256,18.5428243,3,1.194522152,974.246413,0.000195,0.66,0.81,1,0.032,0.002276633,0.00262044,0.155000001,0.048,12.5,9.49,89.1,1.85,0.864864865,0.718551584,0,218.397338217,1.916453098,1.322519639,2.255399518,1.799664818,2.063490614,569.597565223,0.064682358,0.031874995,0.052822848,1.462030182,1.23,0.83,2.5761,0.59,1.0607,4.4023,0.05,0,0.04,16.1,9.43,95.3,2.035,0.786485264,1.078787791,0,67.844299546,1.696502896,0.060855579,0.028396044,0.068075274,1.42556848,1.27,0.77,1.895,0.51705,0.7959,3.26795,0.04,0,0.04,6.459,5.419,0.00184,0.1051,0.01802,0.02352,0.00209,0.02856,0.00916,0.01824,,,,,,
"60",46,"hja2016_127",,"hja2016_009",13,75,137,TRUE,567391.129953618,4898693.71124374,316,43.1,-0.043237492,-0.036031856,14.09509403,-0.061083346,-0.056212865,9.660125633,2,1.116434128,144.250975,5.06e-06,0.66,0.81,1.59,0.276,0.005808315,0.005411955,0.043611112,0.125,11.6,10.04,92.2,2.397,1.12806846,0.854836553,0,210.478980796,2.714383418,1.603951031,2.220864364,1.365118716,1.328296505,1054.934915693,0.124319415,0.059520732,0.076242827,1.466955931,1.61,1.3,2.2563,0.9626,1.9202,5.2996,0.06,0,0.03,15.6,8.14,81.9,2.509,1.823286913,1.032969897,0.02017,237.305455443,3.440424921,0.104611984,0.044752916,0.068224501,1.499202853,1.11,0.85,2.4004,0.8823,2.0593,5.38575,0.05,0.02,0.07,10.725,,0.00304,0.06883,0.01116,0.0266,,,,,,,,,,
"64",47,"hja2016_151","hja2016_100","hja2016_079",14,76,138,TRUE,570527.99142083,4895508.85189625,163,33.5,-0.168028279,-0.157001138,8.506642224,-0.168583943,-0.149873133,21.60975689,2,1.147515328,1003.388888,0.00013,0.53,0.69,0.762,0.003,0.00035049,0.000505251,0.124722222,0.035,11.7,9.62,88.1,2.167,1.30611364,0.873025207,0,160.931194905,2.714796031,1.380096979,1.703328637,0.916998351,1.221680888,1035.519037741,0.137224387,0.064831343,0.074389636,1.508752042,0.93,0.7,1.0758,0.3349,0.5108,1.9107,0.03,0.01,0.04,14.6,8.93,88.2,1.344,3.10458688,0.727328125,0.3472,173.982127944,3.148633155,0.157401023,0.072693221,0.131687992,1.476808654,,,,,,,,,,16.259,18.691,0.02131,0.62957,0.11842,0.22912,0.02688,0.694,0.11803,0.13005,,,,,,
"65",48,"hja2016_161",,,15,77,139,TRUE,569840.021803539,4897845.7486922,88,73.9,-0.300355637,-0.290661364,7.543521331,-0.225084748,-0.201625645,11.20860417,2,1.127108956,1169.543448,0.000733,0.51,0.66,4.42,0.084,0.01783424,0.016953498,0.095231483,0.096,11.5,10.1,93.2,1.001,4.087454834,1.273793345,0,229.751307286,2.660052812,1.564259703,2.390160955,1.72352431,1.931371025,929.717527183,0.104536085,0.049200268,0.061711546,1.508463217,1.08,0.81,2.3138,0.8754,1.7693,5.8646,0.05,0,0.04,13.5,9.91,95.3,1.777,1.462580177,1.070459756,0,156.42390518,2.877193342,0.092246488,0.046498522,0.05628491,1.45576218,1.14,0.8,2.3023,0.8938,1.7465,6.0184,0.04,0,0.05,3.868,,0.00338,0.24831,0.02788,0.1344,,,,,65167.34751,75222.31511,86828.70957,0.99730727,0.00269273,0
"66",49,"hja2016_152",,,16,78,140,TRUE,567970.104384448,4898153.73509064,79,1360.7,-0.115484583,-0.103557939,37.82663766,-0.070918875,-0.060527918,30.49480502,4,1.179095483,153.3509319,0.000292,0.58,0.74,6.2,0.257,0.169317004,0.18182354,0.103333332,0.24,10.2,10.45,93.4,2.041,1.665850073,1.490179407,0.02609,121.741069628,2.357040725,0.92332446,1.269374126,0.840493433,1.953628165,700.448759797,0.075112831,0.036988516,0.097943433,1.472076191,1.09,0.83,2.1076,0.9103,1.4764,4.6081,0.06,0.07,0.02,12.3,10.43,97.2,1.736,1.637836165,0.829495356,0,76.589905959,1.901475801,0.072263651,0.033690863,0.076747689,1.513624369,1.08,0.89,2.1213,0.9321,1.4642,4.5451,0.05,0.06,0.05,3.618,3.435,0.05511,0.79892,0.11724,0.23887,0.01874,0.44388,0.06777,0.15188,22822.41562,70331.55992,85669.07103,0.994856603,0.005143397,0
"68",50,"hja2016_128",,"hja2016_065",18,80,142,TRUE,565145.229139031,4897899.74630751,30,3032.2,-0.029596739,-0.026594973,70.67868985,-0.033739218,-0.028128782,103.4146844,5,1.214742628,456.9712596,0.000494,0.66,0.81,8.1,0.175,0.207235324,0.231388835,0.135138889,0.238,12.4,9.91,92.9,1.973,1.115053218,1.379620677,0,190.041833836,2.45314735,1.322801998,1.982455875,1.395560115,1.878883155,810.176234569,0.099507287,0.047395954,0.076945133,1.503547367,1.04,0.76,2.0905,0.7486,1.2534,3.993,0.05,0.08,0.02,13.2,8.68,82.8,2.947,1.018659671,0.443612958,0.03178,113.58908654,2.120292935,0.090407752,0.041034605,0.078005522,1.398390987,1.34,0.76,2.251,0.7841,1.3369,4.2103,0.04,0.02,0.04,3.888,,0,0.10684,0.01565,0.0438,,,,,,,,,,
"71",51,,,"hja2016_057",19,81,143,FALSE,562662.338790582,4897988.74237719,556,101.7,-0.075076466,-0.064620158,7.618677244,-0.066699456,-0.053480998,27.64914734,3,1.234710245,662.1800926,0.000132,0.6,0.75,2.1,0.038,0.001331961,0.001490657,0.174999998,0.029,15.3,9.53,95.6,2.628,1.370052326,0.996244233,0,209.920573723,3.466438028,1.763318106,2.224089223,1.238289912,1.286854511,1459.655236507,0.184931102,0.084769775,0.095782248,1.505565838,1.1,0.82,3.9383,0.752,1.2015,5.8039,0.06,0.02,0.02,20.6,8.91,99,2.984,1.306970509,1.094656307,0.02001,218.73765542,3.919723708,0.17223721,0.083136452,0.095193257,1.479966436,1.19,0.64,4.2975,0.8289,1.2643,6.0231,0.06,0.01,0.04,3.636,,0,0.05367,0.0134,0.03185,,,,,,,,,,
"72",52,"hja2016_129",,,20,82,144,TRUE,566542.167446234,4896499.80813279,16,568.3,-0.056788812,-0.053189975,27.65471602,-0.090830035,-0.079896585,18.04689926,4,1.147446563,226.5243578,0.000224,0.48,0.64,4.06,0.191,,,,,13,9.48,90,2.2,1.409090909,0.946948904,0.02039,169.692841754,2.647333022,1.452214366,1.799941436,0.981383644,1.112731359,1063.024522904,0.145176779,0.066617859,0.070340026,1.469780225,1.08,0.97,1.9491,0.6107,1.1787,3.5862,0.05,0.08,0.02,13.9,9.45,91.5,2.235,1.570224938,0.874513574,0.04073,159.811684372,2.79342521,0.136757979,0.065133227,0.081322945,1.410867206,1.03,0.77,2,0.6281,1.1845,3.6521,0.04,0.08,0.04,4.319,,0.01645,0.48283,0.05671,0.1256,,,,,,,,,,
"73",53,,,"hja2016_102",21,83,145,FALSE,566310.177691566,4896786.79545861,255,137,-0.240080562,-0.207612342,8.701940435,-0.221981927,-0.193983572,13.22052871,2,1.158282148,749.9591592,0.000196,0.66,0.81,4.6,0.229,,,,,14,9.38,91,2.376,1.473063973,0.900131984,0.1127,199.28767038,3.356017493,1.730438364,2.122095066,1.102858757,1.113143418,1345.600121617,0.183383741,0.085782884,0.082545803,1.442798529,0.94,0.76,1.8536,0.4807,0.93,2.8367,0.04,0.26,0.03,15.7,9.18,92.4,2.518,1.965944701,0.941793044,0.09965,219.068000659,3.581539039,0.175617881,0.085412066,0.12878485,1.470282894,0.97,0.73,1.8623,0.4887,0.9373,2.8797,0.03,0.25,0.03,3.302,,0.00804,0.33871,0.05901,0.11797,,,,,,,,,,
"74",54,"hja2016_131",,"hja2016_016",22,84,146,TRUE,565310.221852481,4897724.75403567,373,70,-0.074200401,-0.068083171,21.30469527,-0.137146506,-0.118435042,37.42017097,2,1.212599024,171.9794298,0.000162,0.61,0.76,1.75,0.07,0.001637801,0.001833742,0.067314815,0.045,13.3,9.17,87.4,1.848,1.515151515,0.716068081,0,146.989869705,2.782374819,1.270563234,1.574278367,0.822659211,1.184079792,936.190277735,0.129799721,0.062032027,0.050811257,1.511973589,1.04,0.72,1.8685,0.5211,0.6788,2.882,0.04,0.01,0.05,16.4,9.28,94.4,2.629,1.338874286,1.105051055,0,162.7463135,2.94110838,0.116289438,0.057614301,0.056189306,1.445272264,1.07,0.87,2.3939,0.6091,0.836,3.3806,0.04,0.01,0.04,5.63,,0,0.03317,0.00902,0.01625,,,,,,,,,,
"76",55,,,"hja2016_110",23,85,147,FALSE,570464.994202967,4896947.7883487,150,303.5,-0.052870797,-0.048879363,18.21707903,-0.084730679,-0.073594127,15.66722072,3,1.173050831,530.0336208,,0.56,0.71,4.3,0.144,0.010585702,0.011021724,0.491666666,0.033,12,9.68,89.8,3.013,0.694833169,0.838366415,0.04889,88.061502296,1.673179223,0.801017526,0.916045665,0.488216303,1.232881869,857.287679109,0.112400496,0.055518042,0.069404702,1.546466901,1.33,0.82,1.1941,0.4174,0.5282,1.9693,0.04,0.15,0.03,14.8,9.57,94.6,2.301,1.470915739,0.941304107,0.05789,91.641534087,2.062578516,0.112968683,0.051573379,0.096893723,1.527008299,0.98,0.76,1.2759,0.4427,0.5681,2.0692,0.03,0.09,0.05,3.476,,0.00537,0.16332,0.03034,0.07591,,,,,23529.07766,69354.39286,85429.68448,0.996901871,0.003098129,0
"82",56,"hja2016_155",,,24,86,148,TRUE,564452.259742545,4899854.65997292,536,36.6,-0.085615209,-0.080945397,15.57254467,-0.16845596,-0.147613866,17.17200183,2,1.152868486,436.2855652,4.23e-05,0.64,0.79,0.4826,0.038,0.000288817,0.000551372,0.120555555,0.026,13.4,9.53,91.6,1.588,2.331541286,1.267137594,0.1121,138.894973306,2.732318916,1.19620473,1.481022487,0.798856838,1.298558286,1228.975390434,0.133226064,0.058051208,0.058472748,1.535732028,1.04,0.7,4.052,1.0524,0.8719,4.4349,0.05,0.01,0.04,19.3,9.28,100.7,4.541,1.012992733,1.187532092,0.05872,215.210329992,3.980670108,0.131587944,0.058033013,0.131322456,1.515555281,1.08,0.8,2.5214,0.745,0.559,2.7002,0.05,0.01,0.06,3.498,,0.00409,0.02718,0.01387,0.01556,,,,,,,,,,
"83",57,,,,25,87,149,FALSE,565376.21893786,4900765.61974233,416,154.4,-0.296362264,-0.27967608,22.82064019,-0.062807991,-0.055170617,17.51103966,3,1.159975533,350.2536502,0.000148,0.65,0.8,1.3,0.1,0.002811505,0.00312654,0.13888889,0.073,13.8,9.43,91.1,1.819,1.436741526,1.119214455,0,127.654621431,2.251649855,1.069781378,1.338375349,0.798443838,1.423132703,887.913407978,0.09996334,0.050670821,0.076422987,1.503868945,1.18,0.72,3.4134,0.7244,1.1837,5.0611,0.04,0.01,0.04,15.6,9.25,93.6,2.158,1.57968268,1.264457603,0,117.398838543,2.115439294,0.094895625,0.04760475,0.096191854,1.431383723,1.15,0.75,3.297,0.7138,1.137,4.8334,0.04,0,0.04,7.743,,0.00525,0.12267,0.02606,0.03084,,,,,,,,,,
"84",58,"hja2016_132",,"hja2016_121",26,88,150,TRUE,566447.171641521,4900685.6232752,112,622.7,-0.094390432,-0.092185768,16.18687395,-0.068115114,-0.058241139,23.57085995,4,1.180056061,589.6388792,0.000315,0.66,0.81,3,0.292,0.023979544,0.026255649,0.167222223,0.092,12.8,9.41,88.9,1.754,1.233569893,1.369563574,0,103.743163435,2.031104552,0.851074952,1.083637363,0.650350462,1.731580043,710.359468792,0.079432032,0.037106014,0.077152196,1.455897499,1,0.71,1.965,0.4748,0.7309,2.9994,0.04,0.02,0.04,14.8,9.31,91.8,0.599,4.173622705,1.117428937,0,95.328075576,1.970130675,0.077550315,0.034577297,0.058436524,1.45785266,1.1,0.69,1.803,0.4615,0.6794,2.7698,0.04,0.02,0.05,4.95,,0.01007,0.09716,0.01341,0.04529,,,,,,,,,,
"155",59,"hja2016_145",,"hja2016_019",27,89,151,TRUE,565811.199727862,4897652.75721525,345,81.2,-0.134617845,-0.124531506,8.095929766,-0.170310403,-0.149651299,13.36148544,2,1.160255254,511.7981462,0.000188,0.67,0.83,0.8636,0.051,0.004073061,0.0057662,0.062500001,0.083,13.1,9.76,93.3,2.021,1.494260513,1.026602529,0.02429,175.404704295,2.718760407,1.461120991,1.862584543,1.066784417,1.195648701,951.219495645,0.129590894,0.06022642,0.060111459,1.49885795,1.01,0.75,2.3019,0.5463,0.9848,3.4074,0.04,0.02,0.01,15.7,9.46,95.6,2.918,1.933955991,1.172271508,0.05262,322.471015975,4.435240558,0.148383977,0.069311491,0.15258674,1.492701986,1.19,0.9,2.3584,0.6392,1.0091,3.4351,0.06,0.02,0.03,5.517,,0.00289,0.08866,0.01446,0.03602,,,,,,,,,,
"156",60,"hja2016_146","hja2016_044","hja2016_021",28,90,152,TRUE,566141.185154761,4897558.76136638,24,2575.9,-0.002018132,-0.001656933,62.16885885,-0.043737753,-0.036463055,65.26596032,5,1.225872783,427.4193177,0.000195,0.56,0.71,8.3,0.227,0.213031188,0.191834112,0.305277776,0.181,12.5,10.08,94.5,2.072,1.198640005,1.211105914,0.02506,102.762768226,1.982198693,0.882254128,1.073366448,0.602960928,1.351530164,857.54665704,0.097557779,0.047846345,0.087360763,1.469670759,1.13,0.79,2.2659,0.8409,1.408,4.4408,0.04,0.03,0.04,14.9,10.04,99.8,2.378,1.304244128,1.277328615,0,88.274811608,2.203307197,0.096382112,0.043423492,0.087234579,1.450627675,1.07,0.86,2.2388,0.8379,1.4138,4.4014,0.04,0.05,0.08,2.811,3.13,0.01021,0.48684,0.03326,0.06315,0.00476,0.04333,0.01435,0.02834,,,,,,
"160",61,,"hja2016_111","hja2016_081",29,91,153,FALSE,566416.173010509,4897492.764281,24,2569.5,-0.002018132,-0.001656933,62.16885885,-0.043737753,-0.036463055,65.26596032,5,1.225872783,427.4193177,0.000152,0.49,0.64,9.64,0.307,0.214127201,0.252356065,0.223259261,0.174,13.5,10.02,96.9,1.17,1.743844878,0.91324735,0.06496,118.718050201,1.837630592,0.951799404,1.224758159,0.769868489,1.644711527,808.403412693,0.105745414,0.048774005,0.071086354,1.495287906,1.07,0.77,2.0733,0.7712,1.2745,4.0528,0.05,0.04,0.1,14.5,9.77,96,1.269,2.206461781,1.358008909,0,126.9552566,1.864067079,0.10795102,0.047283696,0.061982806,1.480795844,1.06,0.79,2.057,0.783,1.2781,4.113,0.04,0.05,0.08,4.569,,0.0028,0.30602,0.08887,0.02278,,,,,,,,,,
"161",62,"hja2016_133",,"hja2016_031",30,92,154,TRUE,561109.407372482,4897170.77850081,51,5699.1,-0.007630794,-0.006760234,42.67233074,-0.020158631,-0.016325195,78.94675898,5,1.254207335,393.7080053,0.000421,0.66,0.81,11.4,0.356,0.291518504,0.271629727,0.277605557,0.2,18.2,8.89,94.3,1.831,1.478679785,1.368796403,0.04912,130.015352535,2.455788548,1.032178182,1.355940204,0.851689152,1.844151707,875.739263577,0.106966375,0.04909567,0.082205462,1.495606742,1.06,0.74,2.3783,0.6999,1.1306,3.9399,0.04,0.01,0.04,20.3,8.49,94,3.163,1.057941403,1.035970614,0.02668,179.409101962,3.089137913,0.120435134,0.050715215,0.10350556,1.363505224,1.11,0.75,2.4459,0.7397,1.1108,3.788,0.05,0.01,0.07,3.589,,0,0.03524,0.006,0.01129,,,,,,,,,,
"162",63,,"hja2016_099",,31,93,155,FALSE,559348.485139852,4895468.85366269,66,6208.4,-0.012100132,-0.008005579,33.52005344,-0.014432699,-0.01110675,39.48974449,5,1.216440257,222.6371993,0.000464,0.66,0.81,14,0.185,0.313694183,0.270916408,0.408452381,0.155,17.1,9.62,99.7,3.107,0.816804295,1.324825142,0.02959,110.676126015,2.180077362,0.942533917,1.166342738,0.681542856,1.682827668,885.87473663,0.111707927,0.048046658,0.089941307,1.467046212,1.34,0.85,2.2386,0.6253,1.0525,3.8558,0.06,0.01,0.09,19.9,9.32,102.6,2.877,1.164839688,1.407182874,0.02742,174.975050876,2.497125903,0.116746112,0.0487869,0.083239511,1.388939193,1.16,0.66,2.4891,0.6825,1.1488,4.0612,0.04,0.01,0.07,2.382,,0,0.10054,0.0168,0.05661,,,,,,,,,,
"163",64,"hja2016_147",,"hja2016_052",32,94,156,TRUE,559726.468447026,4896111.82526722,63,6126.6,-0.002832867,-0.002185413,40.34800602,-0.014982946,-0.013118869,66.58608925,5,1.199387475,191.2144031,0.000106,0.56,0.71,9.8,0.253,0.224943842,0.300291075,0.437222224,0.16,19.3,8.95,96.8,2.764,0.869566783,1.505402622,0,123.233861913,2.246336787,0.976952859,1.290058892,0.818492469,1.911693367,811.205463593,0.104959484,0.045217398,0.076007207,1.517870334,1.5,1.36,1.7211,0.5685,0.8295,3.2109,0.05,0.01,0.11,21.4,6.93,78.3,4.085,2.93867261,1.333604381,0.08389,964.744475371,11.995861052,0.164021507,0.057728886,0.226183935,1.598719676,3.94,0.74,6.4734,0.5323,1.1388,4.0833,0.04,0.08,0.24,2.577,,0,0.04476,0.0061,0.00927,,,,,64276.8973,74649.54647,86696.07624,0.99698126,0.00301874,0
"164",65,,"hja2016_010","hja2016_071",33,95,157,FALSE,560307.442789535,4895737.8417834,502,60.8,-0.14974372,-0.136445456,11.08571572,-0.174010351,-0.150576662,14.70228611,3,1.175485846,848.3428208,0.000231,0.66,0.81,1.05,0.133,0.001397607,0.001557944,0.282847223,0.032,15.7,8.93,90.1,2.554,2.553598491,0.838053832,0,444.166678654,6.421387657,3.73365834,4.734197285,2.537430638,0.972231058,2134.946035654,0.303032102,0.141917213,0.09193478,1.449130751,1.29,0.9,3.6343,0.6366,1.1057,5.4065,0.05,0,0.06,,,,2.88,2.43815644,1.251192154,0,455.083496888,6.764884946,0.313409067,0.135781127,0.085087725,1.397068966,1.2,0.78,3.6756,0.6508,1.1292,5.4181,0.05,0.01,0.04,14.476,,0.01401,0.34327,0.03295,0.12629,,,,,,,,,,
"165",66,"hja2016_148","hja2016_042","hja2016_050",34,96,158,TRUE,564789.244860317,4900155.64668049,494,27.9,-0.230323906,-0.2079444,10.01725032,-0.138067136,-0.122846741,8.473930813,2,1.171056099,252.3794033,0.000204,0.51,0.66,0.5334,0.051,0.000742752,0.000463657,0.051666666,0.045,14.3,9.05,88.3,3.189,2.140910374,0.874347277,0.02425,436.147473391,6.636012874,3.657444668,4.663118856,2.490585549,0.987812596,2415.81871863,0.310243697,0.138832084,0.080791077,1.446367212,1.24,1.06,6.2645,1.1459,1.1056,5.3486,0.07,0,0.04,17.1,8.97,93.5,2.977,2.25058784,0.874789029,0.02331,445.974688845,6.814089931,0.316892687,0.140717371,0.103678236,1.458137764,1.18,0.81,5.4658,1.0618,1.0018,5.0436,0.05,0,0.05,3.196,,0.0052,0.03371,0.01426,0.01492,,,,,,,,,,
"169",67,"hja2016_135","hja2016_109",,35,97,159,TRUE,568641.074752475,4902527.5419308,144,53.5,-0.257249054,-0.238004313,13.12186768,-0.143391068,-0.124761623,19.48185823,2,1.161264333,308.4101049,0.000276,0.66,0.81,1.31,0.017,0.00112825,0.001993424,0.085436508,0.032,8,10.23,86.4,1.668,1.225288426,1.380337227,0,103.95962042,1.99050539,0.803878311,1.074914378,0.712198587,2.265879413,643.498129999,0.064998622,0.031456841,0.101926599,1.486458106,1.28,0.94,1.167,0.3921,0.5842,2.4005,0.03,0,0.04,11.6,10.02,92.1,2.859,0.877389896,0.792266822,0,106.145460197,2.06105911,0.077800239,0.030040646,0.07609779,1.375439424,0.92,0.62,1.2679,0.4127,0.6379,2.6288,0.03,0,0.07,14.571,,0.00235,0.14953,0.02886,0.07776,,,,,,,,,,
"170",68,"hja2016_149","hja2016_106",,36,98,160,TRUE,570659.985591589,4896908.79007097,229,49.4,-0.040266428,-0.034795474,8.556207219,-0.075000555,-0.068714332,8.095730452,2,1.103164313,231.8626881,0.000168,0.42,0.57,1.2,0.006,0.000375858,2.20995e-05,1.083333333,0.041,11.6,9.38,85.9,1.839,1.880212856,1.064612366,0,184.341428686,3.165936561,1.606449714,1.972977403,1.02862735,1.144885327,1129.779129898,0.145573143,0.069127071,0.090340048,1.441066494,1.11,0.71,2.6263,1.3074,1.8078,5.8798,0.05,0,0.05,16.6,9.23,94.5,2.815,1.369882382,1.541587374,0.2719,249.998605951,3.582645783,0.164979695,0.072072357,0.10259313,1.441018709,1.12,0.66,2.6063,1.325,1.7587,5.6698,0.04,0,0.09,13.048,,0.01203,0.27082,0.05985,0.07207,,,,,9427.779258,69424.68887,85446.99538,0.981440505,0.018559495,0
"177",69,"hja2016_181",,"hja2016_084",37,99,161,TRUE,565808.199860345,4901620.58198475,452,14.8,-0.118097045,-0.104664078,13.46003211,-0.198687156,-0.173561153,15.26010437,1,1.163096091,436.9310981,8.94e-05,0.66,0.81,0.4,0.025,0.000243136,0.000232012,0.043888888,0.074,13.7,9.14,88.1,1.655,1.110159174,1.604756461,0,72.237130258,1.540810734,0.662024455,0.758452251,0.396056451,1.414458799,682.476757286,0.0742381,0.033736345,0.07114402,1.421972555,1.03,0.83,3.0779,0.8785,1.654,6.5094,0.09,0,0.04,16.4,7.12,72.7,1.876,2.401637866,0.951849717,0,332.358204275,4.377643555,0.097354681,0.033039633,0.088525064,1.522531369,1.22,0.92,3.0456,0.8864,1.6113,6.2792,0.05,0,0.07,7.339,7.271,0.00545,0.24444,0.02273,0.10112,0.00501,0.24207,0.03047,0.1407,,,,,,
"178",70,,"hja2016_105",,38,100,162,FALSE,566185.18321168,4901793.57434491,411,19.9,-0.025224804,-0.021348241,13.50853812,-0.183752411,-0.162549637,16.2771764,2,1.162679515,601.7333146,9.47e-05,0.66,0.81,1,0.051,0.000399597,0.000361746,0.019166669,0.075,13.7,8.97,86.5,2.2,1.84079602,1.005379854,0,206.385937713,3.68856295,1.840696892,2.200556839,1.110314961,1.031568689,1445.318145676,0.18014465,0.083822164,0.076224125,1.471974413,1.14,0.99,5.1659,0.7244,0.891,5.1038,0.05,0,0.04,15.2,8.71,86.7,2.655,1.883239171,1.317381551,0,318.659432762,4.967169784,0.188926726,0.084195197,0.088261693,1.492308314,1.09,1.08,4.7038,0.7203,0.8256,4.7732,0.05,0,0.07,8.163,8.129,0.01162,0.15786,0.0262,0.02909,0.00798,0.13526,0.03009,0.03077,,,,,,
"190",71,"hja2016_136","hja2016_030","hja2016_040",39,101,163,TRUE,564169.272240084,4897881.7471024,546,14.2,-0.042313525,-0.034690915,18.94241829,-0.215774512,-0.188760504,13.71636989,1,1.175407247,805.7817733,0.000416,0.66,0.81,0.6,0.025,0.000225708,0.000380124,0.035833335,0.04,14.2,9.38,91.4,2.157,1.261887134,1.177424461,0,126.032209397,2.606679371,1.132828401,1.345112955,0.680951542,1.260125766,880.234480324,0.1025425,0.049827408,0.07967633,1.455772591,1.05,0.71,2.1208,0.5475,0.8514,2.8447,0.05,0.01,0.05,17.8,9.12,96.1,2.365,1.434055936,0.96418138,0,141.855506642,2.856790326,0.127337889,0.054073043,0.104386636,1.485496702,1.05,0.81,2.4163,0.6093,0.9417,3.2187,0.04,0.01,0.04,7.594,,0.00405,0.08534,0.02131,0.04811,,,,,,,,,,
"192",72,,"hja2016_029","hja2016_035",40,102,164,FALSE,564620.252323511,4897836.74908965,542,28.5,-0.07190886,-0.066713261,10.52922077,-0.138832327,-0.119252493,24.4735968,2,1.209042043,282.0450111,1.5e-05,0.66,0.81,0.86,0.023,0.000281531,0.000214343,0.113888891,0.019,13.9,8.94,86.5,2.222,1.782267779,1.063998942,0.02551,213.258092661,3.928850049,1.724472084,2.242594702,1.283105263,1.336409506,1231.382764683,0.16203138,0.074508952,0.097546346,1.513073636,0.99,0.69,2.395,0.5464,0.7173,2.7008,0.04,0.06,0.06,16.1,8.56,87.2,3.542,1.129445938,1.189599969,0.07626,368.200048837,4.726906566,0.161756756,0.070608516,0.136195313,1.570380459,1.01,0.78,2.4538,0.6019,0.6582,2.513,0.05,0.03,0.08,5.122,,0.0077,0.22767,0.04688,0.02905,,,,,,,,,,
"260",73,"hja2016_164","hja2016_103","hja2016_075",41,103,165,TRUE,566425.172613061,4897456.76587079,23,866.1,-0.037692966,-0.033458234,22.70001767,-0.078060194,-0.067213141,25.96184679,4,1.222409338,191.0497387,0.000162,0.46,0.61,3.1,0.255,0.0430666,0.042175011,0.251944446,0.094,16.4,9.97,96.5,1.318,2.195396311,1.103952028,0.04059,185.036677903,2.681143811,1.486091096,1.94501692,1.125258014,1.209153618,1054.325671225,0.132850474,0.062602224,0.084204512,1.417128309,0.97,0.83,1.9915,0.5904,1.0624,3.3727,0.2,0.08,0.06,16.3,9.85,101.4,2.559,1.424297038,0.814128054,0.09647,246.11832331,3.34274135,0.144041065,0.065926318,0.126702217,1.440953369,1.02,1.08,1.7932,0.5858,0.9357,3.0076,0.04,0.1,0.21,2.855,,0.00632,0.34967,0.07267,0.07026,,,,,,,,,,
"360",74,"hja2016_165",,"hja2016_080",42,104,166,TRUE,566456.171244073,4897485.76459013,85,1702.7,-0.062821627,-0.05606851,72.68420091,-0.047516592,-0.040649012,31.92202379,4,1.196265473,475.3858305,0.000139,0.48,0.64,9.3,0.22,0.272654719,0.206061017,0.274722223,0.17,12.5,10.23,96,1.055,1.731626229,1.179486342,0.02127,85.195124371,1.53600232,0.755600066,0.902565361,0.414813395,0.833848172,590.969202673,0.085751711,0.03788683,0.038016915,1.400380708,0.97,0.83,1.6631,0.7329,1.0441,3.3968,0.06,0.09,0.06,14.9,9.97,99.7,1.606,1.184302646,1.111157192,0.07569,87.659675595,1.80802652,0.105729829,0.043361513,0.108491085,1.438456384,1.08,0.79,2.1479,0.8628,1.3904,4.3311,0.04,0.02,0.06,2.954,,0.00353,0.17373,0.06281,0.03708,,,,,,,,,,
