"sample_id","sample_year","run_id","plate","lane_sample","site_code_raw","site_code","sample_type_original","sample_type","forward_filename","reverse_filename","forward_path","reverse_path","include","is_control","control_type","metadata_source","metadata_row","mapping_status","normalization_note","biosample_accession","sra_run_accession","forward_file","reverse_file"
"hja2016_001",2016,"HJA2016_Plate1","Plate1","S1","50","50","Stream","planktonic streamwater","GSF2238-Lennon-Plate1-hja2016_001_S1_L001_R1_001.fastq.gz","GSF2238-Lennon-Plate1-hja2016_001_S1_L001_R2_001.fastq.gz","sequences/GSF2238-Lennon-Plate1-hja2016_001_S1_L001_R1_001.fastq.gz","sequences/GSF2238-Lennon-Plate1-hja2016_001_S1_L001_R2_001.fastq.gz",TRUE,FALSE,,"data/hja-env_data_clean.csv",6,"MATCHED",,,,"/mnt/scratch/wisnoskilab/GitHub/hja-synoptic/sequences/GSF2238-Lennon-Plate1-hja2016_001_S1_L001_R1_001.fastq.gz","/mnt/scratch/wisnoskilab/GitHub/hja-synoptic/sequences/GSF2238-Lennon-Plate1-hja2016_001_S1_L001_R2_001.fastq.gz"
"hja2016_002",2016,"HJA2016_Plate1","Plate1","S2","WS3-1","WS3-1","Stream","planktonic streamwater","GSF2238-Lennon-Plate1-hja2016_002_S2_L001_R1_001.fastq.gz","GSF2238-Lennon-Plate1-hja2016_002_S2_L001_R2_001.fastq.gz","sequences/GSF2238-Lennon-Plate1-hja2016_002_S2_L001_R1_001.fastq.gz","sequences/GSF2238-Lennon-Plate1-hja2016_002_S2_L001_R2_001.fastq.gz",TRUE,FALSE,,"data/hja-env_data_clean.csv",58,"MATCHED",,,,"/mnt/scratch/wisnoskilab/GitHub/hja-synoptic/sequences/GSF2238-Lennon-Plate1-hja2016_002_S2_L001_R1_001.fastq.gz","/mnt/scratch/wisnoskilab/GitHub/hja-synoptic/sequences/GSF2238-Lennon-Plate1-hja2016_002_S2_L001_R2_001.fastq.gz"
"hja2016_003",2016,"HJA2016_Plate1","Plate1","S3","WS1-7","WS1-7","Hyporheic","hyporheic water","GSF2238-Lennon-Plate1-hja2016_003_S3_L001_R1_001.fastq.gz","GSF2238-Lennon-Plate1-hja2016_003_S3_L001_R2_001.fastq.gz","sequences/GSF2238-Lennon-Plate1-hja2016_003_S3_L001_R1_001.fastq.gz","sequences/GSF2238-Lennon-Plate1-hja2016_003_S3_L001_R2_001.fastq.gz",TRUE,FALSE,,"data/hja-env_data_clean.csv",118,"MATCHED",,,,"/mnt/scratch/wisnoskilab/GitHub/hja-synoptic/sequences/GSF2238-Lennon-Plate1-hja2016_003_S3_L001_R1_001.fastq.gz","/mnt/scratch/wisnoskilab/GitHub/hja-synoptic/sequences/GSF2238-Lennon-Plate1-hja2016_003_S3_L001_R2_001.fastq.gz"
"hja2016_005",2016,"HJA2016_Plate1","Plate1","S4","50","50","Hyporheic","hyporheic water","GSF2238-Lennon-Plate1-hja2016_005_S4_L001_R1_001.fastq.gz","GSF2238-Lennon-Plate1-hja2016_005_S4_L001_R2_001.fastq.gz","sequences/GSF2238-Lennon-Plate1-hja2016_005_S4_L001_R1_001.fastq.gz","sequences/GSF2238-Lennon-Plate1-hja2016_005_S4_L001_R2_001.fastq.gz",TRUE,FALSE,,"data/hja-env_data_clean.csv",68,"MATCHED",,,,"/mnt/scratch/wisnoskilab/GitHub/hja-synoptic/sequences/GSF2238-Lennon-Plate1-hja2016_005_S4_L001_R1_001.fastq.gz","/mnt/scratch/wisnoskilab/GitHub/hja-synoptic/sequences/GSF2238-Lennon-Plate1-hja2016_005_S4_L001_R2_001.fastq.gz"
"hja2016_008",2016,"HJA2016_Plate1","Plate1","S5","WS3-1","WS3-1","Hyporheic","hyporheic water","GSF2238-Lennon-Plate1-hja2016_008_S5_L001_R1_001.fastq.gz","GSF2238-Lennon-Plate1-hja2016_008_S5_L001_R2_001.fastq.gz","sequences/GSF2238-Lennon-Plate1-hja2016_008_S5_L001_R1_001.fastq.gz","sequences/GSF2238-Lennon-Plate1-hja2016_008_S5_L001_R2_001.fastq.gz",TRUE,FALSE,,"data/hja-env_data_clean.csv",120,"MATCHED",,,,"/mnt/scratch/wisnoskilab/GitHub/hja-synoptic/sequences/GSF2238-Lennon-Plate1-hja2016_008_S5_L001_R1_001.fastq.gz","/mnt/scratch/wisnoskilab/GitHub/hja-synoptic/sequences/GSF2238-Lennon-Plate1-hja2016_008_S5_L001_R2_001.fastq.gz"
"hja2016_009",2016,"HJA2016_Plate1","Plate1","S6","60","60","Hyporheic","hyporheic water","GSF2238-Lennon-Plate1-hja2016_009_S6_L001_R1_001.fastq.gz","GSF2238-Lennon-Plate1-hja2016_009_S6_L001_R2_001.fastq.gz","sequences/GSF2238-Lennon-Plate1-hja2016_009_S6_L001_R1_001.fastq.gz","sequences/GSF2238-Lennon-Plate1-hja2016_009_S6_L001_R2_001.fastq.gz",TRUE,FALSE,,"data/hja-env_data_clean.csv",75,"MATCHED",,,,"/mnt/scratch/wisnoskilab/GitHub/hja-synoptic/sequences/GSF2238-Lennon-Plate1-hja2016_009_S6_L001_R1_001.fastq.gz","/mnt/scratch/wisnoskilab/GitHub/hja-synoptic/sequences/GSF2238-Lennon-Plate1-hja2016_009_S6_L001_R2_001.fastq.gz"
"hja2016_010",2016,"HJA2016_Plate1","Plate1","S7","164","164","Stream","planktonic streamwater","GSF2238-Lennon-Plate1-hja2016_010_S7_L001_R1_001.fastq.gz","GSF2238-Lennon-Plate1-hja2016_010_S7_L001_R2_001.fastq.gz","sequences/GSF2238-Lennon-Plate1-hja2016_010_S7_L001_R1_001.fastq.gz","sequences/GSF2238-Lennon-Plate1-hja2016_010_S7_L001_R2_001.fastq.gz",TRUE,FALSE,,"data/hja-env_data_clean.csv",33,"MATCHED",,,,"/mnt/scratch/wisnoskilab/GitHub/hja-synoptic/sequences/GSF2238-Lennon-Plate1-hja2016_010_S7_L001_R1_001.fastq.gz","/mnt/scratch/wisnoskilab/GitHub/hja-synoptic/sequences/GSF2238-Lennon-Plate1-hja2016_010_S7_L001_R2_001.fastq.gz"
"hja2016_011",2016,"HJA2016_Plate1","Plate1","S8","WS1-6","WS1-6","Stream","planktonic streamwater","GSF2238-Lennon-Plate1-hja2016_011_S8_L001_R1_001.fastq.gz","GSF2238-Lennon-Plate1-hja2016_011_S8_L001_R2_001.fastq.gz","sequences/GSF2238-Lennon-Plate1-hja2016_011_S8_L001_R1_001.fastq.gz","sequences/GSF2238-Lennon-Plate1-hja2016_011_S8_L001_R2_001.fastq.gz",TRUE,FALSE,,"data/hja-env_data_clean.csv",55,"MATCHED",,,,"/mnt/scratch/wisnoskilab/GitHub/hja-synoptic/sequences/GSF2238-Lennon-Plate1-hja2016_011_S8_L001_R1_001.fastq.gz","/mnt/scratch/wisnoskilab/GitHub/hja-synoptic/sequences/GSF2238-Lennon-Plate1-hja2016_011_S8_L001_R2_001.fastq.gz"
"hja2016_013",2016,"HJA2016_Plate1","Plate1","S9","WS1-4","WS1-4","Stream","planktonic streamwater","GSF2238-Lennon-Plate1-hja2016_013_S9_L001_R1_001.fastq.gz","GSF2238-Lennon-Plate1-hja2016_013_S9_L001_R2_001.fastq.gz","sequences/GSF2238-Lennon-Plate1-hja2016_013_S9_L001_R1_001.fastq.gz","sequences/GSF2238-Lennon-Plate1-hja2016_013_S9_L001_R2_001.fastq.gz",TRUE,FALSE,,"data/hja-env_data_clean.csv",53,"MATCHED",,,,"/mnt/scratch/wisnoskilab/GitHub/hja-synoptic/sequences/GSF2238-Lennon-Plate1-hja2016_013_S9_L001_R1_001.fastq.gz","/mnt/scratch/wisnoskilab/GitHub/hja-synoptic/sequences/GSF2238-Lennon-Plate1-hja2016_013_S9_L001_R2_001.fastq.gz"
"hja2016_014",2016,"HJA2016_Plate1","Plate1","S10","WS1-6","WS1-6","Hyporheic","hyporheic water","GSF2238-Lennon-Plate1-hja2016_014_S10_L001_R1_001.fastq.gz","GSF2238-Lennon-Plate1-hja2016_014_S10_L001_R2_001.fastq.gz","sequences/GSF2238-Lennon-Plate1-hja2016_014_S10_L001_R1_001.fastq.gz","sequences/GSF2238-Lennon-Plate1-hja2016_014_S10_L001_R2_001.fastq.gz",TRUE,FALSE,,"data/hja-env_data_clean.csv",117,"MATCHED",,,,"/mnt/scratch/wisnoskilab/GitHub/hja-synoptic/sequences/GSF2238-Lennon-Plate1-hja2016_014_S10_L001_R1_001.fastq.gz","/mnt/scratch/wisnoskilab/GitHub/hja-synoptic/sequences/GSF2238-Lennon-Plate1-hja2016_014_S10_L001_R2_001.fastq.gz"
"hja2016_015",2016,"HJA2016_Plate1","Plate1","S11","47","47","Hyporheic","hyporheic water","GSF2238-Lennon-Plate1-hja2016_015_S11_L001_R1_001.fastq.gz","GSF2238-Lennon-Plate1-hja2016_015_S11_L001_R2_001.fastq.gz","sequences/GSF2238-Lennon-Plate1-hja2016_015_S11_L001_R1_001.fastq.gz","sequences/GSF2238-Lennon-Plate1-hja2016_015_S11_L001_R2_001.fastq.gz",TRUE,FALSE,,"data/hja-env_data_clean.csv",66,"MATCHED",,,,"/mnt/scratch/wisnoskilab/GitHub/hja-synoptic/sequences/GSF2238-Lennon-Plate1-hja2016_015_S11_L001_R1_001.fastq.gz","/mnt/scratch/wisnoskilab/GitHub/hja-synoptic/sequences/GSF2238-Lennon-Plate1-hja2016_015_S11_L001_R2_001.fastq.gz"
"hja2016_016",2016,"HJA2016_Plate1","Plate1","S12","74","74","Hyporheic","hyporheic water","GSF2238-Lennon-Plate1-hja2016_016_S12_L001_R1_001.fastq.gz","GSF2238-Lennon-Plate1-hja2016_016_S12_L001_R2_001.fastq.gz","sequences/GSF2238-Lennon-Plate1-hja2016_016_S12_L001_R1_001.fastq.gz","sequences/GSF2238-Lennon-Plate1-hja2016_016_S12_L001_R2_001.fastq.gz",TRUE,FALSE,,"data/hja-env_data_clean.csv",84,"MATCHED",,,,"/mnt/scratch/wisnoskilab/GitHub/hja-synoptic/sequences/GSF2238-Lennon-Plate1-hja2016_016_S12_L001_R1_001.fastq.gz","/mnt/scratch/wisnoskilab/GitHub/hja-synoptic/sequences/GSF2238-Lennon-Plate1-hja2016_016_S12_L001_R2_001.fastq.gz"
"hja2016_018",2016,"HJA2016_Plate1","Plate1","S13","WS1-5","WS1-5","Hyporheic","hyporheic water","GSF2238-Lennon-Plate1-hja2016_018_S13_L001_R1_001.fastq.gz","GSF2238-Lennon-Plate1-hja2016_018_S13_L001_R2_001.fastq.gz","sequences/GSF2238-Lennon-Plate1-hja2016_018_S13_L001_R1_001.fastq.gz","sequences/GSF2238-Lennon-Plate1-hja2016_018_S13_L001_R2_001.fastq.gz",TRUE,FALSE,,"data/hja-env_data_clean.csv",116,"MATCHED",,,,"/mnt/scratch/wisnoskilab/GitHub/hja-synoptic/sequences/GSF2238-Lennon-Plate1-hja2016_018_S13_L001_R1_001.fastq.gz","/mnt/scratch/wisnoskilab/GitHub/hja-synoptic/sequences/GSF2238-Lennon-Plate1-hja2016_018_S13_L001_R2_001.fastq.gz"
"hja2016_019",2016,"HJA2016_Plate1","Plate1","S14","155","155","Hyporheic","hyporheic water","GSF2238-Lennon-Plate1-hja2016_019_S14_L001_R1_001.fastq.gz","GSF2238-Lennon-Plate1-hja2016_019_S14_L001_R2_001.fastq.gz","sequences/GSF2238-Lennon-Plate1-hja2016_019_S14_L001_R1_001.fastq.gz","sequences/GSF2238-Lennon-Plate1-hja2016_019_S14_L001_R2_001.fastq.gz",TRUE,FALSE,,"data/hja-env_data_clean.csv",89,"MATCHED",,,,"/mnt/scratch/wisnoskilab/GitHub/hja-synoptic/sequences/GSF2238-Lennon-Plate1-hja2016_019_S14_L001_R1_001.fastq.gz","/mnt/scratch/wisnoskilab/GitHub/hja-synoptic/sequences/GSF2238-Lennon-Plate1-hja2016_019_S14_L001_R2_001.fastq.gz"
"hja2016_020",2016,"HJA2016_Plate1","Plate1","S15","WS1-2","WS1-2","Hyporheic","hyporheic water","GSF2238-Lennon-Plate1-hja2016_020_S15_L001_R1_001.fastq.gz","GSF2238-Lennon-Plate1-hja2016_020_S15_L001_R2_001.fastq.gz","sequences/GSF2238-Lennon-Plate1-hja2016_020_S15_L001_R1_001.fastq.gz","sequences/GSF2238-Lennon-Plate1-hja2016_020_S15_L001_R2_001.fastq.gz",TRUE,FALSE,,"data/hja-env_data_clean.csv",113,"MATCHED",,,,"/mnt/scratch/wisnoskilab/GitHub/hja-synoptic/sequences/GSF2238-Lennon-Plate1-hja2016_020_S15_L001_R1_001.fastq.gz","/mnt/scratch/wisnoskilab/GitHub/hja-synoptic/sequences/GSF2238-Lennon-Plate1-hja2016_020_S15_L001_R2_001.fastq.gz"
"hja2016_021",2016,"HJA2016_Plate1","Plate1","S16","156","156","Hyporheic","hyporheic water","GSF2238-Lennon-Plate1-hja2016_021_S16_L001_R1_001.fastq.gz","GSF2238-Lennon-Plate1-hja2016_021_S16_L001_R2_001.fastq.gz","sequences/GSF2238-Lennon-Plate1-hja2016_021_S16_L001_R1_001.fastq.gz","sequences/GSF2238-Lennon-Plate1-hja2016_021_S16_L001_R2_001.fastq.gz",TRUE,FALSE,,"data/hja-env_data_clean.csv",90,"MATCHED",,,,"/mnt/scratch/wisnoskilab/GitHub/hja-synoptic/sequences/GSF2238-Lennon-Plate1-hja2016_021_S16_L001_R1_001.fastq.gz","/mnt/scratch/wisnoskilab/GitHub/hja-synoptic/sequences/GSF2238-Lennon-Plate1-hja2016_021_S16_L001_R2_001.fastq.gz"
"hja2016_027",2016,"HJA2016_Plate1","Plate1","S17","WS3-6","WS3-6","Stream","planktonic streamwater","GSF2238-Lennon-Plate1-hja2016_027_S17_L001_R1_001.fastq.gz","GSF2238-Lennon-Plate1-hja2016_027_S17_L001_R2_001.fastq.gz","sequences/GSF2238-Lennon-Plate1-hja2016_027_S17_L001_R1_001.fastq.gz","sequences/GSF2238-Lennon-Plate1-hja2016_027_S17_L001_R2_001.fastq.gz",TRUE,FALSE,,"data/hja-env_data_clean.csv",63,"MATCHED",,,,"/mnt/scratch/wisnoskilab/GitHub/hja-synoptic/sequences/GSF2238-Lennon-Plate1-hja2016_027_S17_L001_R1_001.fastq.gz","/mnt/scratch/wisnoskilab/GitHub/hja-synoptic/sequences/GSF2238-Lennon-Plate1-hja2016_027_S17_L001_R2_001.fastq.gz"
"hja2016_029",2016,"HJA2016_Plate1","Plate1","S18","192","192","Stream","planktonic streamwater","GSF2238-Lennon-Plate1-hja2016_029_S18_L001_R1_001.fastq.gz","GSF2238-Lennon-Plate1-hja2016_029_S18_L001_R2_001.fastq.gz","sequences/GSF2238-Lennon-Plate1-hja2016_029_S18_L001_R1_001.fastq.gz","sequences/GSF2238-Lennon-Plate1-hja2016_029_S18_L001_R2_001.fastq.gz",TRUE,FALSE,,"data/hja-env_data_clean.csv",40,"MATCHED",,,,"/mnt/scratch/wisnoskilab/GitHub/hja-synoptic/sequences/GSF2238-Lennon-Plate1-hja2016_029_S18_L001_R1_001.fastq.gz","/mnt/scratch/wisnoskilab/GitHub/hja-synoptic/sequences/GSF2238-Lennon-Plate1-hja2016_029_S18_L001_R2_001.fastq.gz"
"hja2016_030",2016,"HJA2016_Plate1","Plate1","S19","190","190","Stream","planktonic streamwater","GSF2238-Lennon-Plate1-hja2016_030_S19_L001_R1_001.fastq.gz","GSF2238-Lennon-Plate1-hja2016_030_S19_L001_R2_001.fastq.gz","sequences/GSF2238-Lennon-Plate1-hja2016_030_S19_L001_R1_001.fastq.gz","sequences/GSF2238-Lennon-Plate1-hja2016_030_S19_L001_R2_001.fastq.gz",TRUE,FALSE,,"data/hja-env_data_clean.csv",39,"MATCHED",,,,"/mnt/scratch/wisnoskilab/GitHub/hja-synoptic/sequences/GSF2238-Lennon-Plate1-hja2016_030_S19_L001_R1_001.fastq.gz","/mnt/scratch/wisnoskilab/GitHub/hja-synoptic/sequences/GSF2238-Lennon-Plate1-hja2016_030_S19_L001_R2_001.fastq.gz"
"hja2016_031",2016,"HJA2016_Plate2","Plate2","S20","161","161","Hyporheic","hyporheic water","GSF2238-Lennon-Plate2-hja2016_031_S20_L001_R1_001.fastq.gz","GSF2238-Lennon-Plate2-hja2016_031_S20_L001_R2_001.fastq.gz","sequences/GSF2238-Lennon-Plate2-hja2016_031_S20_L001_R1_001.fastq.gz","sequences/GSF2238-Lennon-Plate2-hja2016_031_S20_L001_R2_001.fastq.gz",TRUE,FALSE,,"data/hja-env_data_clean.csv",92,"MATCHED",,,,"/mnt/scratch/wisnoskilab/GitHub/hja-synoptic/sequences/GSF2238-Lennon-Plate2-hja2016_031_S20_L001_R1_001.fastq.gz","/mnt/scratch/wisnoskilab/GitHub/hja-synoptic/sequences/GSF2238-Lennon-Plate2-hja2016_031_S20_L001_R2_001.fastq.gz"
"hja2016_032",2016,"HJA2016_Plate2","Plate2","S21","54","54","Hyporheic","hyporheic water","GSF2238-Lennon-Plate2-hja2016_032_S21_L001_R1_001.fastq.gz","GSF2238-Lennon-Plate2-hja2016_032_S21_L001_R2_001.fastq.gz","sequences/GSF2238-Lennon-Plate2-hja2016_032_S21_L001_R1_001.fastq.gz","sequences/GSF2238-Lennon-Plate2-hja2016_032_S21_L001_R2_001.fastq.gz",TRUE,FALSE,,"data/hja-env_data_clean.csv",70,"MATCHED",,,,"/mnt/scratch/wisnoskilab/GitHub/hja-synoptic/sequences/GSF2238-Lennon-Plate2-hja2016_032_S21_L001_R1_001.fastq.gz","/mnt/scratch/wisnoskilab/GitHub/hja-synoptic/sequences/GSF2238-Lennon-Plate2-hja2016_032_S21_L001_R2_001.fastq.gz"
"hja2016_035",2016,"HJA2016_Plate2","Plate2","S22","192","192","Hyporheic","hyporheic water","GSF2238-Lennon-Plate2-hja2016_035_S22_L001_R1_001.fastq.gz","GSF2238-Lennon-Plate2-hja2016_035_S22_L001_R2_001.fastq.gz","sequences/GSF2238-Lennon-Plate2-hja2016_035_S22_L001_R1_001.fastq.gz","sequences/GSF2238-Lennon-Plate2-hja2016_035_S22_L001_R2_001.fastq.gz",TRUE,FALSE,,"data/hja-env_data_clean.csv",102,"MATCHED",,,,"/mnt/scratch/wisnoskilab/GitHub/hja-synoptic/sequences/GSF2238-Lennon-Plate2-hja2016_035_S22_L001_R1_001.fastq.gz","/mnt/scratch/wisnoskilab/GitHub/hja-synoptic/sequences/GSF2238-Lennon-Plate2-hja2016_035_S22_L001_R2_001.fastq.gz"
"hja2016_037",2016,"HJA2016_Plate2","Plate2","S23","43","43","Hyporheic","hyporheic water","GSF2238-Lennon-Plate2-hja2016_037_S23_L001_R1_001.fastq.gz","GSF2238-Lennon-Plate2-hja2016_037_S23_L001_R2_001.fastq.gz","sequences/GSF2238-Lennon-Plate2-hja2016_037_S23_L001_R1_001.fastq.gz","sequences/GSF2238-Lennon-Plate2-hja2016_037_S23_L001_R2_001.fastq.gz",TRUE,FALSE,,"data/hja-env_data_clean.csv",64,"MATCHED",,,,"/mnt/scratch/wisnoskilab/GitHub/hja-synoptic/sequences/GSF2238-Lennon-Plate2-hja2016_037_S23_L001_R1_001.fastq.gz","/mnt/scratch/wisnoskilab/GitHub/hja-synoptic/sequences/GSF2238-Lennon-Plate2-hja2016_037_S23_L001_R2_001.fastq.gz"
"hja2016_040",2016,"HJA2016_Plate2","Plate2","S24","190","190","Hyporheic","hyporheic water","GSF2238-Lennon-Plate2-hja2016_040_S24_L001_R1_001.fastq.gz","GSF2238-Lennon-Plate2-hja2016_040_S24_L001_R2_001.fastq.gz","sequences/GSF2238-Lennon-Plate2-hja2016_040_S24_L001_R1_001.fastq.gz","sequences/GSF2238-Lennon-Plate2-hja2016_040_S24_L001_R2_001.fastq.gz",TRUE,FALSE,,"data/hja-env_data_clean.csv",101,"MATCHED",,,,"/mnt/scratch/wisnoskilab/GitHub/hja-synoptic/sequences/GSF2238-Lennon-Plate2-hja2016_040_S24_L001_R1_001.fastq.gz","/mnt/scratch/wisnoskilab/GitHub/hja-synoptic/sequences/GSF2238-Lennon-Plate2-hja2016_040_S24_L001_R2_001.fastq.gz"
"hja2016_042",2016,"HJA2016_Plate2","Plate2","S25","165","165","Stream","planktonic streamwater","GSF2238-Lennon-Plate2-hja2016_042_S25_L001_R1_001.fastq.gz","GSF2238-Lennon-Plate2-hja2016_042_S25_L001_R2_001.fastq.gz","sequences/GSF2238-Lennon-Plate2-hja2016_042_S25_L001_R1_001.fastq.gz","sequences/GSF2238-Lennon-Plate2-hja2016_042_S25_L001_R2_001.fastq.gz",TRUE,FALSE,,"data/hja-env_data_clean.csv",34,"MATCHED",,,,"/mnt/scratch/wisnoskilab/GitHub/hja-synoptic/sequences/GSF2238-Lennon-Plate2-hja2016_042_S25_L001_R1_001.fastq.gz","/mnt/scratch/wisnoskilab/GitHub/hja-synoptic/sequences/GSF2238-Lennon-Plate2-hja2016_042_S25_L001_R2_001.fastq.gz"
"hja2016_043",2016,"HJA2016_Plate2","Plate2","S26","KC-2","KC-2","Hyporheic","hyporheic water","GSF2238-Lennon-Plate2-hja2016_043_S26_L001_R1_001.fastq.gz","GSF2238-Lennon-Plate2-hja2016_043_S26_L001_R2_001.fastq.gz","sequences/GSF2238-Lennon-Plate2-hja2016_043_S26_L001_R1_001.fastq.gz","sequences/GSF2238-Lennon-Plate2-hja2016_043_S26_L001_R2_001.fastq.gz",TRUE,FALSE,,"data/hja-env_data_clean.csv",110,"MATCHED",,,,"/mnt/scratch/wisnoskilab/GitHub/hja-synoptic/sequences/GSF2238-Lennon-Plate2-hja2016_043_S26_L001_R1_001.fastq.gz","/mnt/scratch/wisnoskilab/GitHub/hja-synoptic/sequences/GSF2238-Lennon-Plate2-hja2016_043_S26_L001_R2_001.fastq.gz"
"hja2016_044",2016,"HJA2016_Plate2","Plate2","S27","156","156","Stream","planktonic streamwater","GSF2238-Lennon-Plate2-hja2016_044_S27_L001_R1_001.fastq.gz","GSF2238-Lennon-Plate2-hja2016_044_S27_L001_R2_001.fastq.gz","sequences/GSF2238-Lennon-Plate2-hja2016_044_S27_L001_R1_001.fastq.gz","sequences/GSF2238-Lennon-Plate2-hja2016_044_S27_L001_R2_001.fastq.gz",TRUE,FALSE,,"data/hja-env_data_clean.csv",28,"MATCHED",,,,"/mnt/scratch/wisnoskilab/GitHub/hja-synoptic/sequences/GSF2238-Lennon-Plate2-hja2016_044_S27_L001_R1_001.fastq.gz","/mnt/scratch/wisnoskilab/GitHub/hja-synoptic/sequences/GSF2238-Lennon-Plate2-hja2016_044_S27_L001_R2_001.fastq.gz"
"hja2016_049",2016,"HJA2016_Plate2","Plate2","S29","67","67","Stream","planktonic streamwater","GSF2238-Lennon-Plate2-hja2016_049_S29_L001_R1_001.fastq.gz","GSF2238-Lennon-Plate2-hja2016_049_S29_L001_R2_001.fastq.gz","sequences/GSF2238-Lennon-Plate2-hja2016_049_S29_L001_R1_001.fastq.gz","sequences/GSF2238-Lennon-Plate2-hja2016_049_S29_L001_R2_001.fastq.gz",TRUE,FALSE,,"data/hja-env_data_clean.csv",17,"MATCHED",,,,"/mnt/scratch/wisnoskilab/GitHub/hja-synoptic/sequences/GSF2238-Lennon-Plate2-hja2016_049_S29_L001_R1_001.fastq.gz","/mnt/scratch/wisnoskilab/GitHub/hja-synoptic/sequences/GSF2238-Lennon-Plate2-hja2016_049_S29_L001_R2_001.fastq.gz"
"hja2016_050",2016,"HJA2016_Plate2","Plate2","S30","165","165","Hyporheic","hyporheic water","GSF2238-Lennon-Plate2-hja2016_050_S30_L001_R1_001.fastq.gz","GSF2238-Lennon-Plate2-hja2016_050_S30_L001_R2_001.fastq.gz","sequences/GSF2238-Lennon-Plate2-hja2016_050_S30_L001_R1_001.fastq.gz","sequences/GSF2238-Lennon-Plate2-hja2016_050_S30_L001_R2_001.fastq.gz",TRUE,FALSE,,"data/hja-env_data_clean.csv",96,"MATCHED",,,,"/mnt/scratch/wisnoskilab/GitHub/hja-synoptic/sequences/GSF2238-Lennon-Plate2-hja2016_050_S30_L001_R1_001.fastq.gz","/mnt/scratch/wisnoskilab/GitHub/hja-synoptic/sequences/GSF2238-Lennon-Plate2-hja2016_050_S30_L001_R2_001.fastq.gz"
"hja2016_052",2016,"HJA2016_Plate2","Plate2","S31","163","163","Hyporheic","hyporheic water","GSF2238-Lennon-Plate2-hja2016_052_S31_L001_R1_001.fastq.gz","GSF2238-Lennon-Plate2-hja2016_052_S31_L001_R2_001.fastq.gz","sequences/GSF2238-Lennon-Plate2-hja2016_052_S31_L001_R1_001.fastq.gz","sequences/GSF2238-Lennon-Plate2-hja2016_052_S31_L001_R2_001.fastq.gz",TRUE,FALSE,,"data/hja-env_data_clean.csv",94,"MATCHED",,,,"/mnt/scratch/wisnoskilab/GitHub/hja-synoptic/sequences/GSF2238-Lennon-Plate2-hja2016_052_S31_L001_R1_001.fastq.gz","/mnt/scratch/wisnoskilab/GitHub/hja-synoptic/sequences/GSF2238-Lennon-Plate2-hja2016_052_S31_L001_R2_001.fastq.gz"
"hja2016_056",2016,"HJA2016_Plate2","Plate2","S32","KC-1","KC-1","Hyporheic","hyporheic water","GSF2238-Lennon-Plate2-hja2016_056_S32_L001_R1_001.fastq.gz","GSF2238-Lennon-Plate2-hja2016_056_S32_L001_R2_001.fastq.gz","sequences/GSF2238-Lennon-Plate2-hja2016_056_S32_L001_R1_001.fastq.gz","sequences/GSF2238-Lennon-Plate2-hja2016_056_S32_L001_R2_001.fastq.gz",TRUE,FALSE,,"data/hja-env_data_clean.csv",109,"MATCHED",,,,"/mnt/scratch/wisnoskilab/GitHub/hja-synoptic/sequences/GSF2238-Lennon-Plate2-hja2016_056_S32_L001_R1_001.fastq.gz","/mnt/scratch/wisnoskilab/GitHub/hja-synoptic/sequences/GSF2238-Lennon-Plate2-hja2016_056_S32_L001_R2_001.fastq.gz"
"hja2016_057",2016,"HJA2016_Plate2","Plate2","S33","71","71","Hyporheic","hyporheic water","GSF2238-Lennon-Plate2-hja2016_057_S33_L001_R1_001.fastq.gz","GSF2238-Lennon-Plate2-hja2016_057_S33_L001_R2_001.fastq.gz","sequences/GSF2238-Lennon-Plate2-hja2016_057_S33_L001_R1_001.fastq.gz","sequences/GSF2238-Lennon-Plate2-hja2016_057_S33_L001_R2_001.fastq.gz",TRUE,FALSE,,"data/hja-env_data_clean.csv",81,"MATCHED",,,,"/mnt/scratch/wisnoskilab/GitHub/hja-synoptic/sequences/GSF2238-Lennon-Plate2-hja2016_057_S33_L001_R1_001.fastq.gz","/mnt/scratch/wisnoskilab/GitHub/hja-synoptic/sequences/GSF2238-Lennon-Plate2-hja2016_057_S33_L001_R2_001.fastq.gz"
"hja2016_059",2016,"HJA2016_Plate2","Plate2","S34","KC-2","KC-2","Stream","planktonic streamwater","GSF2238-Lennon-Plate2-hja2016_059_S34_L001_R1_001.fastq.gz","GSF2238-Lennon-Plate2-hja2016_059_S34_L001_R2_001.fastq.gz","sequences/GSF2238-Lennon-Plate2-hja2016_059_S34_L001_R1_001.fastq.gz","sequences/GSF2238-Lennon-Plate2-hja2016_059_S34_L001_R2_001.fastq.gz",TRUE,FALSE,,"data/hja-env_data_clean.csv",48,"MATCHED",,,,"/mnt/scratch/wisnoskilab/GitHub/hja-synoptic/sequences/GSF2238-Lennon-Plate2-hja2016_059_S34_L001_R1_001.fastq.gz","/mnt/scratch/wisnoskilab/GitHub/hja-synoptic/sequences/GSF2238-Lennon-Plate2-hja2016_059_S34_L001_R2_001.fastq.gz"
"hja2016_062",2016,"HJA2016_Plate2","Plate2","S35","WS3-3","WS3-3","Hyporheic","hyporheic water","GSF2238-Lennon-Plate2-hja2016_062_S35_L001_R1_001.fastq.gz","GSF2238-Lennon-Plate2-hja2016_062_S35_L001_R2_001.fastq.gz","sequences/GSF2238-Lennon-Plate2-hja2016_062_S35_L001_R1_001.fastq.gz","sequences/GSF2238-Lennon-Plate2-hja2016_062_S35_L001_R2_001.fastq.gz",TRUE,FALSE,,"data/hja-env_data_clean.csv",122,"MATCHED",,,,"/mnt/scratch/wisnoskilab/GitHub/hja-synoptic/sequences/GSF2238-Lennon-Plate2-hja2016_062_S35_L001_R1_001.fastq.gz","/mnt/scratch/wisnoskilab/GitHub/hja-synoptic/sequences/GSF2238-Lennon-Plate2-hja2016_062_S35_L001_R2_001.fastq.gz"
"hja2016_064",2016,"HJA2016_Plate2","Plate2","S36","WS3-4","WS3-4","Stream","planktonic streamwater","GSF2238-Lennon-Plate2-hja2016_064_S36_L001_R1_001.fastq.gz","GSF2238-Lennon-Plate2-hja2016_064_S36_L001_R2_001.fastq.gz","sequences/GSF2238-Lennon-Plate2-hja2016_064_S36_L001_R1_001.fastq.gz","sequences/GSF2238-Lennon-Plate2-hja2016_064_S36_L001_R2_001.fastq.gz",TRUE,FALSE,,"data/hja-env_data_clean.csv",61,"MATCHED",,,,"/mnt/scratch/wisnoskilab/GitHub/hja-synoptic/sequences/GSF2238-Lennon-Plate2-hja2016_064_S36_L001_R1_001.fastq.gz","/mnt/scratch/wisnoskilab/GitHub/hja-synoptic/sequences/GSF2238-Lennon-Plate2-hja2016_064_S36_L001_R2_001.fastq.gz"
"hja2016_065",2016,"HJA2016_Plate1","Plate1","S46","68","68","Hyporheic","hyporheic water","GSF2238-Lennon-Plate1-hja2016_065_S46_L001_R1_001.fastq.gz","GSF2238-Lennon-Plate1-hja2016_065_S46_L001_R2_001.fastq.gz","sequences/GSF2238-Lennon-Plate1-hja2016_065_S46_L001_R1_001.fastq.gz","sequences/GSF2238-Lennon-Plate1-hja2016_065_S46_L001_R2_001.fastq.gz",TRUE,FALSE,,"data/hja-env_data_clean.csv",80,"MATCHED",,,,"/mnt/scratch/wisnoskilab/GitHub/hja-synoptic/sequences/GSF2238-Lennon-Plate1-hja2016_065_S46_L001_R1_001.fastq.gz","/mnt/scratch/wisnoskilab/GitHub/hja-synoptic/sequences/GSF2238-Lennon-Plate1-hja2016_065_S46_L001_R2_001.fastq.gz"
"hja2016_066",2016,"HJA2016_Plate1","Plate1","S47","49","49","Hyporheic","hyporheic water","GSF2238-Lennon-Plate1-hja2016_066_S47_L001_R1_001.fastq.gz","GSF2238-Lennon-Plate1-hja2016_066_S47_L001_R2_001.fastq.gz","sequences/GSF2238-Lennon-Plate1-hja2016_066_S47_L001_R1_001.fastq.gz","sequences/GSF2238-Lennon-Plate1-hja2016_066_S47_L001_R2_001.fastq.gz",TRUE,FALSE,,"data/hja-env_data_clean.csv",67,"MATCHED",,,,"/mnt/scratch/wisnoskilab/GitHub/hja-synoptic/sequences/GSF2238-Lennon-Plate1-hja2016_066_S47_L001_R1_001.fastq.gz","/mnt/scratch/wisnoskilab/GitHub/hja-synoptic/sequences/GSF2238-Lennon-Plate1-hja2016_066_S47_L001_R2_001.fastq.gz"
"hja2016_070",2016,"HJA2016_Plate1","Plate1","S48","56","56","Hyporheic","hyporheic water","GSF2238-Lennon-Plate1-hja2016_070_S48_L001_R1_001.fastq.gz","GSF2238-Lennon-Plate1-hja2016_070_S48_L001_R2_001.fastq.gz","sequences/GSF2238-Lennon-Plate1-hja2016_070_S48_L001_R1_001.fastq.gz","sequences/GSF2238-Lennon-Plate1-hja2016_070_S48_L001_R2_001.fastq.gz",TRUE,FALSE,,"data/hja-env_data_clean.csv",72,"MATCHED",,,,"/mnt/scratch/wisnoskilab/GitHub/hja-synoptic/sequences/GSF2238-Lennon-Plate1-hja2016_070_S48_L001_R1_001.fastq.gz","/mnt/scratch/wisnoskilab/GitHub/hja-synoptic/sequences/GSF2238-Lennon-Plate1-hja2016_070_S48_L001_R2_001.fastq.gz"
"hja2016_071",2016,"HJA2016_Plate1","Plate1","S49","164","164","Hyporheic","hyporheic water","GSF2238-Lennon-Plate1-hja2016_071_S49_L001_R1_001.fastq.gz","GSF2238-Lennon-Plate1-hja2016_071_S49_L001_R2_001.fastq.gz","sequences/GSF2238-Lennon-Plate1-hja2016_071_S49_L001_R1_001.fastq.gz","sequences/GSF2238-Lennon-Plate1-hja2016_071_S49_L001_R2_001.fastq.gz",TRUE,FALSE,,"data/hja-env_data_clean.csv",95,"MATCHED",,,,"/mnt/scratch/wisnoskilab/GitHub/hja-synoptic/sequences/GSF2238-Lennon-Plate1-hja2016_071_S49_L001_R1_001.fastq.gz","/mnt/scratch/wisnoskilab/GitHub/hja-synoptic/sequences/GSF2238-Lennon-Plate1-hja2016_071_S49_L001_R2_001.fastq.gz"
"hja2016_075",2016,"HJA2016_Plate1","Plate1","S50","260","260","Hyporheic","hyporheic water","GSF2238-Lennon-Plate1-hja2016_075_S50_L001_R1_001.fastq.gz","GSF2238-Lennon-Plate1-hja2016_075_S50_L001_R2_001.fastq.gz","sequences/GSF2238-Lennon-Plate1-hja2016_075_S50_L001_R1_001.fastq.gz","sequences/GSF2238-Lennon-Plate1-hja2016_075_S50_L001_R2_001.fastq.gz",TRUE,FALSE,,"data/hja-env_data_clean.csv",103,"MATCHED",,,,"/mnt/scratch/wisnoskilab/GitHub/hja-synoptic/sequences/GSF2238-Lennon-Plate1-hja2016_075_S50_L001_R1_001.fastq.gz","/mnt/scratch/wisnoskilab/GitHub/hja-synoptic/sequences/GSF2238-Lennon-Plate1-hja2016_075_S50_L001_R2_001.fastq.gz"
"hja2016_078",2016,"HJA2016_Plate1","Plate1","S51","CC-1","CC-1","Hyporheic","hyporheic water","GSF2238-Lennon-Plate1-hja2016_078_S51_L001_R1_001.fastq.gz","GSF2238-Lennon-Plate1-hja2016_078_S51_L001_R2_001.fastq.gz","sequences/GSF2238-Lennon-Plate1-hja2016_078_S51_L001_R1_001.fastq.gz","sequences/GSF2238-Lennon-Plate1-hja2016_078_S51_L001_R2_001.fastq.gz",TRUE,FALSE,,"data/hja-env_data_clean.csv",105,"MATCHED",,,,"/mnt/scratch/wisnoskilab/GitHub/hja-synoptic/sequences/GSF2238-Lennon-Plate1-hja2016_078_S51_L001_R1_001.fastq.gz","/mnt/scratch/wisnoskilab/GitHub/hja-synoptic/sequences/GSF2238-Lennon-Plate1-hja2016_078_S51_L001_R2_001.fastq.gz"
"hja2016_079",2016,"HJA2016_Plate1","Plate1","S52","64","64","Hyporheic","hyporheic water","GSF2238-Lennon-Plate1-hja2016_079_S52_L001_R1_001.fastq.gz","GSF2238-Lennon-Plate1-hja2016_079_S52_L001_R2_001.fastq.gz","sequences/GSF2238-Lennon-Plate1-hja2016_079_S52_L001_R1_001.fastq.gz","sequences/GSF2238-Lennon-Plate1-hja2016_079_S52_L001_R2_001.fastq.gz",TRUE,FALSE,,"data/hja-env_data_clean.csv",76,"MATCHED",,,,"/mnt/scratch/wisnoskilab/GitHub/hja-synoptic/sequences/GSF2238-Lennon-Plate1-hja2016_079_S52_L001_R1_001.fastq.gz","/mnt/scratch/wisnoskilab/GitHub/hja-synoptic/sequences/GSF2238-Lennon-Plate1-hja2016_079_S52_L001_R2_001.fastq.gz"
"hja2016_080",2016,"HJA2016_Plate1","Plate1","S53","360","360","Hyporheic","hyporheic water","GSF2238-Lennon-Plate1-hja2016_080_S53_L001_R1_001.fastq.gz","GSF2238-Lennon-Plate1-hja2016_080_S53_L001_R2_001.fastq.gz","sequences/GSF2238-Lennon-Plate1-hja2016_080_S53_L001_R1_001.fastq.gz","sequences/GSF2238-Lennon-Plate1-hja2016_080_S53_L001_R2_001.fastq.gz",TRUE,FALSE,,"data/hja-env_data_clean.csv",104,"MATCHED",,,,"/mnt/scratch/wisnoskilab/GitHub/hja-synoptic/sequences/GSF2238-Lennon-Plate1-hja2016_080_S53_L001_R1_001.fastq.gz","/mnt/scratch/wisnoskilab/GitHub/hja-synoptic/sequences/GSF2238-Lennon-Plate1-hja2016_080_S53_L001_R2_001.fastq.gz"
"hja2016_081",2016,"HJA2016_Plate1","Plate1","S54","160","160","Hyporheic","hyporheic water","GSF2238-Lennon-Plate1-hja2016_081_S54_L001_R1_001.fastq.gz","GSF2238-Lennon-Plate1-hja2016_081_S54_L001_R2_001.fastq.gz","sequences/GSF2238-Lennon-Plate1-hja2016_081_S54_L001_R1_001.fastq.gz","sequences/GSF2238-Lennon-Plate1-hja2016_081_S54_L001_R2_001.fastq.gz",TRUE,FALSE,,"data/hja-env_data_clean.csv",91,"MATCHED",,,,"/mnt/scratch/wisnoskilab/GitHub/hja-synoptic/sequences/GSF2238-Lennon-Plate1-hja2016_081_S54_L001_R1_001.fastq.gz","/mnt/scratch/wisnoskilab/GitHub/hja-synoptic/sequences/GSF2238-Lennon-Plate1-hja2016_081_S54_L001_R2_001.fastq.gz"
"hja2016_084",2016,"HJA2016_Plate1","Plate1","S55","177","177","Hyporheic","hyporheic water","GSF2238-Lennon-Plate1-hja2016_084_S55_L001_R1_001.fastq.gz","GSF2238-Lennon-Plate1-hja2016_084_S55_L001_R2_001.fastq.gz","sequences/GSF2238-Lennon-Plate1-hja2016_084_S55_L001_R1_001.fastq.gz","sequences/GSF2238-Lennon-Plate1-hja2016_084_S55_L001_R2_001.fastq.gz",TRUE,FALSE,,"data/hja-env_data_clean.csv",99,"MATCHED",,,,"/mnt/scratch/wisnoskilab/GitHub/hja-synoptic/sequences/GSF2238-Lennon-Plate1-hja2016_084_S55_L001_R1_001.fastq.gz","/mnt/scratch/wisnoskilab/GitHub/hja-synoptic/sequences/GSF2238-Lennon-Plate1-hja2016_084_S55_L001_R2_001.fastq.gz"
"hja2016_099",2016,"HJA2016_Plate2","Plate2","S1","162","162","Stream","planktonic streamwater","GSF2238-Lennon-Plate2-hja2016_099_S1_L001_R1_001.fastq.gz","GSF2238-Lennon-Plate2-hja2016_099_S1_L001_R2_001.fastq.gz","sequences/GSF2238-Lennon-Plate2-hja2016_099_S1_L001_R1_001.fastq.gz","sequences/GSF2238-Lennon-Plate2-hja2016_099_S1_L001_R2_001.fastq.gz",TRUE,FALSE,,"data/hja-env_data_clean.csv",31,"MATCHED",,,,"/mnt/scratch/wisnoskilab/GitHub/hja-synoptic/sequences/GSF2238-Lennon-Plate2-hja2016_099_S1_L001_R1_001.fastq.gz","/mnt/scratch/wisnoskilab/GitHub/hja-synoptic/sequences/GSF2238-Lennon-Plate2-hja2016_099_S1_L001_R2_001.fastq.gz"
"hja2016_100",2016,"HJA2016_Plate2","Plate2","S2","64","64","Stream","planktonic streamwater","GSF2238-Lennon-Plate2-hja2016_100_S2_L001_R1_001.fastq.gz","GSF2238-Lennon-Plate2-hja2016_100_S2_L001_R2_001.fastq.gz","sequences/GSF2238-Lennon-Plate2-hja2016_100_S2_L001_R1_001.fastq.gz","sequences/GSF2238-Lennon-Plate2-hja2016_100_S2_L001_R2_001.fastq.gz",TRUE,FALSE,,"data/hja-env_data_clean.csv",14,"MATCHED",,,,"/mnt/scratch/wisnoskilab/GitHub/hja-synoptic/sequences/GSF2238-Lennon-Plate2-hja2016_100_S2_L001_R1_001.fastq.gz","/mnt/scratch/wisnoskilab/GitHub/hja-synoptic/sequences/GSF2238-Lennon-Plate2-hja2016_100_S2_L001_R2_001.fastq.gz"
"hja2016_101",2016,"HJA2016_Plate2","Plate2","S3","58","58","Stream","planktonic streamwater","GSF2238-Lennon-Plate2-hja2016_101_S3_L001_R1_001.fastq.gz","GSF2238-Lennon-Plate2-hja2016_101_S3_L001_R2_001.fastq.gz","sequences/GSF2238-Lennon-Plate2-hja2016_101_S3_L001_R1_001.fastq.gz","sequences/GSF2238-Lennon-Plate2-hja2016_101_S3_L001_R2_001.fastq.gz",TRUE,FALSE,,"data/hja-env_data_clean.csv",12,"MATCHED",,,,"/mnt/scratch/wisnoskilab/GitHub/hja-synoptic/sequences/GSF2238-Lennon-Plate2-hja2016_101_S3_L001_R1_001.fastq.gz","/mnt/scratch/wisnoskilab/GitHub/hja-synoptic/sequences/GSF2238-Lennon-Plate2-hja2016_101_S3_L001_R2_001.fastq.gz"
"hja2016_102",2016,"HJA2016_Plate2","Plate2","S4","73","73","Hyporheic","hyporheic water","GSF2238-Lennon-Plate2-hja2016_102_S4_L001_R1_001.fastq.gz","GSF2238-Lennon-Plate2-hja2016_102_S4_L001_R2_001.fastq.gz","sequences/GSF2238-Lennon-Plate2-hja2016_102_S4_L001_R1_001.fastq.gz","sequences/GSF2238-Lennon-Plate2-hja2016_102_S4_L001_R2_001.fastq.gz",TRUE,FALSE,,"data/hja-env_data_clean.csv",83,"MATCHED",,,,"/mnt/scratch/wisnoskilab/GitHub/hja-synoptic/sequences/GSF2238-Lennon-Plate2-hja2016_102_S4_L001_R1_001.fastq.gz","/mnt/scratch/wisnoskilab/GitHub/hja-synoptic/sequences/GSF2238-Lennon-Plate2-hja2016_102_S4_L001_R2_001.fastq.gz"
"hja2016_103",2016,"HJA2016_Plate2","Plate2","S5","260","260","Stream","planktonic streamwater","GSF2238-Lennon-Plate2-hja2016_103_S5_L001_R1_001.fastq.gz","GSF2238-Lennon-Plate2-hja2016_103_S5_L001_R2_001.fastq.gz","sequences/GSF2238-Lennon-Plate2-hja2016_103_S5_L001_R1_001.fastq.gz","sequences/GSF2238-Lennon-Plate2-hja2016_103_S5_L001_R2_001.fastq.gz",TRUE,FALSE,,"data/hja-env_data_clean.csv",41,"MATCHED",,,,"/mnt/scratch/wisnoskilab/GitHub/hja-synoptic/sequences/GSF2238-Lennon-Plate2-hja2016_103_S5_L001_R1_001.fastq.gz","/mnt/scratch/wisnoskilab/GitHub/hja-synoptic/sequences/GSF2238-Lennon-Plate2-hja2016_103_S5_L001_R2_001.fastq.gz"
"hja2016_105",2016,"HJA2016_Plate2","Plate2","S6","178","178","Stream","planktonic streamwater","GSF2238-Lennon-Plate2-hja2016_105_S6_L001_R1_001.fastq.gz","GSF2238-Lennon-Plate2-hja2016_105_S6_L001_R2_001.fastq.gz","sequences/GSF2238-Lennon-Plate2-hja2016_105_S6_L001_R1_001.fastq.gz","sequences/GSF2238-Lennon-Plate2-hja2016_105_S6_L001_R2_001.fastq.gz",TRUE,FALSE,,"data/hja-env_data_clean.csv",38,"MATCHED",,,,"/mnt/scratch/wisnoskilab/GitHub/hja-synoptic/sequences/GSF2238-Lennon-Plate2-hja2016_105_S6_L001_R1_001.fastq.gz","/mnt/scratch/wisnoskilab/GitHub/hja-synoptic/sequences/GSF2238-Lennon-Plate2-hja2016_105_S6_L001_R2_001.fastq.gz"
"hja2016_106",2016,"HJA2016_Plate2","Plate2","S7","170","170","Stream","planktonic streamwater","GSF2238-Lennon-Plate2-hja2016_106_S7_L001_R1_001.fastq.gz","GSF2238-Lennon-Plate2-hja2016_106_S7_L001_R2_001.fastq.gz","sequences/GSF2238-Lennon-Plate2-hja2016_106_S7_L001_R1_001.fastq.gz","sequences/GSF2238-Lennon-Plate2-hja2016_106_S7_L001_R2_001.fastq.gz",TRUE,FALSE,,"data/hja-env_data_clean.csv",36,"MATCHED",,,,"/mnt/scratch/wisnoskilab/GitHub/hja-synoptic/sequences/GSF2238-Lennon-Plate2-hja2016_106_S7_L001_R1_001.fastq.gz","/mnt/scratch/wisnoskilab/GitHub/hja-synoptic/sequences/GSF2238-Lennon-Plate2-hja2016_106_S7_L001_R2_001.fastq.gz"
"hja2016_107",2016,"HJA2016_Plate2","Plate2","S8","57","57","Hyporheic","hyporheic water","GSF2238-Lennon-Plate2-hja2016_107_S8_L001_R1_001.fastq.gz","GSF2238-Lennon-Plate2-hja2016_107_S8_L001_R2_001.fastq.gz","sequences/GSF2238-Lennon-Plate2-hja2016_107_S8_L001_R1_001.fastq.gz","sequences/GSF2238-Lennon-Plate2-hja2016_107_S8_L001_R2_001.fastq.gz",TRUE,FALSE,,"data/hja-env_data_clean.csv",73,"MATCHED",,,,"/mnt/scratch/wisnoskilab/GitHub/hja-synoptic/sequences/GSF2238-Lennon-Plate2-hja2016_107_S8_L001_R1_001.fastq.gz","/mnt/scratch/wisnoskilab/GitHub/hja-synoptic/sequences/GSF2238-Lennon-Plate2-hja2016_107_S8_L001_R2_001.fastq.gz"
"hja2016_109",2016,"HJA2016_Plate2","Plate2","S9","169","169","Stream","planktonic streamwater","GSF2238-Lennon-Plate2-hja2016_109_S9_L001_R1_001.fastq.gz","GSF2238-Lennon-Plate2-hja2016_109_S9_L001_R2_001.fastq.gz","sequences/GSF2238-Lennon-Plate2-hja2016_109_S9_L001_R1_001.fastq.gz","sequences/GSF2238-Lennon-Plate2-hja2016_109_S9_L001_R2_001.fastq.gz",TRUE,FALSE,,"data/hja-env_data_clean.csv",35,"MATCHED",,,,"/mnt/scratch/wisnoskilab/GitHub/hja-synoptic/sequences/GSF2238-Lennon-Plate2-hja2016_109_S9_L001_R1_001.fastq.gz","/mnt/scratch/wisnoskilab/GitHub/hja-synoptic/sequences/GSF2238-Lennon-Plate2-hja2016_109_S9_L001_R2_001.fastq.gz"
"hja2016_110",2016,"HJA2016_Plate2","Plate2","S10","76","76","Hyporheic","hyporheic water","GSF2238-Lennon-Plate2-hja2016_110_S10_L001_R1_001.fastq.gz","GSF2238-Lennon-Plate2-hja2016_110_S10_L001_R2_001.fastq.gz","sequences/GSF2238-Lennon-Plate2-hja2016_110_S10_L001_R1_001.fastq.gz","sequences/GSF2238-Lennon-Plate2-hja2016_110_S10_L001_R2_001.fastq.gz",TRUE,FALSE,,"data/hja-env_data_clean.csv",85,"MATCHED",,,,"/mnt/scratch/wisnoskilab/GitHub/hja-synoptic/sequences/GSF2238-Lennon-Plate2-hja2016_110_S10_L001_R1_001.fastq.gz","/mnt/scratch/wisnoskilab/GitHub/hja-synoptic/sequences/GSF2238-Lennon-Plate2-hja2016_110_S10_L001_R2_001.fastq.gz"
"hja2016_111",2016,"HJA2016_Plate2","Plate2","S11","160","160","Stream","planktonic streamwater","GSF2238-Lennon-Plate2-hja2016_111_S11_L001_R1_001.fastq.gz","GSF2238-Lennon-Plate2-hja2016_111_S11_L001_R2_001.fastq.gz","sequences/GSF2238-Lennon-Plate2-hja2016_111_S11_L001_R1_001.fastq.gz","sequences/GSF2238-Lennon-Plate2-hja2016_111_S11_L001_R2_001.fastq.gz",TRUE,FALSE,,"data/hja-env_data_clean.csv",29,"MATCHED",,,,"/mnt/scratch/wisnoskilab/GitHub/hja-synoptic/sequences/GSF2238-Lennon-Plate2-hja2016_111_S11_L001_R1_001.fastq.gz","/mnt/scratch/wisnoskilab/GitHub/hja-synoptic/sequences/GSF2238-Lennon-Plate2-hja2016_111_S11_L001_R2_001.fastq.gz"
"hja2016_114",2016,"HJA2016_Plate2","Plate2","S60","WS1-5","WS1-5","Stream","planktonic streamwater","GSF2238-Lennon-Plate2-hja2016_114_S60_L001_R1_001.fastq.gz","GSF2238-Lennon-Plate2-hja2016_114_S60_L001_R2_001.fastq.gz","sequences/GSF2238-Lennon-Plate2-hja2016_114_S60_L001_R1_001.fastq.gz","sequences/GSF2238-Lennon-Plate2-hja2016_114_S60_L001_R2_001.fastq.gz",TRUE,FALSE,,"data/hja-env_data_clean.csv",54,"MATCHED",,,,"/mnt/scratch/wisnoskilab/GitHub/hja-synoptic/sequences/GSF2238-Lennon-Plate2-hja2016_114_S60_L001_R1_001.fastq.gz","/mnt/scratch/wisnoskilab/GitHub/hja-synoptic/sequences/GSF2238-Lennon-Plate2-hja2016_114_S60_L001_R2_001.fastq.gz"
"hja2016_116",2016,"HJA2016_Plate2","Plate2","S13","53","53","Stream","planktonic streamwater","GSF2238-Lennon-Plate2-hja2016_116_S13_L001_R1_001.fastq.gz","GSF2238-Lennon-Plate2-hja2016_116_S13_L001_R2_001.fastq.gz","sequences/GSF2238-Lennon-Plate2-hja2016_116_S13_L001_R1_001.fastq.gz","sequences/GSF2238-Lennon-Plate2-hja2016_116_S13_L001_R2_001.fastq.gz",TRUE,FALSE,,"data/hja-env_data_clean.csv",7,"MATCHED",,,,"/mnt/scratch/wisnoskilab/GitHub/hja-synoptic/sequences/GSF2238-Lennon-Plate2-hja2016_116_S13_L001_R1_001.fastq.gz","/mnt/scratch/wisnoskilab/GitHub/hja-synoptic/sequences/GSF2238-Lennon-Plate2-hja2016_116_S13_L001_R2_001.fastq.gz"
"hja2016_119",2016,"HJA2016_Plate2","Plate2","S14","56","56","Stream","planktonic streamwater","GSF2238-Lennon-Plate2-hja2016_119_S14_L001_R1_001.fastq.gz","GSF2238-Lennon-Plate2-hja2016_119_S14_L001_R2_001.fastq.gz","sequences/GSF2238-Lennon-Plate2-hja2016_119_S14_L001_R1_001.fastq.gz","sequences/GSF2238-Lennon-Plate2-hja2016_119_S14_L001_R2_001.fastq.gz",TRUE,FALSE,,"data/hja-env_data_clean.csv",10,"MATCHED",,,,"/mnt/scratch/wisnoskilab/GitHub/hja-synoptic/sequences/GSF2238-Lennon-Plate2-hja2016_119_S14_L001_R1_001.fastq.gz","/mnt/scratch/wisnoskilab/GitHub/hja-synoptic/sequences/GSF2238-Lennon-Plate2-hja2016_119_S14_L001_R2_001.fastq.gz"
"hja2016_121",2016,"HJA2016_Plate2","Plate2","S15","84","84","Hyporheic","hyporheic water","GSF2238-Lennon-Plate2-hja2016_121_S15_L001_R1_001.fastq.gz","GSF2238-Lennon-Plate2-hja2016_121_S15_L001_R2_001.fastq.gz","sequences/GSF2238-Lennon-Plate2-hja2016_121_S15_L001_R1_001.fastq.gz","sequences/GSF2238-Lennon-Plate2-hja2016_121_S15_L001_R2_001.fastq.gz",TRUE,FALSE,,"data/hja-env_data_clean.csv",88,"MATCHED",,,,"/mnt/scratch/wisnoskilab/GitHub/hja-synoptic/sequences/GSF2238-Lennon-Plate2-hja2016_121_S15_L001_R1_001.fastq.gz","/mnt/scratch/wisnoskilab/GitHub/hja-synoptic/sequences/GSF2238-Lennon-Plate2-hja2016_121_S15_L001_R2_001.fastq.gz"
"hja2016_122",2016,"HJA2016_Plate2","Plate2","S16","45","45","Sediment","stream sediment","GSF2238-Lennon-Plate2-hja2016_122_S16_L001_R1_001.fastq.gz","GSF2238-Lennon-Plate2-hja2016_122_S16_L001_R2_001.fastq.gz","sequences/GSF2238-Lennon-Plate2-hja2016_122_S16_L001_R1_001.fastq.gz","sequences/GSF2238-Lennon-Plate2-hja2016_122_S16_L001_R2_001.fastq.gz",TRUE,FALSE,,"data/hja-env_data_clean.csv",127,"MATCHED",,,,"/mnt/scratch/wisnoskilab/GitHub/hja-synoptic/sequences/GSF2238-Lennon-Plate2-hja2016_122_S16_L001_R1_001.fastq.gz","/mnt/scratch/wisnoskilab/GitHub/hja-synoptic/sequences/GSF2238-Lennon-Plate2-hja2016_122_S16_L001_R2_001.fastq.gz"
"hja2016_123",2016,"HJA2016_Plate2","Plate2","S17","54","54","Sediment","stream sediment","GSF2238-Lennon-Plate2-hja2016_123_S17_L001_R1_001.fastq.gz","GSF2238-Lennon-Plate2-hja2016_123_S17_L001_R2_001.fastq.gz","sequences/GSF2238-Lennon-Plate2-hja2016_123_S17_L001_R1_001.fastq.gz","sequences/GSF2238-Lennon-Plate2-hja2016_123_S17_L001_R2_001.fastq.gz",TRUE,FALSE,,"data/hja-env_data_clean.csv",132,"MATCHED",,,,"/mnt/scratch/wisnoskilab/GitHub/hja-synoptic/sequences/GSF2238-Lennon-Plate2-hja2016_123_S17_L001_R1_001.fastq.gz","/mnt/scratch/wisnoskilab/GitHub/hja-synoptic/sequences/GSF2238-Lennon-Plate2-hja2016_123_S17_L001_R2_001.fastq.gz"
"hja2016_125",2016,"HJA2016_Plate2","Plate2","S18","56","56","Sediment","stream sediment","GSF2238-Lennon-Plate2-hja2016_125_S18_L001_R1_001.fastq.gz","GSF2238-Lennon-Plate2-hja2016_125_S18_L001_R2_001.fastq.gz","sequences/GSF2238-Lennon-Plate2-hja2016_125_S18_L001_R1_001.fastq.gz","sequences/GSF2238-Lennon-Plate2-hja2016_125_S18_L001_R2_001.fastq.gz",TRUE,FALSE,,"data/hja-env_data_clean.csv",134,"MATCHED",,,,"/mnt/scratch/wisnoskilab/GitHub/hja-synoptic/sequences/GSF2238-Lennon-Plate2-hja2016_125_S18_L001_R1_001.fastq.gz","/mnt/scratch/wisnoskilab/GitHub/hja-synoptic/sequences/GSF2238-Lennon-Plate2-hja2016_125_S18_L001_R2_001.fastq.gz"
"hja2016_126",2016,"HJA2016_Plate2","Plate2","S19","58","58","Sediment","stream sediment","GSF2238-Lennon-Plate2-hja2016_126_S19_L001_R1_001.fastq.gz","GSF2238-Lennon-Plate2-hja2016_126_S19_L001_R2_001.fastq.gz","sequences/GSF2238-Lennon-Plate2-hja2016_126_S19_L001_R1_001.fastq.gz","sequences/GSF2238-Lennon-Plate2-hja2016_126_S19_L001_R2_001.fastq.gz",TRUE,FALSE,,"data/hja-env_data_clean.csv",136,"MATCHED",,,,"/mnt/scratch/wisnoskilab/GitHub/hja-synoptic/sequences/GSF2238-Lennon-Plate2-hja2016_126_S19_L001_R1_001.fastq.gz","/mnt/scratch/wisnoskilab/GitHub/hja-synoptic/sequences/GSF2238-Lennon-Plate2-hja2016_126_S19_L001_R2_001.fastq.gz"
"hja2016_127",2016,"HJA2016_Plate1","Plate1","S20","60","60","Sediment","stream sediment","GSF2238-Lennon-Plate1-hja2016_127_S20_L001_R1_001.fastq.gz","GSF2238-Lennon-Plate1-hja2016_127_S20_L001_R2_001.fastq.gz","sequences/GSF2238-Lennon-Plate1-hja2016_127_S20_L001_R1_001.fastq.gz","sequences/GSF2238-Lennon-Plate1-hja2016_127_S20_L001_R2_001.fastq.gz",TRUE,FALSE,,"data/hja-env_data_clean.csv",137,"MATCHED",,,,"/mnt/scratch/wisnoskilab/GitHub/hja-synoptic/sequences/GSF2238-Lennon-Plate1-hja2016_127_S20_L001_R1_001.fastq.gz","/mnt/scratch/wisnoskilab/GitHub/hja-synoptic/sequences/GSF2238-Lennon-Plate1-hja2016_127_S20_L001_R2_001.fastq.gz"
"hja2016_128",2016,"HJA2016_Plate1","Plate1","S21","68","68","Sediment","stream sediment","GSF2238-Lennon-Plate1-hja2016_128_S21_L001_R1_001.fastq.gz","GSF2238-Lennon-Plate1-hja2016_128_S21_L001_R2_001.fastq.gz","sequences/GSF2238-Lennon-Plate1-hja2016_128_S21_L001_R1_001.fastq.gz","sequences/GSF2238-Lennon-Plate1-hja2016_128_S21_L001_R2_001.fastq.gz",TRUE,FALSE,,"data/hja-env_data_clean.csv",142,"MATCHED",,,,"/mnt/scratch/wisnoskilab/GitHub/hja-synoptic/sequences/GSF2238-Lennon-Plate1-hja2016_128_S21_L001_R1_001.fastq.gz","/mnt/scratch/wisnoskilab/GitHub/hja-synoptic/sequences/GSF2238-Lennon-Plate1-hja2016_128_S21_L001_R2_001.fastq.gz"
"hja2016_129",2016,"HJA2016_Plate1","Plate1","S22","72","72","Sediment","stream sediment","GSF2238-Lennon-Plate1-hja2016_129_S22_L001_R1_001.fastq.gz","GSF2238-Lennon-Plate1-hja2016_129_S22_L001_R2_001.fastq.gz","sequences/GSF2238-Lennon-Plate1-hja2016_129_S22_L001_R1_001.fastq.gz","sequences/GSF2238-Lennon-Plate1-hja2016_129_S22_L001_R2_001.fastq.gz",TRUE,FALSE,,"data/hja-env_data_clean.csv",144,"MATCHED",,,,"/mnt/scratch/wisnoskilab/GitHub/hja-synoptic/sequences/GSF2238-Lennon-Plate1-hja2016_129_S22_L001_R1_001.fastq.gz","/mnt/scratch/wisnoskilab/GitHub/hja-synoptic/sequences/GSF2238-Lennon-Plate1-hja2016_129_S22_L001_R2_001.fastq.gz"
"hja2016_131",2016,"HJA2016_Plate1","Plate1","S23","74","74","Sediment","stream sediment","GSF2238-Lennon-Plate1-hja2016_131_S23_L001_R1_001.fastq.gz","GSF2238-Lennon-Plate1-hja2016_131_S23_L001_R2_001.fastq.gz","sequences/GSF2238-Lennon-Plate1-hja2016_131_S23_L001_R1_001.fastq.gz","sequences/GSF2238-Lennon-Plate1-hja2016_131_S23_L001_R2_001.fastq.gz",TRUE,FALSE,,"data/hja-env_data_clean.csv",146,"MATCHED",,,,"/mnt/scratch/wisnoskilab/GitHub/hja-synoptic/sequences/GSF2238-Lennon-Plate1-hja2016_131_S23_L001_R1_001.fastq.gz","/mnt/scratch/wisnoskilab/GitHub/hja-synoptic/sequences/GSF2238-Lennon-Plate1-hja2016_131_S23_L001_R2_001.fastq.gz"
"hja2016_132",2016,"HJA2016_Plate1","Plate1","S24","84","84","Sediment","stream sediment","GSF2238-Lennon-Plate1-hja2016_132_S24_L001_R1_001.fastq.gz","GSF2238-Lennon-Plate1-hja2016_132_S24_L001_R2_001.fastq.gz","sequences/GSF2238-Lennon-Plate1-hja2016_132_S24_L001_R1_001.fastq.gz","sequences/GSF2238-Lennon-Plate1-hja2016_132_S24_L001_R2_001.fastq.gz",TRUE,FALSE,,"data/hja-env_data_clean.csv",150,"MATCHED",,,,"/mnt/scratch/wisnoskilab/GitHub/hja-synoptic/sequences/GSF2238-Lennon-Plate1-hja2016_132_S24_L001_R1_001.fastq.gz","/mnt/scratch/wisnoskilab/GitHub/hja-synoptic/sequences/GSF2238-Lennon-Plate1-hja2016_132_S24_L001_R2_001.fastq.gz"
"hja2016_133",2016,"HJA2016_Plate1","Plate1","S25","161","161","Sediment","stream sediment","GSF2238-Lennon-Plate1-hja2016_133_S25_L001_R1_001.fastq.gz","GSF2238-Lennon-Plate1-hja2016_133_S25_L001_R2_001.fastq.gz","sequences/GSF2238-Lennon-Plate1-hja2016_133_S25_L001_R1_001.fastq.gz","sequences/GSF2238-Lennon-Plate1-hja2016_133_S25_L001_R2_001.fastq.gz",TRUE,FALSE,,"data/hja-env_data_clean.csv",154,"MATCHED",,,,"/mnt/scratch/wisnoskilab/GitHub/hja-synoptic/sequences/GSF2238-Lennon-Plate1-hja2016_133_S25_L001_R1_001.fastq.gz","/mnt/scratch/wisnoskilab/GitHub/hja-synoptic/sequences/GSF2238-Lennon-Plate1-hja2016_133_S25_L001_R2_001.fastq.gz"
"hja2016_135",2016,"HJA2016_Plate1","Plate1","S26","169","169","Sediment","stream sediment","GSF2238-Lennon-Plate1-hja2016_135_S26_L001_R1_001.fastq.gz","GSF2238-Lennon-Plate1-hja2016_135_S26_L001_R2_001.fastq.gz","sequences/GSF2238-Lennon-Plate1-hja2016_135_S26_L001_R1_001.fastq.gz","sequences/GSF2238-Lennon-Plate1-hja2016_135_S26_L001_R2_001.fastq.gz",TRUE,FALSE,,"data/hja-env_data_clean.csv",159,"MATCHED",,,,"/mnt/scratch/wisnoskilab/GitHub/hja-synoptic/sequences/GSF2238-Lennon-Plate1-hja2016_135_S26_L001_R1_001.fastq.gz","/mnt/scratch/wisnoskilab/GitHub/hja-synoptic/sequences/GSF2238-Lennon-Plate1-hja2016_135_S26_L001_R2_001.fastq.gz"
"hja2016_136",2016,"HJA2016_Plate1","Plate1","S27","190","190","Sediment","stream sediment","GSF2238-Lennon-Plate1-hja2016_136_S27_L001_R1_001.fastq.gz","GSF2238-Lennon-Plate1-hja2016_136_S27_L001_R2_001.fastq.gz","sequences/GSF2238-Lennon-Plate1-hja2016_136_S27_L001_R1_001.fastq.gz","sequences/GSF2238-Lennon-Plate1-hja2016_136_S27_L001_R2_001.fastq.gz",TRUE,FALSE,,"data/hja-env_data_clean.csv",163,"MATCHED",,,,"/mnt/scratch/wisnoskilab/GitHub/hja-synoptic/sequences/GSF2238-Lennon-Plate1-hja2016_136_S27_L001_R1_001.fastq.gz","/mnt/scratch/wisnoskilab/GitHub/hja-synoptic/sequences/GSF2238-Lennon-Plate1-hja2016_136_S27_L001_R2_001.fastq.gz"
"hja2016_139",2016,"HJA2016_Plate1","Plate1","S28","CC-2","CC-2","Sediment","stream sediment","GSF2238-Lennon-Plate1-hja2016_139_S28_L001_R1_001.fastq.gz","GSF2238-Lennon-Plate1-hja2016_139_S28_L001_R2_001.fastq.gz","sequences/GSF2238-Lennon-Plate1-hja2016_139_S28_L001_R1_001.fastq.gz","sequences/GSF2238-Lennon-Plate1-hja2016_139_S28_L001_R2_001.fastq.gz",TRUE,FALSE,,"data/hja-env_data_clean.csv",168,"MATCHED",,,,"/mnt/scratch/wisnoskilab/GitHub/hja-synoptic/sequences/GSF2238-Lennon-Plate1-hja2016_139_S28_L001_R1_001.fastq.gz","/mnt/scratch/wisnoskilab/GitHub/hja-synoptic/sequences/GSF2238-Lennon-Plate1-hja2016_139_S28_L001_R2_001.fastq.gz"
"hja2016_140",2016,"HJA2016_Plate1","Plate1","S29","CC-3","CC-3","Sediment","stream sediment","GSF2238-Lennon-Plate1-hja2016_140_S29_L001_R1_001.fastq.gz","GSF2238-Lennon-Plate1-hja2016_140_S29_L001_R2_001.fastq.gz","sequences/GSF2238-Lennon-Plate1-hja2016_140_S29_L001_R1_001.fastq.gz","sequences/GSF2238-Lennon-Plate1-hja2016_140_S29_L001_R2_001.fastq.gz",TRUE,FALSE,,"data/hja-env_data_clean.csv",169,"MATCHED",,,,"/mnt/scratch/wisnoskilab/GitHub/hja-synoptic/sequences/GSF2238-Lennon-Plate1-hja2016_140_S29_L001_R1_001.fastq.gz","/mnt/scratch/wisnoskilab/GitHub/hja-synoptic/sequences/GSF2238-Lennon-Plate1-hja2016_140_S29_L001_R2_001.fastq.gz"
"hja2016_141",2016,"HJA2016_Plate1","Plate1","S30","CC-4","CC-4","Sediment","stream sediment","GSF2238-Lennon-Plate1-hja2016_141_S30_L001_R1_001.fastq.gz","GSF2238-Lennon-Plate1-hja2016_141_S30_L001_R2_001.fastq.gz","sequences/GSF2238-Lennon-Plate1-hja2016_141_S30_L001_R1_001.fastq.gz","sequences/GSF2238-Lennon-Plate1-hja2016_141_S30_L001_R2_001.fastq.gz",TRUE,FALSE,,"data/hja-env_data_clean.csv",170,"MATCHED",,,,"/mnt/scratch/wisnoskilab/GitHub/hja-synoptic/sequences/GSF2238-Lennon-Plate1-hja2016_141_S30_L001_R1_001.fastq.gz","/mnt/scratch/wisnoskilab/GitHub/hja-synoptic/sequences/GSF2238-Lennon-Plate1-hja2016_141_S30_L001_R2_001.fastq.gz"
"hja2016_142",2016,"HJA2016_Plate1","Plate1","S31","KC-1","KC-1","Sediment","stream sediment","GSF2238-Lennon-Plate1-hja2016_142_S31_L001_R1_001.fastq.gz","GSF2238-Lennon-Plate1-hja2016_142_S31_L001_R2_001.fastq.gz","sequences/GSF2238-Lennon-Plate1-hja2016_142_S31_L001_R1_001.fastq.gz","sequences/GSF2238-Lennon-Plate1-hja2016_142_S31_L001_R2_001.fastq.gz",TRUE,FALSE,,"data/hja-env_data_clean.csv",171,"MATCHED",,,,"/mnt/scratch/wisnoskilab/GitHub/hja-synoptic/sequences/GSF2238-Lennon-Plate1-hja2016_142_S31_L001_R1_001.fastq.gz","/mnt/scratch/wisnoskilab/GitHub/hja-synoptic/sequences/GSF2238-Lennon-Plate1-hja2016_142_S31_L001_R2_001.fastq.gz"
"hja2016_144",2016,"HJA2016_Plate1","Plate1","S32","KC-3","KC-3","Sediment","stream sediment","GSF2238-Lennon-Plate1-hja2016_144_S32_L001_R1_001.fastq.gz","GSF2238-Lennon-Plate1-hja2016_144_S32_L001_R2_001.fastq.gz","sequences/GSF2238-Lennon-Plate1-hja2016_144_S32_L001_R1_001.fastq.gz","sequences/GSF2238-Lennon-Plate1-hja2016_144_S32_L001_R2_001.fastq.gz",TRUE,FALSE,,"data/hja-env_data_clean.csv",173,"MATCHED",,,,"/mnt/scratch/wisnoskilab/GitHub/hja-synoptic/sequences/GSF2238-Lennon-Plate1-hja2016_144_S32_L001_R1_001.fastq.gz","/mnt/scratch/wisnoskilab/GitHub/hja-synoptic/sequences/GSF2238-Lennon-Plate1-hja2016_144_S32_L001_R2_001.fastq.gz"
"hja2016_145",2016,"HJA2016_Plate1","Plate1","S33","155","155","Sediment","stream sediment","GSF2238-Lennon-Plate1-hja2016_145_S33_L001_R1_001.fastq.gz","GSF2238-Lennon-Plate1-hja2016_145_S33_L001_R2_001.fastq.gz","sequences/GSF2238-Lennon-Plate1-hja2016_145_S33_L001_R1_001.fastq.gz","sequences/GSF2238-Lennon-Plate1-hja2016_145_S33_L001_R2_001.fastq.gz",TRUE,FALSE,,"data/hja-env_data_clean.csv",151,"MATCHED",,,,"/mnt/scratch/wisnoskilab/GitHub/hja-synoptic/sequences/GSF2238-Lennon-Plate1-hja2016_145_S33_L001_R1_001.fastq.gz","/mnt/scratch/wisnoskilab/GitHub/hja-synoptic/sequences/GSF2238-Lennon-Plate1-hja2016_145_S33_L001_R2_001.fastq.gz"
"hja2016_146",2016,"HJA2016_Plate1","Plate1","S34","156","156","Sediment","stream sediment","GSF2238-Lennon-Plate1-hja2016_146_S34_L001_R1_001.fastq.gz","GSF2238-Lennon-Plate1-hja2016_146_S34_L001_R2_001.fastq.gz","sequences/GSF2238-Lennon-Plate1-hja2016_146_S34_L001_R1_001.fastq.gz","sequences/GSF2238-Lennon-Plate1-hja2016_146_S34_L001_R2_001.fastq.gz",TRUE,FALSE,,"data/hja-env_data_clean.csv",152,"MATCHED",,,,"/mnt/scratch/wisnoskilab/GitHub/hja-synoptic/sequences/GSF2238-Lennon-Plate1-hja2016_146_S34_L001_R1_001.fastq.gz","/mnt/scratch/wisnoskilab/GitHub/hja-synoptic/sequences/GSF2238-Lennon-Plate1-hja2016_146_S34_L001_R2_001.fastq.gz"
"hja2016_147",2016,"HJA2016_Plate1","Plate1","S35","163","163","Sediment","stream sediment","GSF2238-Lennon-Plate1-hja2016_147_S35_L001_R1_001.fastq.gz","GSF2238-Lennon-Plate1-hja2016_147_S35_L001_R2_001.fastq.gz","sequences/GSF2238-Lennon-Plate1-hja2016_147_S35_L001_R1_001.fastq.gz","sequences/GSF2238-Lennon-Plate1-hja2016_147_S35_L001_R2_001.fastq.gz",TRUE,FALSE,,"data/hja-env_data_clean.csv",156,"MATCHED",,,,"/mnt/scratch/wisnoskilab/GitHub/hja-synoptic/sequences/GSF2238-Lennon-Plate1-hja2016_147_S35_L001_R1_001.fastq.gz","/mnt/scratch/wisnoskilab/GitHub/hja-synoptic/sequences/GSF2238-Lennon-Plate1-hja2016_147_S35_L001_R2_001.fastq.gz"
"hja2016_148",2016,"HJA2016_Plate1","Plate1","S36","165","165","Sediment","stream sediment","GSF2238-Lennon-Plate1-hja2016_148_S36_L001_R1_001.fastq.gz","GSF2238-Lennon-Plate1-hja2016_148_S36_L001_R2_001.fastq.gz","sequences/GSF2238-Lennon-Plate1-hja2016_148_S36_L001_R1_001.fastq.gz","sequences/GSF2238-Lennon-Plate1-hja2016_148_S36_L001_R2_001.fastq.gz",TRUE,FALSE,,"data/hja-env_data_clean.csv",158,"MATCHED",,,,"/mnt/scratch/wisnoskilab/GitHub/hja-synoptic/sequences/GSF2238-Lennon-Plate1-hja2016_148_S36_L001_R1_001.fastq.gz","/mnt/scratch/wisnoskilab/GitHub/hja-synoptic/sequences/GSF2238-Lennon-Plate1-hja2016_148_S36_L001_R2_001.fastq.gz"
"hja2016_149",2016,"HJA2016_Plate1","Plate1","S37","170","170","Sediment","stream sediment","GSF2238-Lennon-Plate1-hja2016_149_S37_L001_R1_001.fastq.gz","GSF2238-Lennon-Plate1-hja2016_149_S37_L001_R2_001.fastq.gz","sequences/GSF2238-Lennon-Plate1-hja2016_149_S37_L001_R1_001.fastq.gz","sequences/GSF2238-Lennon-Plate1-hja2016_149_S37_L001_R2_001.fastq.gz",TRUE,FALSE,,"data/hja-env_data_clean.csv",160,"MATCHED",,,,"/mnt/scratch/wisnoskilab/GitHub/hja-synoptic/sequences/GSF2238-Lennon-Plate1-hja2016_149_S37_L001_R1_001.fastq.gz","/mnt/scratch/wisnoskilab/GitHub/hja-synoptic/sequences/GSF2238-Lennon-Plate1-hja2016_149_S37_L001_R2_001.fastq.gz"
"hja2016_150",2016,"HJA2016_Plate1","Plate1","S38","53","53","Sediment","stream sediment","GSF2238-Lennon-Plate1-hja2016_150_S38_L001_R1_001.fastq.gz","GSF2238-Lennon-Plate1-hja2016_150_S38_L001_R2_001.fastq.gz","sequences/GSF2238-Lennon-Plate1-hja2016_150_S38_L001_R1_001.fastq.gz","sequences/GSF2238-Lennon-Plate1-hja2016_150_S38_L001_R2_001.fastq.gz",TRUE,FALSE,,"data/hja-env_data_clean.csv",131,"MATCHED",,,,"/mnt/scratch/wisnoskilab/GitHub/hja-synoptic/sequences/GSF2238-Lennon-Plate1-hja2016_150_S38_L001_R1_001.fastq.gz","/mnt/scratch/wisnoskilab/GitHub/hja-synoptic/sequences/GSF2238-Lennon-Plate1-hja2016_150_S38_L001_R2_001.fastq.gz"
"hja2016_151",2016,"HJA2016_Plate1","Plate1","S39","64","64","Sediment","stream sediment","GSF2238-Lennon-Plate1-hja2016_151_S39_L001_R1_001.fastq.gz","GSF2238-Lennon-Plate1-hja2016_151_S39_L001_R2_001.fastq.gz","sequences/GSF2238-Lennon-Plate1-hja2016_151_S39_L001_R1_001.fastq.gz","sequences/GSF2238-Lennon-Plate1-hja2016_151_S39_L001_R2_001.fastq.gz",TRUE,FALSE,,"data/hja-env_data_clean.csv",138,"MATCHED",,,,"/mnt/scratch/wisnoskilab/GitHub/hja-synoptic/sequences/GSF2238-Lennon-Plate1-hja2016_151_S39_L001_R1_001.fastq.gz","/mnt/scratch/wisnoskilab/GitHub/hja-synoptic/sequences/GSF2238-Lennon-Plate1-hja2016_151_S39_L001_R2_001.fastq.gz"
"hja2016_152",2016,"HJA2016_Plate1","Plate1","S40","66","66","Sediment","stream sediment","GSF2238-Lennon-Plate1-hja2016_152_S40_L001_R1_001.fastq.gz","GSF2238-Lennon-Plate1-hja2016_152_S40_L001_R2_001.fastq.gz","sequences/GSF2238-Lennon-Plate1-hja2016_152_S40_L001_R1_001.fastq.gz","sequences/GSF2238-Lennon-Plate1-hja2016_152_S40_L001_R2_001.fastq.gz",TRUE,FALSE,,"data/hja-env_data_clean.csv",140,"MATCHED",,,,"/mnt/scratch/wisnoskilab/GitHub/hja-synoptic/sequences/GSF2238-Lennon-Plate1-hja2016_152_S40_L001_R1_001.fastq.gz","/mnt/scratch/wisnoskilab/GitHub/hja-synoptic/sequences/GSF2238-Lennon-Plate1-hja2016_152_S40_L001_R2_001.fastq.gz"
"hja2016_155",2016,"HJA2016_Plate1","Plate1","S41","82","82","Sediment","stream sediment","GSF2238-Lennon-Plate1-hja2016_155_S41_L001_R1_001.fastq.gz","GSF2238-Lennon-Plate1-hja2016_155_S41_L001_R2_001.fastq.gz","sequences/GSF2238-Lennon-Plate1-hja2016_155_S41_L001_R1_001.fastq.gz","sequences/GSF2238-Lennon-Plate1-hja2016_155_S41_L001_R2_001.fastq.gz",TRUE,FALSE,,"data/hja-env_data_clean.csv",148,"MATCHED",,,,"/mnt/scratch/wisnoskilab/GitHub/hja-synoptic/sequences/GSF2238-Lennon-Plate1-hja2016_155_S41_L001_R1_001.fastq.gz","/mnt/scratch/wisnoskilab/GitHub/hja-synoptic/sequences/GSF2238-Lennon-Plate1-hja2016_155_S41_L001_R2_001.fastq.gz"
"hja2016_157",2016,"HJA2016_Plate1","Plate1","S42","43","43","Sediment","stream sediment","GSF2238-Lennon-Plate1-hja2016_157_S42_L001_R1_001.fastq.gz","GSF2238-Lennon-Plate1-hja2016_157_S42_L001_R2_001.fastq.gz","sequences/GSF2238-Lennon-Plate1-hja2016_157_S42_L001_R1_001.fastq.gz","sequences/GSF2238-Lennon-Plate1-hja2016_157_S42_L001_R2_001.fastq.gz",TRUE,FALSE,,"data/hja-env_data_clean.csv",126,"MATCHED",,,,"/mnt/scratch/wisnoskilab/GitHub/hja-synoptic/sequences/GSF2238-Lennon-Plate1-hja2016_157_S42_L001_R1_001.fastq.gz","/mnt/scratch/wisnoskilab/GitHub/hja-synoptic/sequences/GSF2238-Lennon-Plate1-hja2016_157_S42_L001_R2_001.fastq.gz"
"hja2016_158",2016,"HJA2016_Plate1","Plate1","S43","47","47","Sediment","stream sediment","GSF2238-Lennon-Plate1-hja2016_158_S43_L001_R1_001.fastq.gz","GSF2238-Lennon-Plate1-hja2016_158_S43_L001_R2_001.fastq.gz","sequences/GSF2238-Lennon-Plate1-hja2016_158_S43_L001_R1_001.fastq.gz","sequences/GSF2238-Lennon-Plate1-hja2016_158_S43_L001_R2_001.fastq.gz",TRUE,FALSE,,"data/hja-env_data_clean.csv",128,"MATCHED",,,,"/mnt/scratch/wisnoskilab/GitHub/hja-synoptic/sequences/GSF2238-Lennon-Plate1-hja2016_158_S43_L001_R1_001.fastq.gz","/mnt/scratch/wisnoskilab/GitHub/hja-synoptic/sequences/GSF2238-Lennon-Plate1-hja2016_158_S43_L001_R2_001.fastq.gz"
"hja2016_159",2016,"HJA2016_Plate1","Plate1","S44","49","49","Sediment","stream sediment","GSF2238-Lennon-Plate1-hja2016_159_S44_L001_R1_001.fastq.gz","GSF2238-Lennon-Plate1-hja2016_159_S44_L001_R2_001.fastq.gz","sequences/GSF2238-Lennon-Plate1-hja2016_159_S44_L001_R1_001.fastq.gz","sequences/GSF2238-Lennon-Plate1-hja2016_159_S44_L001_R2_001.fastq.gz",TRUE,FALSE,,"data/hja-env_data_clean.csv",129,"MATCHED",,,,"/mnt/scratch/wisnoskilab/GitHub/hja-synoptic/sequences/GSF2238-Lennon-Plate1-hja2016_159_S44_L001_R1_001.fastq.gz","/mnt/scratch/wisnoskilab/GitHub/hja-synoptic/sequences/GSF2238-Lennon-Plate1-hja2016_159_S44_L001_R2_001.fastq.gz"
"hja2016_160",2016,"HJA2016_Plate1","Plate1","S45","50","50","Sediment","stream sediment","GSF2238-Lennon-Plate1-hja2016_160_S45_L001_R1_001.fastq.gz","GSF2238-Lennon-Plate1-hja2016_160_S45_L001_R2_001.fastq.gz","sequences/GSF2238-Lennon-Plate1-hja2016_160_S45_L001_R1_001.fastq.gz","sequences/GSF2238-Lennon-Plate1-hja2016_160_S45_L001_R2_001.fastq.gz",TRUE,FALSE,,"data/hja-env_data_clean.csv",130,"MATCHED",,,,"/mnt/scratch/wisnoskilab/GitHub/hja-synoptic/sequences/GSF2238-Lennon-Plate1-hja2016_160_S45_L001_R1_001.fastq.gz","/mnt/scratch/wisnoskilab/GitHub/hja-synoptic/sequences/GSF2238-Lennon-Plate1-hja2016_160_S45_L001_R2_001.fastq.gz"
"hja2016_161",2016,"HJA2016_Plate2","Plate2","S37","65","65","Sediment","stream sediment","GSF2238-Lennon-Plate2-hja2016_161_S37_L001_R1_001.fastq.gz","GSF2238-Lennon-Plate2-hja2016_161_S37_L001_R2_001.fastq.gz","sequences/GSF2238-Lennon-Plate2-hja2016_161_S37_L001_R1_001.fastq.gz","sequences/GSF2238-Lennon-Plate2-hja2016_161_S37_L001_R2_001.fastq.gz",TRUE,FALSE,,"data/hja-env_data_clean.csv",139,"MATCHED",,,,"/mnt/scratch/wisnoskilab/GitHub/hja-synoptic/sequences/GSF2238-Lennon-Plate2-hja2016_161_S37_L001_R1_001.fastq.gz","/mnt/scratch/wisnoskilab/GitHub/hja-synoptic/sequences/GSF2238-Lennon-Plate2-hja2016_161_S37_L001_R2_001.fastq.gz"
"hja2016_164",2016,"HJA2016_Plate2","Plate2","S38","260","260","Sediment","stream sediment","GSF2238-Lennon-Plate2-hja2016_164_S38_L001_R1_001.fastq.gz","GSF2238-Lennon-Plate2-hja2016_164_S38_L001_R2_001.fastq.gz","sequences/GSF2238-Lennon-Plate2-hja2016_164_S38_L001_R1_001.fastq.gz","sequences/GSF2238-Lennon-Plate2-hja2016_164_S38_L001_R2_001.fastq.gz",TRUE,FALSE,,"data/hja-env_data_clean.csv",165,"MATCHED",,,,"/mnt/scratch/wisnoskilab/GitHub/hja-synoptic/sequences/GSF2238-Lennon-Plate2-hja2016_164_S38_L001_R1_001.fastq.gz","/mnt/scratch/wisnoskilab/GitHub/hja-synoptic/sequences/GSF2238-Lennon-Plate2-hja2016_164_S38_L001_R2_001.fastq.gz"
"hja2016_165",2016,"HJA2016_Plate2","Plate2","S39","360","360","Sediment","stream sediment","GSF2238-Lennon-Plate2-hja2016_165_S39_L001_R1_001.fastq.gz","GSF2238-Lennon-Plate2-hja2016_165_S39_L001_R2_001.fastq.gz","sequences/GSF2238-Lennon-Plate2-hja2016_165_S39_L001_R1_001.fastq.gz","sequences/GSF2238-Lennon-Plate2-hja2016_165_S39_L001_R2_001.fastq.gz",TRUE,FALSE,,"data/hja-env_data_clean.csv",166,"MATCHED",,,,"/mnt/scratch/wisnoskilab/GitHub/hja-synoptic/sequences/GSF2238-Lennon-Plate2-hja2016_165_S39_L001_R1_001.fastq.gz","/mnt/scratch/wisnoskilab/GitHub/hja-synoptic/sequences/GSF2238-Lennon-Plate2-hja2016_165_S39_L001_R2_001.fastq.gz"
"hja2016_166",2016,"HJA2016_Plate2","Plate2","S40","57","57","Sediment","stream sediment","GSF2238-Lennon-Plate2-hja2016_166_S40_L001_R1_001.fastq.gz","GSF2238-Lennon-Plate2-hja2016_166_S40_L001_R2_001.fastq.gz","sequences/GSF2238-Lennon-Plate2-hja2016_166_S40_L001_R1_001.fastq.gz","sequences/GSF2238-Lennon-Plate2-hja2016_166_S40_L001_R2_001.fastq.gz",TRUE,FALSE,,"data/hja-env_data_clean.csv",135,"MATCHED",,,,"/mnt/scratch/wisnoskilab/GitHub/hja-synoptic/sequences/GSF2238-Lennon-Plate2-hja2016_166_S40_L001_R1_001.fastq.gz","/mnt/scratch/wisnoskilab/GitHub/hja-synoptic/sequences/GSF2238-Lennon-Plate2-hja2016_166_S40_L001_R2_001.fastq.gz"
"hja2016_167",2016,"HJA2016_Plate2","Plate2","S41","WS3-1","WS3-1","Sediment","stream sediment","GSF2238-Lennon-Plate2-hja2016_167_S41_L001_R1_001.fastq.gz","GSF2238-Lennon-Plate2-hja2016_167_S41_L001_R2_001.fastq.gz","sequences/GSF2238-Lennon-Plate2-hja2016_167_S41_L001_R1_001.fastq.gz","sequences/GSF2238-Lennon-Plate2-hja2016_167_S41_L001_R2_001.fastq.gz",TRUE,FALSE,,"data/hja-env_data_clean.csv",182,"MATCHED",,,,"/mnt/scratch/wisnoskilab/GitHub/hja-synoptic/sequences/GSF2238-Lennon-Plate2-hja2016_167_S41_L001_R1_001.fastq.gz","/mnt/scratch/wisnoskilab/GitHub/hja-synoptic/sequences/GSF2238-Lennon-Plate2-hja2016_167_S41_L001_R2_001.fastq.gz"
"hja2016_168",2016,"HJA2016_Plate2","Plate2","S42","WS3-4","WS3-4","Sediment","stream sediment","GSF2238-Lennon-Plate2-hja2016_168_S42_L001_R1_001.fastq.gz","GSF2238-Lennon-Plate2-hja2016_168_S42_L001_R2_001.fastq.gz","sequences/GSF2238-Lennon-Plate2-hja2016_168_S42_L001_R1_001.fastq.gz","sequences/GSF2238-Lennon-Plate2-hja2016_168_S42_L001_R2_001.fastq.gz",TRUE,FALSE,,"data/hja-env_data_clean.csv",185,"MATCHED",,,,"/mnt/scratch/wisnoskilab/GitHub/hja-synoptic/sequences/GSF2238-Lennon-Plate2-hja2016_168_S42_L001_R1_001.fastq.gz","/mnt/scratch/wisnoskilab/GitHub/hja-synoptic/sequences/GSF2238-Lennon-Plate2-hja2016_168_S42_L001_R2_001.fastq.gz"
"hja2016_169",2016,"HJA2016_Plate2","Plate2","S43","WS3-2","WS3-2","Sediment","stream sediment","GSF2238-Lennon-Plate2-hja2016_169_S43_L001_R1_001.fastq.gz","GSF2238-Lennon-Plate2-hja2016_169_S43_L001_R2_001.fastq.gz","sequences/GSF2238-Lennon-Plate2-hja2016_169_S43_L001_R1_001.fastq.gz","sequences/GSF2238-Lennon-Plate2-hja2016_169_S43_L001_R2_001.fastq.gz",TRUE,FALSE,,"data/hja-env_data_clean.csv",183,"MATCHED",,,,"/mnt/scratch/wisnoskilab/GitHub/hja-synoptic/sequences/GSF2238-Lennon-Plate2-hja2016_169_S43_L001_R1_001.fastq.gz","/mnt/scratch/wisnoskilab/GitHub/hja-synoptic/sequences/GSF2238-Lennon-Plate2-hja2016_169_S43_L001_R2_001.fastq.gz"
"hja2016_170",2016,"HJA2016_Plate2","Plate2","S44","WS3-3","WS3-3","Sediment","stream sediment","GSF2238-Lennon-Plate2-hja2016_170_S44_L001_R1_001.fastq.gz","GSF2238-Lennon-Plate2-hja2016_170_S44_L001_R2_001.fastq.gz","sequences/GSF2238-Lennon-Plate2-hja2016_170_S44_L001_R1_001.fastq.gz","sequences/GSF2238-Lennon-Plate2-hja2016_170_S44_L001_R2_001.fastq.gz",TRUE,FALSE,,"data/hja-env_data_clean.csv",184,"MATCHED",,,,"/mnt/scratch/wisnoskilab/GitHub/hja-synoptic/sequences/GSF2238-Lennon-Plate2-hja2016_170_S44_L001_R1_001.fastq.gz","/mnt/scratch/wisnoskilab/GitHub/hja-synoptic/sequences/GSF2238-Lennon-Plate2-hja2016_170_S44_L001_R2_001.fastq.gz"
"hja2016_171",2016,"HJA2016_Plate2","Plate2","S45","WS3-5","WS3-5","Sediment","stream sediment","GSF2238-Lennon-Plate2-hja2016_171_S45_L001_R1_001.fastq.gz","GSF2238-Lennon-Plate2-hja2016_171_S45_L001_R2_001.fastq.gz","sequences/GSF2238-Lennon-Plate2-hja2016_171_S45_L001_R1_001.fastq.gz","sequences/GSF2238-Lennon-Plate2-hja2016_171_S45_L001_R2_001.fastq.gz",TRUE,FALSE,,"data/hja-env_data_clean.csv",186,"MATCHED",,,,"/mnt/scratch/wisnoskilab/GitHub/hja-synoptic/sequences/GSF2238-Lennon-Plate2-hja2016_171_S45_L001_R1_001.fastq.gz","/mnt/scratch/wisnoskilab/GitHub/hja-synoptic/sequences/GSF2238-Lennon-Plate2-hja2016_171_S45_L001_R2_001.fastq.gz"
"hja2016_174",2016,"HJA2016_Plate2","Plate2","S46","WS1_S8","WS1-8","Sediment","stream sediment","GSF2238-Lennon-Plate2-hja2016_174_S46_L001_R1_001.fastq.gz","GSF2238-Lennon-Plate2-hja2016_174_S46_L001_R2_001.fastq.gz","sequences/GSF2238-Lennon-Plate2-hja2016_174_S46_L001_R1_001.fastq.gz","sequences/GSF2238-Lennon-Plate2-hja2016_174_S46_L001_R2_001.fastq.gz",TRUE,FALSE,,"data/hja-env_data_clean.csv",181,"MATCHED_NORMALIZED_SITE_CODE","Normalized WS1_S8 to master-data site code WS1-8.",,,"/mnt/scratch/wisnoskilab/GitHub/hja-synoptic/sequences/GSF2238-Lennon-Plate2-hja2016_174_S46_L001_R1_001.fastq.gz","/mnt/scratch/wisnoskilab/GitHub/hja-synoptic/sequences/GSF2238-Lennon-Plate2-hja2016_174_S46_L001_R2_001.fastq.gz"
"hja2016_176",2016,"HJA2016_Plate2","Plate2","S47","WS1-2","WS1-2","Sediment","stream sediment","GSF2238-Lennon-Plate2-hja2016_176_S47_L001_R1_001.fastq.gz","GSF2238-Lennon-Plate2-hja2016_176_S47_L001_R2_001.fastq.gz","sequences/GSF2238-Lennon-Plate2-hja2016_176_S47_L001_R1_001.fastq.gz","sequences/GSF2238-Lennon-Plate2-hja2016_176_S47_L001_R2_001.fastq.gz",TRUE,FALSE,,"data/hja-env_data_clean.csv",175,"MATCHED",,,,"/mnt/scratch/wisnoskilab/GitHub/hja-synoptic/sequences/GSF2238-Lennon-Plate2-hja2016_176_S47_L001_R1_001.fastq.gz","/mnt/scratch/wisnoskilab/GitHub/hja-synoptic/sequences/GSF2238-Lennon-Plate2-hja2016_176_S47_L001_R2_001.fastq.gz"
"hja2016_177",2016,"HJA2016_Plate2","Plate2","S48","WS1-3","WS1-3","Sediment","stream sediment","GSF2238-Lennon-Plate2-hja2016_177_S48_L001_R1_001.fastq.gz","GSF2238-Lennon-Plate2-hja2016_177_S48_L001_R2_001.fastq.gz","sequences/GSF2238-Lennon-Plate2-hja2016_177_S48_L001_R1_001.fastq.gz","sequences/GSF2238-Lennon-Plate2-hja2016_177_S48_L001_R2_001.fastq.gz",TRUE,FALSE,,"data/hja-env_data_clean.csv",176,"MATCHED",,,,"/mnt/scratch/wisnoskilab/GitHub/hja-synoptic/sequences/GSF2238-Lennon-Plate2-hja2016_177_S48_L001_R1_001.fastq.gz","/mnt/scratch/wisnoskilab/GitHub/hja-synoptic/sequences/GSF2238-Lennon-Plate2-hja2016_177_S48_L001_R2_001.fastq.gz"
"hja2016_179",2016,"HJA2016_Plate2","Plate2","S49","WS1-5","WS1-5","Sediment","stream sediment","GSF2238-Lennon-Plate2-hja2016_179_S49_L001_R1_001.fastq.gz","GSF2238-Lennon-Plate2-hja2016_179_S49_L001_R2_001.fastq.gz","sequences/GSF2238-Lennon-Plate2-hja2016_179_S49_L001_R1_001.fastq.gz","sequences/GSF2238-Lennon-Plate2-hja2016_179_S49_L001_R2_001.fastq.gz",TRUE,FALSE,,"data/hja-env_data_clean.csv",178,"MATCHED",,,,"/mnt/scratch/wisnoskilab/GitHub/hja-synoptic/sequences/GSF2238-Lennon-Plate2-hja2016_179_S49_L001_R1_001.fastq.gz","/mnt/scratch/wisnoskilab/GitHub/hja-synoptic/sequences/GSF2238-Lennon-Plate2-hja2016_179_S49_L001_R2_001.fastq.gz"
"hja2016_180",2016,"HJA2016_Plate2","Plate2","S50","WS1-6","WS1-6","Sediment","stream sediment","GSF2238-Lennon-Plate2-hja2016_180_S50_L001_R1_001.fastq.gz","GSF2238-Lennon-Plate2-hja2016_180_S50_L001_R2_001.fastq.gz","sequences/GSF2238-Lennon-Plate2-hja2016_180_S50_L001_R1_001.fastq.gz","sequences/GSF2238-Lennon-Plate2-hja2016_180_S50_L001_R2_001.fastq.gz",TRUE,FALSE,,"data/hja-env_data_clean.csv",179,"MATCHED",,,,"/mnt/scratch/wisnoskilab/GitHub/hja-synoptic/sequences/GSF2238-Lennon-Plate2-hja2016_180_S50_L001_R1_001.fastq.gz","/mnt/scratch/wisnoskilab/GitHub/hja-synoptic/sequences/GSF2238-Lennon-Plate2-hja2016_180_S50_L001_R2_001.fastq.gz"
"hja2016_181",2016,"HJA2016_Plate2","Plate2","S51","177","177","Sediment","stream sediment","GSF2238-Lennon-Plate2-hja2016_181_S51_L001_R1_001.fastq.gz","GSF2238-Lennon-Plate2-hja2016_181_S51_L001_R2_001.fastq.gz","sequences/GSF2238-Lennon-Plate2-hja2016_181_S51_L001_R1_001.fastq.gz","sequences/GSF2238-Lennon-Plate2-hja2016_181_S51_L001_R2_001.fastq.gz",TRUE,FALSE,,"data/hja-env_data_clean.csv",161,"MATCHED",,,,"/mnt/scratch/wisnoskilab/GitHub/hja-synoptic/sequences/GSF2238-Lennon-Plate2-hja2016_181_S51_L001_R1_001.fastq.gz","/mnt/scratch/wisnoskilab/GitHub/hja-synoptic/sequences/GSF2238-Lennon-Plate2-hja2016_181_S51_L001_R2_001.fastq.gz"
"hja2016_183",2016,"HJA2016_Plate1","Plate1","S56","HJA-2016_soil_01","HJA-2016_soil_01","Terrestrial soil","terrestrial soil","GSF2238-Lennon-Plate1-hja2016_183_S56_L001_R1_001.fastq.gz","GSF2238-Lennon-Plate1-hja2016_183_S56_L001_R2_001.fastq.gz","sequences/GSF2238-Lennon-Plate1-hja2016_183_S56_L001_R1_001.fastq.gz","sequences/GSF2238-Lennon-Plate1-hja2016_183_S56_L001_R2_001.fastq.gz",TRUE,FALSE,,"data/hja-synoptic_env-data-soils.csv",2,"MATCHED",,,,"/mnt/scratch/wisnoskilab/GitHub/hja-synoptic/sequences/GSF2238-Lennon-Plate1-hja2016_183_S56_L001_R1_001.fastq.gz","/mnt/scratch/wisnoskilab/GitHub/hja-synoptic/sequences/GSF2238-Lennon-Plate1-hja2016_183_S56_L001_R2_001.fastq.gz"
"hja2016_184",2016,"HJA2016_Plate1","Plate1","S57","HJA-2016_soil_03","HJA-2016_soil_03","Terrestrial soil","terrestrial soil","GSF2238-Lennon-Plate1-hja2016_184_S57_L001_R1_001.fastq.gz","GSF2238-Lennon-Plate1-hja2016_184_S57_L001_R2_001.fastq.gz","sequences/GSF2238-Lennon-Plate1-hja2016_184_S57_L001_R1_001.fastq.gz","sequences/GSF2238-Lennon-Plate1-hja2016_184_S57_L001_R2_001.fastq.gz",TRUE,FALSE,,"data/hja-synoptic_env-data-soils.csv",4,"MATCHED",,,,"/mnt/scratch/wisnoskilab/GitHub/hja-synoptic/sequences/GSF2238-Lennon-Plate1-hja2016_184_S57_L001_R1_001.fastq.gz","/mnt/scratch/wisnoskilab/GitHub/hja-synoptic/sequences/GSF2238-Lennon-Plate1-hja2016_184_S57_L001_R2_001.fastq.gz"
"hja2016_185",2016,"HJA2016_Plate1","Plate1","S58","HJA-2016_soil_04","HJA-2016_soil_04","Terrestrial soil","terrestrial soil","GSF2238-Lennon-Plate1-hja2016_185_S58_L001_R1_001.fastq.gz","GSF2238-Lennon-Plate1-hja2016_185_S58_L001_R2_001.fastq.gz","sequences/GSF2238-Lennon-Plate1-hja2016_185_S58_L001_R1_001.fastq.gz","sequences/GSF2238-Lennon-Plate1-hja2016_185_S58_L001_R2_001.fastq.gz",TRUE,FALSE,,"data/hja-synoptic_env-data-soils.csv",5,"MATCHED",,,,"/mnt/scratch/wisnoskilab/GitHub/hja-synoptic/sequences/GSF2238-Lennon-Plate1-hja2016_185_S58_L001_R1_001.fastq.gz","/mnt/scratch/wisnoskilab/GitHub/hja-synoptic/sequences/GSF2238-Lennon-Plate1-hja2016_185_S58_L001_R2_001.fastq.gz"
"hja2016_188",2016,"HJA2016_Plate1","Plate1","S59","HJA-2016_soil_07","HJA-2016_soil_07","Terrestrial soil","terrestrial soil","GSF2238-Lennon-Plate1-hja2016_188_S59_L001_R1_001.fastq.gz","GSF2238-Lennon-Plate1-hja2016_188_S59_L001_R2_001.fastq.gz","sequences/GSF2238-Lennon-Plate1-hja2016_188_S59_L001_R1_001.fastq.gz","sequences/GSF2238-Lennon-Plate1-hja2016_188_S59_L001_R2_001.fastq.gz",TRUE,FALSE,,"data/hja-synoptic_env-data-soils.csv",8,"MATCHED",,,,"/mnt/scratch/wisnoskilab/GitHub/hja-synoptic/sequences/GSF2238-Lennon-Plate1-hja2016_188_S59_L001_R1_001.fastq.gz","/mnt/scratch/wisnoskilab/GitHub/hja-synoptic/sequences/GSF2238-Lennon-Plate1-hja2016_188_S59_L001_R2_001.fastq.gz"
"hja2016_189",2016,"HJA2016_Plate1","Plate1","S60","HJA-2016_soil_08","HJA-2016_soil_08","Terrestrial soil","terrestrial soil","GSF2238-Lennon-Plate1-hja2016_189_S60_L001_R1_001.fastq.gz","GSF2238-Lennon-Plate1-hja2016_189_S60_L001_R2_001.fastq.gz","sequences/GSF2238-Lennon-Plate1-hja2016_189_S60_L001_R1_001.fastq.gz","sequences/GSF2238-Lennon-Plate1-hja2016_189_S60_L001_R2_001.fastq.gz",TRUE,FALSE,,"data/hja-synoptic_env-data-soils.csv",9,"MATCHED",,,,"/mnt/scratch/wisnoskilab/GitHub/hja-synoptic/sequences/GSF2238-Lennon-Plate1-hja2016_189_S60_L001_R1_001.fastq.gz","/mnt/scratch/wisnoskilab/GitHub/hja-synoptic/sequences/GSF2238-Lennon-Plate1-hja2016_189_S60_L001_R2_001.fastq.gz"
"hja2016_190",2016,"HJA2016_Plate1","Plate1","S61","HJA-2016_soil_09","HJA-2016_soil_09","Terrestrial soil","terrestrial soil","GSF2238-Lennon-Plate1-hja2016_190_S61_L001_R1_001.fastq.gz","GSF2238-Lennon-Plate1-hja2016_190_S61_L001_R2_001.fastq.gz","sequences/GSF2238-Lennon-Plate1-hja2016_190_S61_L001_R1_001.fastq.gz","sequences/GSF2238-Lennon-Plate1-hja2016_190_S61_L001_R2_001.fastq.gz",TRUE,FALSE,,"data/hja-synoptic_env-data-soils.csv",10,"MATCHED",,,,"/mnt/scratch/wisnoskilab/GitHub/hja-synoptic/sequences/GSF2238-Lennon-Plate1-hja2016_190_S61_L001_R1_001.fastq.gz","/mnt/scratch/wisnoskilab/GitHub/hja-synoptic/sequences/GSF2238-Lennon-Plate1-hja2016_190_S61_L001_R2_001.fastq.gz"
"hja2016_191",2016,"HJA2016_Plate1","Plate1","S62","HJA-2016_soil_10","HJA-2016_soil_10","Terrestrial soil","terrestrial soil","GSF2238-Lennon-Plate1-hja2016_191_S62_L001_R1_001.fastq.gz","GSF2238-Lennon-Plate1-hja2016_191_S62_L001_R2_001.fastq.gz","sequences/GSF2238-Lennon-Plate1-hja2016_191_S62_L001_R1_001.fastq.gz","sequences/GSF2238-Lennon-Plate1-hja2016_191_S62_L001_R2_001.fastq.gz",TRUE,FALSE,,"data/hja-synoptic_env-data-soils.csv",11,"MATCHED",,,,"/mnt/scratch/wisnoskilab/GitHub/hja-synoptic/sequences/GSF2238-Lennon-Plate1-hja2016_191_S62_L001_R1_001.fastq.gz","/mnt/scratch/wisnoskilab/GitHub/hja-synoptic/sequences/GSF2238-Lennon-Plate1-hja2016_191_S62_L001_R2_001.fastq.gz"
"hja2016_193",2016,"HJA2016_Plate2","Plate2","S52","HJA-2016_soil_12","HJA-2016_soil_12","Terrestrial soil","terrestrial soil","GSF2238-Lennon-Plate2-hja2016_193_S52_L001_R1_001.fastq.gz","GSF2238-Lennon-Plate2-hja2016_193_S52_L001_R2_001.fastq.gz","sequences/GSF2238-Lennon-Plate2-hja2016_193_S52_L001_R1_001.fastq.gz","sequences/GSF2238-Lennon-Plate2-hja2016_193_S52_L001_R2_001.fastq.gz",TRUE,FALSE,,"data/hja-synoptic_env-data-soils.csv",13,"MATCHED",,,,"/mnt/scratch/wisnoskilab/GitHub/hja-synoptic/sequences/GSF2238-Lennon-Plate2-hja2016_193_S52_L001_R1_001.fastq.gz","/mnt/scratch/wisnoskilab/GitHub/hja-synoptic/sequences/GSF2238-Lennon-Plate2-hja2016_193_S52_L001_R2_001.fastq.gz"
"hja2016_194",2016,"HJA2016_Plate2","Plate2","S53","HJA-2016_soil_13","HJA-2016_soil_13","Terrestrial soil","terrestrial soil","GSF2238-Lennon-Plate2-hja2016_194_S53_L001_R1_001.fastq.gz","GSF2238-Lennon-Plate2-hja2016_194_S53_L001_R2_001.fastq.gz","sequences/GSF2238-Lennon-Plate2-hja2016_194_S53_L001_R1_001.fastq.gz","sequences/GSF2238-Lennon-Plate2-hja2016_194_S53_L001_R2_001.fastq.gz",TRUE,FALSE,,"data/hja-synoptic_env-data-soils.csv",14,"MATCHED",,,,"/mnt/scratch/wisnoskilab/GitHub/hja-synoptic/sequences/GSF2238-Lennon-Plate2-hja2016_194_S53_L001_R1_001.fastq.gz","/mnt/scratch/wisnoskilab/GitHub/hja-synoptic/sequences/GSF2238-Lennon-Plate2-hja2016_194_S53_L001_R2_001.fastq.gz"
"hja2016_195",2016,"HJA2016_Plate2","Plate2","S54","HJA-2016_soil_14","HJA-2016_soil_14","Terrestrial soil","terrestrial soil","GSF2238-Lennon-Plate2-hja2016_195_S54_L001_R1_001.fastq.gz","GSF2238-Lennon-Plate2-hja2016_195_S54_L001_R2_001.fastq.gz","sequences/GSF2238-Lennon-Plate2-hja2016_195_S54_L001_R1_001.fastq.gz","sequences/GSF2238-Lennon-Plate2-hja2016_195_S54_L001_R2_001.fastq.gz",TRUE,FALSE,,"data/hja-synoptic_env-data-soils.csv",15,"MATCHED",,,,"/mnt/scratch/wisnoskilab/GitHub/hja-synoptic/sequences/GSF2238-Lennon-Plate2-hja2016_195_S54_L001_R1_001.fastq.gz","/mnt/scratch/wisnoskilab/GitHub/hja-synoptic/sequences/GSF2238-Lennon-Plate2-hja2016_195_S54_L001_R2_001.fastq.gz"
"hja2016_196",2016,"HJA2016_Plate2","Plate2","S55","HJA-2016_soil_16","HJA-2016_soil_16","Terrestrial soil","terrestrial soil","GSF2238-Lennon-Plate2-hja2016_196_S55_L001_R1_001.fastq.gz","GSF2238-Lennon-Plate2-hja2016_196_S55_L001_R2_001.fastq.gz","sequences/GSF2238-Lennon-Plate2-hja2016_196_S55_L001_R1_001.fastq.gz","sequences/GSF2238-Lennon-Plate2-hja2016_196_S55_L001_R2_001.fastq.gz",TRUE,FALSE,,"data/hja-synoptic_env-data-soils.csv",17,"MATCHED",,,,"/mnt/scratch/wisnoskilab/GitHub/hja-synoptic/sequences/GSF2238-Lennon-Plate2-hja2016_196_S55_L001_R1_001.fastq.gz","/mnt/scratch/wisnoskilab/GitHub/hja-synoptic/sequences/GSF2238-Lennon-Plate2-hja2016_196_S55_L001_R2_001.fastq.gz"
"hja2016_197",2016,"HJA2016_Plate2","Plate2","S56","HJA-2016_soil_17","HJA-2016_soil_17","Terrestrial soil","terrestrial soil","GSF2238-Lennon-Plate2-hja2016_197_S56_L001_R1_001.fastq.gz","GSF2238-Lennon-Plate2-hja2016_197_S56_L001_R2_001.fastq.gz","sequences/GSF2238-Lennon-Plate2-hja2016_197_S56_L001_R1_001.fastq.gz","sequences/GSF2238-Lennon-Plate2-hja2016_197_S56_L001_R2_001.fastq.gz",TRUE,FALSE,,"data/hja-synoptic_env-data-soils.csv",18,"MATCHED",,,,"/mnt/scratch/wisnoskilab/GitHub/hja-synoptic/sequences/GSF2238-Lennon-Plate2-hja2016_197_S56_L001_R1_001.fastq.gz","/mnt/scratch/wisnoskilab/GitHub/hja-synoptic/sequences/GSF2238-Lennon-Plate2-hja2016_197_S56_L001_R2_001.fastq.gz"
"hja2016_198",2016,"HJA2016_Plate2","Plate2","S57","HJA-2016_soil_18","HJA-2016_soil_18","Terrestrial soil","terrestrial soil","GSF2238-Lennon-Plate2-hja2016_198_S57_L001_R1_001.fastq.gz","GSF2238-Lennon-Plate2-hja2016_198_S57_L001_R2_001.fastq.gz","sequences/GSF2238-Lennon-Plate2-hja2016_198_S57_L001_R1_001.fastq.gz","sequences/GSF2238-Lennon-Plate2-hja2016_198_S57_L001_R2_001.fastq.gz",TRUE,FALSE,,"data/hja-synoptic_env-data-soils.csv",3,"MATCHED",,,,"/mnt/scratch/wisnoskilab/GitHub/hja-synoptic/sequences/GSF2238-Lennon-Plate2-hja2016_198_S57_L001_R1_001.fastq.gz","/mnt/scratch/wisnoskilab/GitHub/hja-synoptic/sequences/GSF2238-Lennon-Plate2-hja2016_198_S57_L001_R2_001.fastq.gz"
"hja2016_199",2016,"HJA2016_Plate2","Plate2","S58","HJA-2016_soil_19","HJA-2016_soil_19","Terrestrial soil","terrestrial soil","GSF2238-Lennon-Plate2-hja2016_199_S58_L001_R1_001.fastq.gz","GSF2238-Lennon-Plate2-hja2016_199_S58_L001_R2_001.fastq.gz","sequences/GSF2238-Lennon-Plate2-hja2016_199_S58_L001_R1_001.fastq.gz","sequences/GSF2238-Lennon-Plate2-hja2016_199_S58_L001_R2_001.fastq.gz",TRUE,FALSE,,"data/hja-synoptic_env-data-soils.csv",16,"MATCHED",,,,"/mnt/scratch/wisnoskilab/GitHub/hja-synoptic/sequences/GSF2238-Lennon-Plate2-hja2016_199_S58_L001_R1_001.fastq.gz","/mnt/scratch/wisnoskilab/GitHub/hja-synoptic/sequences/GSF2238-Lennon-Plate2-hja2016_199_S58_L001_R2_001.fastq.gz"
"hja2016_200",2016,"HJA2016_Plate2","Plate2","S59",,,"Terrestrial soil","terrestrial soil","GSF2238-Lennon-Plate2-hja2016_200_S59_L001_R1_001.fastq.gz","GSF2238-Lennon-Plate2-hja2016_200_S59_L001_R2_001.fastq.gz","sequences/GSF2238-Lennon-Plate2-hja2016_200_S59_L001_R1_001.fastq.gz","sequences/GSF2238-Lennon-Plate2-hja2016_200_S59_L001_R2_001.fastq.gz",TRUE,FALSE,,"data/hja-synoptic_env-data-soils.csv",,"REVIEW_UNRESOLVED_SITE","Missing from local sample list; NCBI BioSample SAMN12129905 identifies a soil metagenome, but the soil site is unresolved.","SAMN12129905","SRR9592656","/mnt/scratch/wisnoskilab/GitHub/hja-synoptic/sequences/GSF2238-Lennon-Plate2-hja2016_200_S59_L001_R1_001.fastq.gz","/mnt/scratch/wisnoskilab/GitHub/hja-synoptic/sequences/GSF2238-Lennon-Plate2-hja2016_200_S59_L001_R2_001.fastq.gz"
