"sample_id","run_id","input","filtered","denoised_forward","denoised_reverse","merged","nonchim"
"hja2016_001","HJA2016_Plate1",18785,16238,16113,15874,15228,15203
"hja2016_002","HJA2016_Plate1",11479,8892,8791,8614,7691,7691
"hja2016_003","HJA2016_Plate1",9141,7691,7436,7290,6589,6567
"hja2016_005","HJA2016_Plate1",14942,13368,13288,13048,12576,12557
"hja2016_008","HJA2016_Plate1",28746,24802,24534,24062,22897,22897
"hja2016_009","HJA2016_Plate1",37248,30948,30706,30068,28399,28180
"hja2016_010","HJA2016_Plate1",17815,15295,15217,14958,14451,14451
"hja2016_011","HJA2016_Plate1",178769,155967,155392,154058,149298,148270
"hja2016_013","HJA2016_Plate1",32783,27829,27339,26698,25016,24949
"hja2016_014","HJA2016_Plate1",29738,26146,25824,25216,23466,23257
"hja2016_015","HJA2016_Plate1",15265,13228,13099,12866,12438,12268
"hja2016_016","HJA2016_Plate1",17650,14155,14059,13883,13284,13284
"hja2016_018","HJA2016_Plate1",53725,46581,45800,44590,41289,41082
"hja2016_019","HJA2016_Plate1",26118,22269,21903,21340,19866,19861
"hja2016_020","HJA2016_Plate1",122347,107197,106560,105254,100643,100353
"hja2016_021","HJA2016_Plate1",41876,37187,37085,36331,35465,35465
"hja2016_027","HJA2016_Plate1",38090,32626,32195,31540,29586,29534
"hja2016_029","HJA2016_Plate1",12197,10367,10202,9907,9217,9217
"hja2016_030","HJA2016_Plate1",9723,7783,7705,7518,7171,7171
"hja2016_031","HJA2016_Plate2",13592,12497,12472,12383,12209,12209
"hja2016_032","HJA2016_Plate2",16742,14632,14535,14496,14275,14201
"hja2016_035","HJA2016_Plate2",34407,32135,31975,31844,30927,30527
"hja2016_037","HJA2016_Plate2",16782,14633,14541,14326,13985,13968
"hja2016_040","HJA2016_Plate2",11244,9963,9921,9905,9824,9607
"hja2016_042","HJA2016_Plate2",14961,13436,13301,13245,12825,12819
"hja2016_043","HJA2016_Plate2",22757,20770,20699,20639,20389,20270
"hja2016_044","HJA2016_Plate2",12054,10626,10576,10511,10329,10328
"hja2016_049","HJA2016_Plate2",18077,14259,14130,14111,13817,13815
"hja2016_050","HJA2016_Plate2",56388,49578,49364,48984,48088,48004
"hja2016_052","HJA2016_Plate2",70565,64184,63837,63596,61576,61105
"hja2016_056","HJA2016_Plate2",57844,52615,52194,51896,49226,49037
"hja2016_057","HJA2016_Plate2",21570,14630,14430,14300,13817,13771
"hja2016_059","HJA2016_Plate2",25733,20846,20486,20505,19659,19642
"hja2016_062","HJA2016_Plate2",108081,95085,94509,94254,91168,90648
"hja2016_064","HJA2016_Plate2",27571,23301,23112,22882,22271,22148
"hja2016_065","HJA2016_Plate1",20600,18145,17621,16822,14558,14481
"hja2016_066","HJA2016_Plate1",143251,124797,124297,121999,116728,116149
"hja2016_070","HJA2016_Plate1",42319,34112,33825,32995,31569,31464
"hja2016_071","HJA2016_Plate1",43219,36598,35073,33439,28421,28407
"hja2016_075","HJA2016_Plate1",29475,24280,24052,23483,22180,22114
"hja2016_078","HJA2016_Plate1",26259,22281,22004,21633,20346,20271
"hja2016_079","HJA2016_Plate1",33493,28367,28028,27400,25308,25161
"hja2016_080","HJA2016_Plate1",10227,8818,8717,8432,8075,8009
"hja2016_081","HJA2016_Plate1",13365,10850,10666,10335,9375,9337
"hja2016_084","HJA2016_Plate1",56050,47670,47436,46837,45103,44478
"hja2016_099","HJA2016_Plate2",90371,84374,80581,80706,71493,70870
"hja2016_100","HJA2016_Plate2",102792,95953,90905,91199,81718,80837
"hja2016_101","HJA2016_Plate2",89702,83295,79575,79757,70566,69823
"hja2016_102","HJA2016_Plate2",62601,58305,53651,53941,45233,44648
"hja2016_103","HJA2016_Plate2",94718,87385,81320,81696,70047,69136
"hja2016_105","HJA2016_Plate2",92604,86276,81289,81682,70330,69430
"hja2016_106","HJA2016_Plate2",705421,656146,638560,638815,594809,579943
"hja2016_107","HJA2016_Plate2",737197,685631,663860,664250,606015,594437
"hja2016_109","HJA2016_Plate2",70037,64099,62959,62716,58372,57915
"hja2016_110","HJA2016_Plate2",132403,122857,121650,121422,115165,113718
"hja2016_111","HJA2016_Plate2",93919,87062,81797,82182,72086,71018
"hja2016_114","HJA2016_Plate2",148958,137899,130661,131017,114854,113466
"hja2016_116","HJA2016_Plate2",124929,116526,110123,110584,96267,95287
"hja2016_119","HJA2016_Plate2",716707,668437,644593,645487,584659,569978
"hja2016_121","HJA2016_Plate2",619295,577682,565882,565023,530395,520108
"hja2016_122","HJA2016_Plate2",98656,92501,90172,90289,82247,81642
"hja2016_123","HJA2016_Plate2",1512,294,280,276,276,276
"hja2016_125","HJA2016_Plate2",92318,86485,83708,83766,74875,74159
"hja2016_126","HJA2016_Plate2",5912,4904,4778,4788,4603,4588
"hja2016_127","HJA2016_Plate1",92150,82729,81075,80505,70325,70047
"hja2016_128","HJA2016_Plate1",1071,816,757,706,625,625
"hja2016_129","HJA2016_Plate1",177991,156940,152779,151428,128885,127706
"hja2016_131","HJA2016_Plate1",1188399,1058851,1035411,1032585,904633,883738
"hja2016_132","HJA2016_Plate1",1301499,1141335,1111467,1105884,955446,919986
"hja2016_133","HJA2016_Plate1",106787,94168,89946,89938,73693,72059
"hja2016_135","HJA2016_Plate1",169420,148877,145317,143810,124930,123455
"hja2016_136","HJA2016_Plate1",180581,159640,157105,156030,140172,138898
"hja2016_139","HJA2016_Plate1",206203,181091,173976,173336,142715,140227
"hja2016_140","HJA2016_Plate1",271903,235402,233099,229905,207063,205891
"hja2016_141","HJA2016_Plate1",209066,183572,181482,176635,157498,156782
"hja2016_142","HJA2016_Plate1",844217,734373,731445,725997,685178,676967
"hja2016_144","HJA2016_Plate1",612941,535784,533003,527936,486924,480196
"hja2016_145","HJA2016_Plate1",174131,155110,149370,149408,126454,124377
"hja2016_146","HJA2016_Plate1",177433,152856,151081,147148,133482,132956
"hja2016_147","HJA2016_Plate1",176136,153445,146908,145907,119301,116303
"hja2016_148","HJA2016_Plate1",156237,140943,135743,135422,111953,110482
"hja2016_149","HJA2016_Plate1",818,743,595,527,369,369
"hja2016_150","HJA2016_Plate1",185821,164579,160595,159696,138948,137116
"hja2016_151","HJA2016_Plate1",1385561,1200156,1167253,1162746,998616,964977
"hja2016_152","HJA2016_Plate1",1188276,1057399,1023181,1021952,854443,799955
"hja2016_155","HJA2016_Plate1",167712,149922,144365,143937,118488,116837
"hja2016_157","HJA2016_Plate1",126267,113320,111005,110361,97206,96913
"hja2016_158","HJA2016_Plate1",1941,1636,1509,1424,1081,1077
"hja2016_159","HJA2016_Plate1",113953,99028,97255,95913,83815,83304
"hja2016_160","HJA2016_Plate1",330438,294592,286084,282312,239684,236788
"hja2016_161","HJA2016_Plate2",389,227,216,214,204,204
"hja2016_164","HJA2016_Plate2",755914,710349,687241,690948,606700,558490
"hja2016_165","HJA2016_Plate2",168,41,39,36,36,36
"hja2016_166","HJA2016_Plate2",165055,154324,152058,151722,142850,142090
"hja2016_167","HJA2016_Plate2",49253,45661,43773,43824,38261,38097
"hja2016_168","HJA2016_Plate2",318,238,222,227,196,196
"hja2016_169","HJA2016_Plate2",89378,82912,77738,78274,66772,65373
"hja2016_170","HJA2016_Plate2",106363,99291,94790,95246,84149,83233
"hja2016_171","HJA2016_Plate2",306,154,131,128,116,116
"hja2016_174","HJA2016_Plate2",7924,7320,7099,7078,6601,6532
"hja2016_176","HJA2016_Plate2",193,100,78,78,65,64
"hja2016_177","HJA2016_Plate2",115104,107187,103289,103376,92077,91368
"hja2016_179","HJA2016_Plate2",55983,52702,51149,51125,46666,46471
"hja2016_180","HJA2016_Plate2",153801,143341,138845,138922,126774,125211
"hja2016_181","HJA2016_Plate2",114241,106507,102358,102516,91138,90331
"hja2016_183","HJA2016_Plate1",1140428,990477,966341,964012,834793,804564
"hja2016_184","HJA2016_Plate1",105090,92184,87367,87055,69977,68951
"hja2016_185","HJA2016_Plate1",75813,64569,62240,59911,46710,46147
"hja2016_188","HJA2016_Plate1",78454,68816,66450,65916,55293,53759
"hja2016_189","HJA2016_Plate1",202234,181913,177435,176654,153848,151838
"hja2016_190","HJA2016_Plate1",55661,46603,44692,44174,35249,34900
"hja2016_191","HJA2016_Plate1",72822,62292,59362,58574,46107,45834
"hja2016_193","HJA2016_Plate2",110905,103023,99116,99575,89982,87552
"hja2016_194","HJA2016_Plate2",81619,76148,72255,72644,62036,61413
"hja2016_195","HJA2016_Plate2",455563,424325,415951,414458,373785,363982
"hja2016_196","HJA2016_Plate2",1383715,1278650,1250091,1250765,1133588,1104671
"hja2016_197","HJA2016_Plate2",61470,56602,53553,53566,45765,45147
"hja2016_198","HJA2016_Plate2",248484,231839,222239,222949,195527,190457
"hja2016_199","HJA2016_Plate2",166448,154737,150075,150210,135718,133349
"hja2016_200","HJA2016_Plate2",324806,298553,289172,289301,254900,249607
