"sample_id","run_id","sample_year","plate","lane_sample","site_code_raw","site_code","sample_type_original","sample_type","forward_filename","reverse_filename","forward_path","reverse_path","include","is_control","control_type","metadata_source","metadata_row","mapping_status","normalization_note","biosample_accession","sra_run_accession","forward_file","reverse_file","input","filtered","denoised_forward","denoised_reverse","merged","nonchim"
"hja2016_001","HJA2016_Plate1",2016,"Plate1","S1","50","50","Stream","planktonic streamwater","GSF2238-Lennon-Plate1-hja2016_001_S1_L001_R1_001.fastq.gz","GSF2238-Lennon-Plate1-hja2016_001_S1_L001_R2_001.fastq.gz","sequences/GSF2238-Lennon-Plate1-hja2016_001_S1_L001_R1_001.fastq.gz","sequences/GSF2238-Lennon-Plate1-hja2016_001_S1_L001_R2_001.fastq.gz",TRUE,FALSE,,"data/hja-env_data_clean.csv",6,"MATCHED",,,,"/mnt/scratch/wisnoskilab/GitHub/hja-synoptic/sequences/GSF2238-Lennon-Plate1-hja2016_001_S1_L001_R1_001.fastq.gz","/mnt/scratch/wisnoskilab/GitHub/hja-synoptic/sequences/GSF2238-Lennon-Plate1-hja2016_001_S1_L001_R2_001.fastq.gz",18785,16238,16113,15874,15228,15203
"hja2016_002","HJA2016_Plate1",2016,"Plate1","S2","WS3-1","WS3-1","Stream","planktonic streamwater","GSF2238-Lennon-Plate1-hja2016_002_S2_L001_R1_001.fastq.gz","GSF2238-Lennon-Plate1-hja2016_002_S2_L001_R2_001.fastq.gz","sequences/GSF2238-Lennon-Plate1-hja2016_002_S2_L001_R1_001.fastq.gz","sequences/GSF2238-Lennon-Plate1-hja2016_002_S2_L001_R2_001.fastq.gz",TRUE,FALSE,,"data/hja-env_data_clean.csv",58,"MATCHED",,,,"/mnt/scratch/wisnoskilab/GitHub/hja-synoptic/sequences/GSF2238-Lennon-Plate1-hja2016_002_S2_L001_R1_001.fastq.gz","/mnt/scratch/wisnoskilab/GitHub/hja-synoptic/sequences/GSF2238-Lennon-Plate1-hja2016_002_S2_L001_R2_001.fastq.gz",11479,8892,8791,8614,7691,7691
"hja2016_003","HJA2016_Plate1",2016,"Plate1","S3","WS1-7","WS1-7","Hyporheic","hyporheic water","GSF2238-Lennon-Plate1-hja2016_003_S3_L001_R1_001.fastq.gz","GSF2238-Lennon-Plate1-hja2016_003_S3_L001_R2_001.fastq.gz","sequences/GSF2238-Lennon-Plate1-hja2016_003_S3_L001_R1_001.fastq.gz","sequences/GSF2238-Lennon-Plate1-hja2016_003_S3_L001_R2_001.fastq.gz",TRUE,FALSE,,"data/hja-env_data_clean.csv",118,"MATCHED",,,,"/mnt/scratch/wisnoskilab/GitHub/hja-synoptic/sequences/GSF2238-Lennon-Plate1-hja2016_003_S3_L001_R1_001.fastq.gz","/mnt/scratch/wisnoskilab/GitHub/hja-synoptic/sequences/GSF2238-Lennon-Plate1-hja2016_003_S3_L001_R2_001.fastq.gz",9141,7691,7436,7290,6589,6567
"hja2016_005","HJA2016_Plate1",2016,"Plate1","S4","50","50","Hyporheic","hyporheic water","GSF2238-Lennon-Plate1-hja2016_005_S4_L001_R1_001.fastq.gz","GSF2238-Lennon-Plate1-hja2016_005_S4_L001_R2_001.fastq.gz","sequences/GSF2238-Lennon-Plate1-hja2016_005_S4_L001_R1_001.fastq.gz","sequences/GSF2238-Lennon-Plate1-hja2016_005_S4_L001_R2_001.fastq.gz",TRUE,FALSE,,"data/hja-env_data_clean.csv",68,"MATCHED",,,,"/mnt/scratch/wisnoskilab/GitHub/hja-synoptic/sequences/GSF2238-Lennon-Plate1-hja2016_005_S4_L001_R1_001.fastq.gz","/mnt/scratch/wisnoskilab/GitHub/hja-synoptic/sequences/GSF2238-Lennon-Plate1-hja2016_005_S4_L001_R2_001.fastq.gz",14942,13368,13288,13048,12576,12557
"hja2016_008","HJA2016_Plate1",2016,"Plate1","S5","WS3-1","WS3-1","Hyporheic","hyporheic water","GSF2238-Lennon-Plate1-hja2016_008_S5_L001_R1_001.fastq.gz","GSF2238-Lennon-Plate1-hja2016_008_S5_L001_R2_001.fastq.gz","sequences/GSF2238-Lennon-Plate1-hja2016_008_S5_L001_R1_001.fastq.gz","sequences/GSF2238-Lennon-Plate1-hja2016_008_S5_L001_R2_001.fastq.gz",TRUE,FALSE,,"data/hja-env_data_clean.csv",120,"MATCHED",,,,"/mnt/scratch/wisnoskilab/GitHub/hja-synoptic/sequences/GSF2238-Lennon-Plate1-hja2016_008_S5_L001_R1_001.fastq.gz","/mnt/scratch/wisnoskilab/GitHub/hja-synoptic/sequences/GSF2238-Lennon-Plate1-hja2016_008_S5_L001_R2_001.fastq.gz",28746,24802,24534,24062,22897,22897
"hja2016_009","HJA2016_Plate1",2016,"Plate1","S6","60","60","Hyporheic","hyporheic water","GSF2238-Lennon-Plate1-hja2016_009_S6_L001_R1_001.fastq.gz","GSF2238-Lennon-Plate1-hja2016_009_S6_L001_R2_001.fastq.gz","sequences/GSF2238-Lennon-Plate1-hja2016_009_S6_L001_R1_001.fastq.gz","sequences/GSF2238-Lennon-Plate1-hja2016_009_S6_L001_R2_001.fastq.gz",TRUE,FALSE,,"data/hja-env_data_clean.csv",75,"MATCHED",,,,"/mnt/scratch/wisnoskilab/GitHub/hja-synoptic/sequences/GSF2238-Lennon-Plate1-hja2016_009_S6_L001_R1_001.fastq.gz","/mnt/scratch/wisnoskilab/GitHub/hja-synoptic/sequences/GSF2238-Lennon-Plate1-hja2016_009_S6_L001_R2_001.fastq.gz",37248,30948,30706,30068,28399,28180
"hja2016_010","HJA2016_Plate1",2016,"Plate1","S7","164","164","Stream","planktonic streamwater","GSF2238-Lennon-Plate1-hja2016_010_S7_L001_R1_001.fastq.gz","GSF2238-Lennon-Plate1-hja2016_010_S7_L001_R2_001.fastq.gz","sequences/GSF2238-Lennon-Plate1-hja2016_010_S7_L001_R1_001.fastq.gz","sequences/GSF2238-Lennon-Plate1-hja2016_010_S7_L001_R2_001.fastq.gz",TRUE,FALSE,,"data/hja-env_data_clean.csv",33,"MATCHED",,,,"/mnt/scratch/wisnoskilab/GitHub/hja-synoptic/sequences/GSF2238-Lennon-Plate1-hja2016_010_S7_L001_R1_001.fastq.gz","/mnt/scratch/wisnoskilab/GitHub/hja-synoptic/sequences/GSF2238-Lennon-Plate1-hja2016_010_S7_L001_R2_001.fastq.gz",17815,15295,15217,14958,14451,14451
"hja2016_011","HJA2016_Plate1",2016,"Plate1","S8","WS1-6","WS1-6","Stream","planktonic streamwater","GSF2238-Lennon-Plate1-hja2016_011_S8_L001_R1_001.fastq.gz","GSF2238-Lennon-Plate1-hja2016_011_S8_L001_R2_001.fastq.gz","sequences/GSF2238-Lennon-Plate1-hja2016_011_S8_L001_R1_001.fastq.gz","sequences/GSF2238-Lennon-Plate1-hja2016_011_S8_L001_R2_001.fastq.gz",TRUE,FALSE,,"data/hja-env_data_clean.csv",55,"MATCHED",,,,"/mnt/scratch/wisnoskilab/GitHub/hja-synoptic/sequences/GSF2238-Lennon-Plate1-hja2016_011_S8_L001_R1_001.fastq.gz","/mnt/scratch/wisnoskilab/GitHub/hja-synoptic/sequences/GSF2238-Lennon-Plate1-hja2016_011_S8_L001_R2_001.fastq.gz",178769,155967,155392,154058,149298,148270
"hja2016_013","HJA2016_Plate1",2016,"Plate1","S9","WS1-4","WS1-4","Stream","planktonic streamwater","GSF2238-Lennon-Plate1-hja2016_013_S9_L001_R1_001.fastq.gz","GSF2238-Lennon-Plate1-hja2016_013_S9_L001_R2_001.fastq.gz","sequences/GSF2238-Lennon-Plate1-hja2016_013_S9_L001_R1_001.fastq.gz","sequences/GSF2238-Lennon-Plate1-hja2016_013_S9_L001_R2_001.fastq.gz",TRUE,FALSE,,"data/hja-env_data_clean.csv",53,"MATCHED",,,,"/mnt/scratch/wisnoskilab/GitHub/hja-synoptic/sequences/GSF2238-Lennon-Plate1-hja2016_013_S9_L001_R1_001.fastq.gz","/mnt/scratch/wisnoskilab/GitHub/hja-synoptic/sequences/GSF2238-Lennon-Plate1-hja2016_013_S9_L001_R2_001.fastq.gz",32783,27829,27339,26698,25016,24949
"hja2016_014","HJA2016_Plate1",2016,"Plate1","S10","WS1-6","WS1-6","Hyporheic","hyporheic water","GSF2238-Lennon-Plate1-hja2016_014_S10_L001_R1_001.fastq.gz","GSF2238-Lennon-Plate1-hja2016_014_S10_L001_R2_001.fastq.gz","sequences/GSF2238-Lennon-Plate1-hja2016_014_S10_L001_R1_001.fastq.gz","sequences/GSF2238-Lennon-Plate1-hja2016_014_S10_L001_R2_001.fastq.gz",TRUE,FALSE,,"data/hja-env_data_clean.csv",117,"MATCHED",,,,"/mnt/scratch/wisnoskilab/GitHub/hja-synoptic/sequences/GSF2238-Lennon-Plate1-hja2016_014_S10_L001_R1_001.fastq.gz","/mnt/scratch/wisnoskilab/GitHub/hja-synoptic/sequences/GSF2238-Lennon-Plate1-hja2016_014_S10_L001_R2_001.fastq.gz",29738,26146,25824,25216,23466,23257
"hja2016_015","HJA2016_Plate1",2016,"Plate1","S11","47","47","Hyporheic","hyporheic water","GSF2238-Lennon-Plate1-hja2016_015_S11_L001_R1_001.fastq.gz","GSF2238-Lennon-Plate1-hja2016_015_S11_L001_R2_001.fastq.gz","sequences/GSF2238-Lennon-Plate1-hja2016_015_S11_L001_R1_001.fastq.gz","sequences/GSF2238-Lennon-Plate1-hja2016_015_S11_L001_R2_001.fastq.gz",TRUE,FALSE,,"data/hja-env_data_clean.csv",66,"MATCHED",,,,"/mnt/scratch/wisnoskilab/GitHub/hja-synoptic/sequences/GSF2238-Lennon-Plate1-hja2016_015_S11_L001_R1_001.fastq.gz","/mnt/scratch/wisnoskilab/GitHub/hja-synoptic/sequences/GSF2238-Lennon-Plate1-hja2016_015_S11_L001_R2_001.fastq.gz",15265,13228,13099,12866,12438,12268
"hja2016_016","HJA2016_Plate1",2016,"Plate1","S12","74","74","Hyporheic","hyporheic water","GSF2238-Lennon-Plate1-hja2016_016_S12_L001_R1_001.fastq.gz","GSF2238-Lennon-Plate1-hja2016_016_S12_L001_R2_001.fastq.gz","sequences/GSF2238-Lennon-Plate1-hja2016_016_S12_L001_R1_001.fastq.gz","sequences/GSF2238-Lennon-Plate1-hja2016_016_S12_L001_R2_001.fastq.gz",TRUE,FALSE,,"data/hja-env_data_clean.csv",84,"MATCHED",,,,"/mnt/scratch/wisnoskilab/GitHub/hja-synoptic/sequences/GSF2238-Lennon-Plate1-hja2016_016_S12_L001_R1_001.fastq.gz","/mnt/scratch/wisnoskilab/GitHub/hja-synoptic/sequences/GSF2238-Lennon-Plate1-hja2016_016_S12_L001_R2_001.fastq.gz",17650,14155,14059,13883,13284,13284
"hja2016_018","HJA2016_Plate1",2016,"Plate1","S13","WS1-5","WS1-5","Hyporheic","hyporheic water","GSF2238-Lennon-Plate1-hja2016_018_S13_L001_R1_001.fastq.gz","GSF2238-Lennon-Plate1-hja2016_018_S13_L001_R2_001.fastq.gz","sequences/GSF2238-Lennon-Plate1-hja2016_018_S13_L001_R1_001.fastq.gz","sequences/GSF2238-Lennon-Plate1-hja2016_018_S13_L001_R2_001.fastq.gz",TRUE,FALSE,,"data/hja-env_data_clean.csv",116,"MATCHED",,,,"/mnt/scratch/wisnoskilab/GitHub/hja-synoptic/sequences/GSF2238-Lennon-Plate1-hja2016_018_S13_L001_R1_001.fastq.gz","/mnt/scratch/wisnoskilab/GitHub/hja-synoptic/sequences/GSF2238-Lennon-Plate1-hja2016_018_S13_L001_R2_001.fastq.gz",53725,46581,45800,44590,41289,41082
"hja2016_019","HJA2016_Plate1",2016,"Plate1","S14","155","155","Hyporheic","hyporheic water","GSF2238-Lennon-Plate1-hja2016_019_S14_L001_R1_001.fastq.gz","GSF2238-Lennon-Plate1-hja2016_019_S14_L001_R2_001.fastq.gz","sequences/GSF2238-Lennon-Plate1-hja2016_019_S14_L001_R1_001.fastq.gz","sequences/GSF2238-Lennon-Plate1-hja2016_019_S14_L001_R2_001.fastq.gz",TRUE,FALSE,,"data/hja-env_data_clean.csv",89,"MATCHED",,,,"/mnt/scratch/wisnoskilab/GitHub/hja-synoptic/sequences/GSF2238-Lennon-Plate1-hja2016_019_S14_L001_R1_001.fastq.gz","/mnt/scratch/wisnoskilab/GitHub/hja-synoptic/sequences/GSF2238-Lennon-Plate1-hja2016_019_S14_L001_R2_001.fastq.gz",26118,22269,21903,21340,19866,19861
"hja2016_020","HJA2016_Plate1",2016,"Plate1","S15","WS1-2","WS1-2","Hyporheic","hyporheic water","GSF2238-Lennon-Plate1-hja2016_020_S15_L001_R1_001.fastq.gz","GSF2238-Lennon-Plate1-hja2016_020_S15_L001_R2_001.fastq.gz","sequences/GSF2238-Lennon-Plate1-hja2016_020_S15_L001_R1_001.fastq.gz","sequences/GSF2238-Lennon-Plate1-hja2016_020_S15_L001_R2_001.fastq.gz",TRUE,FALSE,,"data/hja-env_data_clean.csv",113,"MATCHED",,,,"/mnt/scratch/wisnoskilab/GitHub/hja-synoptic/sequences/GSF2238-Lennon-Plate1-hja2016_020_S15_L001_R1_001.fastq.gz","/mnt/scratch/wisnoskilab/GitHub/hja-synoptic/sequences/GSF2238-Lennon-Plate1-hja2016_020_S15_L001_R2_001.fastq.gz",122347,107197,106560,105254,100643,100353
"hja2016_021","HJA2016_Plate1",2016,"Plate1","S16","156","156","Hyporheic","hyporheic water","GSF2238-Lennon-Plate1-hja2016_021_S16_L001_R1_001.fastq.gz","GSF2238-Lennon-Plate1-hja2016_021_S16_L001_R2_001.fastq.gz","sequences/GSF2238-Lennon-Plate1-hja2016_021_S16_L001_R1_001.fastq.gz","sequences/GSF2238-Lennon-Plate1-hja2016_021_S16_L001_R2_001.fastq.gz",TRUE,FALSE,,"data/hja-env_data_clean.csv",90,"MATCHED",,,,"/mnt/scratch/wisnoskilab/GitHub/hja-synoptic/sequences/GSF2238-Lennon-Plate1-hja2016_021_S16_L001_R1_001.fastq.gz","/mnt/scratch/wisnoskilab/GitHub/hja-synoptic/sequences/GSF2238-Lennon-Plate1-hja2016_021_S16_L001_R2_001.fastq.gz",41876,37187,37085,36331,35465,35465
"hja2016_027","HJA2016_Plate1",2016,"Plate1","S17","WS3-6","WS3-6","Stream","planktonic streamwater","GSF2238-Lennon-Plate1-hja2016_027_S17_L001_R1_001.fastq.gz","GSF2238-Lennon-Plate1-hja2016_027_S17_L001_R2_001.fastq.gz","sequences/GSF2238-Lennon-Plate1-hja2016_027_S17_L001_R1_001.fastq.gz","sequences/GSF2238-Lennon-Plate1-hja2016_027_S17_L001_R2_001.fastq.gz",TRUE,FALSE,,"data/hja-env_data_clean.csv",63,"MATCHED",,,,"/mnt/scratch/wisnoskilab/GitHub/hja-synoptic/sequences/GSF2238-Lennon-Plate1-hja2016_027_S17_L001_R1_001.fastq.gz","/mnt/scratch/wisnoskilab/GitHub/hja-synoptic/sequences/GSF2238-Lennon-Plate1-hja2016_027_S17_L001_R2_001.fastq.gz",38090,32626,32195,31540,29586,29534
"hja2016_029","HJA2016_Plate1",2016,"Plate1","S18","192","192","Stream","planktonic streamwater","GSF2238-Lennon-Plate1-hja2016_029_S18_L001_R1_001.fastq.gz","GSF2238-Lennon-Plate1-hja2016_029_S18_L001_R2_001.fastq.gz","sequences/GSF2238-Lennon-Plate1-hja2016_029_S18_L001_R1_001.fastq.gz","sequences/GSF2238-Lennon-Plate1-hja2016_029_S18_L001_R2_001.fastq.gz",TRUE,FALSE,,"data/hja-env_data_clean.csv",40,"MATCHED",,,,"/mnt/scratch/wisnoskilab/GitHub/hja-synoptic/sequences/GSF2238-Lennon-Plate1-hja2016_029_S18_L001_R1_001.fastq.gz","/mnt/scratch/wisnoskilab/GitHub/hja-synoptic/sequences/GSF2238-Lennon-Plate1-hja2016_029_S18_L001_R2_001.fastq.gz",12197,10367,10202,9907,9217,9217
"hja2016_030","HJA2016_Plate1",2016,"Plate1","S19","190","190","Stream","planktonic streamwater","GSF2238-Lennon-Plate1-hja2016_030_S19_L001_R1_001.fastq.gz","GSF2238-Lennon-Plate1-hja2016_030_S19_L001_R2_001.fastq.gz","sequences/GSF2238-Lennon-Plate1-hja2016_030_S19_L001_R1_001.fastq.gz","sequences/GSF2238-Lennon-Plate1-hja2016_030_S19_L001_R2_001.fastq.gz",TRUE,FALSE,,"data/hja-env_data_clean.csv",39,"MATCHED",,,,"/mnt/scratch/wisnoskilab/GitHub/hja-synoptic/sequences/GSF2238-Lennon-Plate1-hja2016_030_S19_L001_R1_001.fastq.gz","/mnt/scratch/wisnoskilab/GitHub/hja-synoptic/sequences/GSF2238-Lennon-Plate1-hja2016_030_S19_L001_R2_001.fastq.gz",9723,7783,7705,7518,7171,7171
"hja2016_031","HJA2016_Plate2",2016,"Plate2","S20","161","161","Hyporheic","hyporheic water","GSF2238-Lennon-Plate2-hja2016_031_S20_L001_R1_001.fastq.gz","GSF2238-Lennon-Plate2-hja2016_031_S20_L001_R2_001.fastq.gz","sequences/GSF2238-Lennon-Plate2-hja2016_031_S20_L001_R1_001.fastq.gz","sequences/GSF2238-Lennon-Plate2-hja2016_031_S20_L001_R2_001.fastq.gz",TRUE,FALSE,,"data/hja-env_data_clean.csv",92,"MATCHED",,,,"/mnt/scratch/wisnoskilab/GitHub/hja-synoptic/sequences/GSF2238-Lennon-Plate2-hja2016_031_S20_L001_R1_001.fastq.gz","/mnt/scratch/wisnoskilab/GitHub/hja-synoptic/sequences/GSF2238-Lennon-Plate2-hja2016_031_S20_L001_R2_001.fastq.gz",13592,12497,12472,12383,12209,12209
"hja2016_032","HJA2016_Plate2",2016,"Plate2","S21","54","54","Hyporheic","hyporheic water","GSF2238-Lennon-Plate2-hja2016_032_S21_L001_R1_001.fastq.gz","GSF2238-Lennon-Plate2-hja2016_032_S21_L001_R2_001.fastq.gz","sequences/GSF2238-Lennon-Plate2-hja2016_032_S21_L001_R1_001.fastq.gz","sequences/GSF2238-Lennon-Plate2-hja2016_032_S21_L001_R2_001.fastq.gz",TRUE,FALSE,,"data/hja-env_data_clean.csv",70,"MATCHED",,,,"/mnt/scratch/wisnoskilab/GitHub/hja-synoptic/sequences/GSF2238-Lennon-Plate2-hja2016_032_S21_L001_R1_001.fastq.gz","/mnt/scratch/wisnoskilab/GitHub/hja-synoptic/sequences/GSF2238-Lennon-Plate2-hja2016_032_S21_L001_R2_001.fastq.gz",16742,14632,14535,14496,14275,14201
"hja2016_035","HJA2016_Plate2",2016,"Plate2","S22","192","192","Hyporheic","hyporheic water","GSF2238-Lennon-Plate2-hja2016_035_S22_L001_R1_001.fastq.gz","GSF2238-Lennon-Plate2-hja2016_035_S22_L001_R2_001.fastq.gz","sequences/GSF2238-Lennon-Plate2-hja2016_035_S22_L001_R1_001.fastq.gz","sequences/GSF2238-Lennon-Plate2-hja2016_035_S22_L001_R2_001.fastq.gz",TRUE,FALSE,,"data/hja-env_data_clean.csv",102,"MATCHED",,,,"/mnt/scratch/wisnoskilab/GitHub/hja-synoptic/sequences/GSF2238-Lennon-Plate2-hja2016_035_S22_L001_R1_001.fastq.gz","/mnt/scratch/wisnoskilab/GitHub/hja-synoptic/sequences/GSF2238-Lennon-Plate2-hja2016_035_S22_L001_R2_001.fastq.gz",34407,32135,31975,31844,30927,30527
"hja2016_037","HJA2016_Plate2",2016,"Plate2","S23","43","43","Hyporheic","hyporheic water","GSF2238-Lennon-Plate2-hja2016_037_S23_L001_R1_001.fastq.gz","GSF2238-Lennon-Plate2-hja2016_037_S23_L001_R2_001.fastq.gz","sequences/GSF2238-Lennon-Plate2-hja2016_037_S23_L001_R1_001.fastq.gz","sequences/GSF2238-Lennon-Plate2-hja2016_037_S23_L001_R2_001.fastq.gz",TRUE,FALSE,,"data/hja-env_data_clean.csv",64,"MATCHED",,,,"/mnt/scratch/wisnoskilab/GitHub/hja-synoptic/sequences/GSF2238-Lennon-Plate2-hja2016_037_S23_L001_R1_001.fastq.gz","/mnt/scratch/wisnoskilab/GitHub/hja-synoptic/sequences/GSF2238-Lennon-Plate2-hja2016_037_S23_L001_R2_001.fastq.gz",16782,14633,14541,14326,13985,13968
"hja2016_040","HJA2016_Plate2",2016,"Plate2","S24","190","190","Hyporheic","hyporheic water","GSF2238-Lennon-Plate2-hja2016_040_S24_L001_R1_001.fastq.gz","GSF2238-Lennon-Plate2-hja2016_040_S24_L001_R2_001.fastq.gz","sequences/GSF2238-Lennon-Plate2-hja2016_040_S24_L001_R1_001.fastq.gz","sequences/GSF2238-Lennon-Plate2-hja2016_040_S24_L001_R2_001.fastq.gz",TRUE,FALSE,,"data/hja-env_data_clean.csv",101,"MATCHED",,,,"/mnt/scratch/wisnoskilab/GitHub/hja-synoptic/sequences/GSF2238-Lennon-Plate2-hja2016_040_S24_L001_R1_001.fastq.gz","/mnt/scratch/wisnoskilab/GitHub/hja-synoptic/sequences/GSF2238-Lennon-Plate2-hja2016_040_S24_L001_R2_001.fastq.gz",11244,9963,9921,9905,9824,9607
"hja2016_042","HJA2016_Plate2",2016,"Plate2","S25","165","165","Stream","planktonic streamwater","GSF2238-Lennon-Plate2-hja2016_042_S25_L001_R1_001.fastq.gz","GSF2238-Lennon-Plate2-hja2016_042_S25_L001_R2_001.fastq.gz","sequences/GSF2238-Lennon-Plate2-hja2016_042_S25_L001_R1_001.fastq.gz","sequences/GSF2238-Lennon-Plate2-hja2016_042_S25_L001_R2_001.fastq.gz",TRUE,FALSE,,"data/hja-env_data_clean.csv",34,"MATCHED",,,,"/mnt/scratch/wisnoskilab/GitHub/hja-synoptic/sequences/GSF2238-Lennon-Plate2-hja2016_042_S25_L001_R1_001.fastq.gz","/mnt/scratch/wisnoskilab/GitHub/hja-synoptic/sequences/GSF2238-Lennon-Plate2-hja2016_042_S25_L001_R2_001.fastq.gz",14961,13436,13301,13245,12825,12819
"hja2016_043","HJA2016_Plate2",2016,"Plate2","S26","KC-2","KC-2","Hyporheic","hyporheic water","GSF2238-Lennon-Plate2-hja2016_043_S26_L001_R1_001.fastq.gz","GSF2238-Lennon-Plate2-hja2016_043_S26_L001_R2_001.fastq.gz","sequences/GSF2238-Lennon-Plate2-hja2016_043_S26_L001_R1_001.fastq.gz","sequences/GSF2238-Lennon-Plate2-hja2016_043_S26_L001_R2_001.fastq.gz",TRUE,FALSE,,"data/hja-env_data_clean.csv",110,"MATCHED",,,,"/mnt/scratch/wisnoskilab/GitHub/hja-synoptic/sequences/GSF2238-Lennon-Plate2-hja2016_043_S26_L001_R1_001.fastq.gz","/mnt/scratch/wisnoskilab/GitHub/hja-synoptic/sequences/GSF2238-Lennon-Plate2-hja2016_043_S26_L001_R2_001.fastq.gz",22757,20770,20699,20639,20389,20270
"hja2016_044","HJA2016_Plate2",2016,"Plate2","S27","156","156","Stream","planktonic streamwater","GSF2238-Lennon-Plate2-hja2016_044_S27_L001_R1_001.fastq.gz","GSF2238-Lennon-Plate2-hja2016_044_S27_L001_R2_001.fastq.gz","sequences/GSF2238-Lennon-Plate2-hja2016_044_S27_L001_R1_001.fastq.gz","sequences/GSF2238-Lennon-Plate2-hja2016_044_S27_L001_R2_001.fastq.gz",TRUE,FALSE,,"data/hja-env_data_clean.csv",28,"MATCHED",,,,"/mnt/scratch/wisnoskilab/GitHub/hja-synoptic/sequences/GSF2238-Lennon-Plate2-hja2016_044_S27_L001_R1_001.fastq.gz","/mnt/scratch/wisnoskilab/GitHub/hja-synoptic/sequences/GSF2238-Lennon-Plate2-hja2016_044_S27_L001_R2_001.fastq.gz",12054,10626,10576,10511,10329,10328
"hja2016_049","HJA2016_Plate2",2016,"Plate2","S29","67","67","Stream","planktonic streamwater","GSF2238-Lennon-Plate2-hja2016_049_S29_L001_R1_001.fastq.gz","GSF2238-Lennon-Plate2-hja2016_049_S29_L001_R2_001.fastq.gz","sequences/GSF2238-Lennon-Plate2-hja2016_049_S29_L001_R1_001.fastq.gz","sequences/GSF2238-Lennon-Plate2-hja2016_049_S29_L001_R2_001.fastq.gz",TRUE,FALSE,,"data/hja-env_data_clean.csv",17,"MATCHED",,,,"/mnt/scratch/wisnoskilab/GitHub/hja-synoptic/sequences/GSF2238-Lennon-Plate2-hja2016_049_S29_L001_R1_001.fastq.gz","/mnt/scratch/wisnoskilab/GitHub/hja-synoptic/sequences/GSF2238-Lennon-Plate2-hja2016_049_S29_L001_R2_001.fastq.gz",18077,14259,14130,14111,13817,13815
"hja2016_050","HJA2016_Plate2",2016,"Plate2","S30","165","165","Hyporheic","hyporheic water","GSF2238-Lennon-Plate2-hja2016_050_S30_L001_R1_001.fastq.gz","GSF2238-Lennon-Plate2-hja2016_050_S30_L001_R2_001.fastq.gz","sequences/GSF2238-Lennon-Plate2-hja2016_050_S30_L001_R1_001.fastq.gz","sequences/GSF2238-Lennon-Plate2-hja2016_050_S30_L001_R2_001.fastq.gz",TRUE,FALSE,,"data/hja-env_data_clean.csv",96,"MATCHED",,,,"/mnt/scratch/wisnoskilab/GitHub/hja-synoptic/sequences/GSF2238-Lennon-Plate2-hja2016_050_S30_L001_R1_001.fastq.gz","/mnt/scratch/wisnoskilab/GitHub/hja-synoptic/sequences/GSF2238-Lennon-Plate2-hja2016_050_S30_L001_R2_001.fastq.gz",56388,49578,49364,48984,48088,48004
"hja2016_052","HJA2016_Plate2",2016,"Plate2","S31","163","163","Hyporheic","hyporheic water","GSF2238-Lennon-Plate2-hja2016_052_S31_L001_R1_001.fastq.gz","GSF2238-Lennon-Plate2-hja2016_052_S31_L001_R2_001.fastq.gz","sequences/GSF2238-Lennon-Plate2-hja2016_052_S31_L001_R1_001.fastq.gz","sequences/GSF2238-Lennon-Plate2-hja2016_052_S31_L001_R2_001.fastq.gz",TRUE,FALSE,,"data/hja-env_data_clean.csv",94,"MATCHED",,,,"/mnt/scratch/wisnoskilab/GitHub/hja-synoptic/sequences/GSF2238-Lennon-Plate2-hja2016_052_S31_L001_R1_001.fastq.gz","/mnt/scratch/wisnoskilab/GitHub/hja-synoptic/sequences/GSF2238-Lennon-Plate2-hja2016_052_S31_L001_R2_001.fastq.gz",70565,64184,63837,63596,61576,61105
"hja2016_056","HJA2016_Plate2",2016,"Plate2","S32","KC-1","KC-1","Hyporheic","hyporheic water","GSF2238-Lennon-Plate2-hja2016_056_S32_L001_R1_001.fastq.gz","GSF2238-Lennon-Plate2-hja2016_056_S32_L001_R2_001.fastq.gz","sequences/GSF2238-Lennon-Plate2-hja2016_056_S32_L001_R1_001.fastq.gz","sequences/GSF2238-Lennon-Plate2-hja2016_056_S32_L001_R2_001.fastq.gz",TRUE,FALSE,,"data/hja-env_data_clean.csv",109,"MATCHED",,,,"/mnt/scratch/wisnoskilab/GitHub/hja-synoptic/sequences/GSF2238-Lennon-Plate2-hja2016_056_S32_L001_R1_001.fastq.gz","/mnt/scratch/wisnoskilab/GitHub/hja-synoptic/sequences/GSF2238-Lennon-Plate2-hja2016_056_S32_L001_R2_001.fastq.gz",57844,52615,52194,51896,49226,49037
"hja2016_057","HJA2016_Plate2",2016,"Plate2","S33","71","71","Hyporheic","hyporheic water","GSF2238-Lennon-Plate2-hja2016_057_S33_L001_R1_001.fastq.gz","GSF2238-Lennon-Plate2-hja2016_057_S33_L001_R2_001.fastq.gz","sequences/GSF2238-Lennon-Plate2-hja2016_057_S33_L001_R1_001.fastq.gz","sequences/GSF2238-Lennon-Plate2-hja2016_057_S33_L001_R2_001.fastq.gz",TRUE,FALSE,,"data/hja-env_data_clean.csv",81,"MATCHED",,,,"/mnt/scratch/wisnoskilab/GitHub/hja-synoptic/sequences/GSF2238-Lennon-Plate2-hja2016_057_S33_L001_R1_001.fastq.gz","/mnt/scratch/wisnoskilab/GitHub/hja-synoptic/sequences/GSF2238-Lennon-Plate2-hja2016_057_S33_L001_R2_001.fastq.gz",21570,14630,14430,14300,13817,13771
"hja2016_059","HJA2016_Plate2",2016,"Plate2","S34","KC-2","KC-2","Stream","planktonic streamwater","GSF2238-Lennon-Plate2-hja2016_059_S34_L001_R1_001.fastq.gz","GSF2238-Lennon-Plate2-hja2016_059_S34_L001_R2_001.fastq.gz","sequences/GSF2238-Lennon-Plate2-hja2016_059_S34_L001_R1_001.fastq.gz","sequences/GSF2238-Lennon-Plate2-hja2016_059_S34_L001_R2_001.fastq.gz",TRUE,FALSE,,"data/hja-env_data_clean.csv",48,"MATCHED",,,,"/mnt/scratch/wisnoskilab/GitHub/hja-synoptic/sequences/GSF2238-Lennon-Plate2-hja2016_059_S34_L001_R1_001.fastq.gz","/mnt/scratch/wisnoskilab/GitHub/hja-synoptic/sequences/GSF2238-Lennon-Plate2-hja2016_059_S34_L001_R2_001.fastq.gz",25733,20846,20486,20505,19659,19642
"hja2016_062","HJA2016_Plate2",2016,"Plate2","S35","WS3-3","WS3-3","Hyporheic","hyporheic water","GSF2238-Lennon-Plate2-hja2016_062_S35_L001_R1_001.fastq.gz","GSF2238-Lennon-Plate2-hja2016_062_S35_L001_R2_001.fastq.gz","sequences/GSF2238-Lennon-Plate2-hja2016_062_S35_L001_R1_001.fastq.gz","sequences/GSF2238-Lennon-Plate2-hja2016_062_S35_L001_R2_001.fastq.gz",TRUE,FALSE,,"data/hja-env_data_clean.csv",122,"MATCHED",,,,"/mnt/scratch/wisnoskilab/GitHub/hja-synoptic/sequences/GSF2238-Lennon-Plate2-hja2016_062_S35_L001_R1_001.fastq.gz","/mnt/scratch/wisnoskilab/GitHub/hja-synoptic/sequences/GSF2238-Lennon-Plate2-hja2016_062_S35_L001_R2_001.fastq.gz",108081,95085,94509,94254,91168,90648
"hja2016_064","HJA2016_Plate2",2016,"Plate2","S36","WS3-4","WS3-4","Stream","planktonic streamwater","GSF2238-Lennon-Plate2-hja2016_064_S36_L001_R1_001.fastq.gz","GSF2238-Lennon-Plate2-hja2016_064_S36_L001_R2_001.fastq.gz","sequences/GSF2238-Lennon-Plate2-hja2016_064_S36_L001_R1_001.fastq.gz","sequences/GSF2238-Lennon-Plate2-hja2016_064_S36_L001_R2_001.fastq.gz",TRUE,FALSE,,"data/hja-env_data_clean.csv",61,"MATCHED",,,,"/mnt/scratch/wisnoskilab/GitHub/hja-synoptic/sequences/GSF2238-Lennon-Plate2-hja2016_064_S36_L001_R1_001.fastq.gz","/mnt/scratch/wisnoskilab/GitHub/hja-synoptic/sequences/GSF2238-Lennon-Plate2-hja2016_064_S36_L001_R2_001.fastq.gz",27571,23301,23112,22882,22271,22148
"hja2016_065","HJA2016_Plate1",2016,"Plate1","S46","68","68","Hyporheic","hyporheic water","GSF2238-Lennon-Plate1-hja2016_065_S46_L001_R1_001.fastq.gz","GSF2238-Lennon-Plate1-hja2016_065_S46_L001_R2_001.fastq.gz","sequences/GSF2238-Lennon-Plate1-hja2016_065_S46_L001_R1_001.fastq.gz","sequences/GSF2238-Lennon-Plate1-hja2016_065_S46_L001_R2_001.fastq.gz",TRUE,FALSE,,"data/hja-env_data_clean.csv",80,"MATCHED",,,,"/mnt/scratch/wisnoskilab/GitHub/hja-synoptic/sequences/GSF2238-Lennon-Plate1-hja2016_065_S46_L001_R1_001.fastq.gz","/mnt/scratch/wisnoskilab/GitHub/hja-synoptic/sequences/GSF2238-Lennon-Plate1-hja2016_065_S46_L001_R2_001.fastq.gz",20600,18145,17621,16822,14558,14481
"hja2016_066","HJA2016_Plate1",2016,"Plate1","S47","49","49","Hyporheic","hyporheic water","GSF2238-Lennon-Plate1-hja2016_066_S47_L001_R1_001.fastq.gz","GSF2238-Lennon-Plate1-hja2016_066_S47_L001_R2_001.fastq.gz","sequences/GSF2238-Lennon-Plate1-hja2016_066_S47_L001_R1_001.fastq.gz","sequences/GSF2238-Lennon-Plate1-hja2016_066_S47_L001_R2_001.fastq.gz",TRUE,FALSE,,"data/hja-env_data_clean.csv",67,"MATCHED",,,,"/mnt/scratch/wisnoskilab/GitHub/hja-synoptic/sequences/GSF2238-Lennon-Plate1-hja2016_066_S47_L001_R1_001.fastq.gz","/mnt/scratch/wisnoskilab/GitHub/hja-synoptic/sequences/GSF2238-Lennon-Plate1-hja2016_066_S47_L001_R2_001.fastq.gz",143251,124797,124297,121999,116728,116149
"hja2016_070","HJA2016_Plate1",2016,"Plate1","S48","56","56","Hyporheic","hyporheic water","GSF2238-Lennon-Plate1-hja2016_070_S48_L001_R1_001.fastq.gz","GSF2238-Lennon-Plate1-hja2016_070_S48_L001_R2_001.fastq.gz","sequences/GSF2238-Lennon-Plate1-hja2016_070_S48_L001_R1_001.fastq.gz","sequences/GSF2238-Lennon-Plate1-hja2016_070_S48_L001_R2_001.fastq.gz",TRUE,FALSE,,"data/hja-env_data_clean.csv",72,"MATCHED",,,,"/mnt/scratch/wisnoskilab/GitHub/hja-synoptic/sequences/GSF2238-Lennon-Plate1-hja2016_070_S48_L001_R1_001.fastq.gz","/mnt/scratch/wisnoskilab/GitHub/hja-synoptic/sequences/GSF2238-Lennon-Plate1-hja2016_070_S48_L001_R2_001.fastq.gz",42319,34112,33825,32995,31569,31464
"hja2016_071","HJA2016_Plate1",2016,"Plate1","S49","164","164","Hyporheic","hyporheic water","GSF2238-Lennon-Plate1-hja2016_071_S49_L001_R1_001.fastq.gz","GSF2238-Lennon-Plate1-hja2016_071_S49_L001_R2_001.fastq.gz","sequences/GSF2238-Lennon-Plate1-hja2016_071_S49_L001_R1_001.fastq.gz","sequences/GSF2238-Lennon-Plate1-hja2016_071_S49_L001_R2_001.fastq.gz",TRUE,FALSE,,"data/hja-env_data_clean.csv",95,"MATCHED",,,,"/mnt/scratch/wisnoskilab/GitHub/hja-synoptic/sequences/GSF2238-Lennon-Plate1-hja2016_071_S49_L001_R1_001.fastq.gz","/mnt/scratch/wisnoskilab/GitHub/hja-synoptic/sequences/GSF2238-Lennon-Plate1-hja2016_071_S49_L001_R2_001.fastq.gz",43219,36598,35073,33439,28421,28407
"hja2016_075","HJA2016_Plate1",2016,"Plate1","S50","260","260","Hyporheic","hyporheic water","GSF2238-Lennon-Plate1-hja2016_075_S50_L001_R1_001.fastq.gz","GSF2238-Lennon-Plate1-hja2016_075_S50_L001_R2_001.fastq.gz","sequences/GSF2238-Lennon-Plate1-hja2016_075_S50_L001_R1_001.fastq.gz","sequences/GSF2238-Lennon-Plate1-hja2016_075_S50_L001_R2_001.fastq.gz",TRUE,FALSE,,"data/hja-env_data_clean.csv",103,"MATCHED",,,,"/mnt/scratch/wisnoskilab/GitHub/hja-synoptic/sequences/GSF2238-Lennon-Plate1-hja2016_075_S50_L001_R1_001.fastq.gz","/mnt/scratch/wisnoskilab/GitHub/hja-synoptic/sequences/GSF2238-Lennon-Plate1-hja2016_075_S50_L001_R2_001.fastq.gz",29475,24280,24052,23483,22180,22114
"hja2016_078","HJA2016_Plate1",2016,"Plate1","S51","CC-1","CC-1","Hyporheic","hyporheic water","GSF2238-Lennon-Plate1-hja2016_078_S51_L001_R1_001.fastq.gz","GSF2238-Lennon-Plate1-hja2016_078_S51_L001_R2_001.fastq.gz","sequences/GSF2238-Lennon-Plate1-hja2016_078_S51_L001_R1_001.fastq.gz","sequences/GSF2238-Lennon-Plate1-hja2016_078_S51_L001_R2_001.fastq.gz",TRUE,FALSE,,"data/hja-env_data_clean.csv",105,"MATCHED",,,,"/mnt/scratch/wisnoskilab/GitHub/hja-synoptic/sequences/GSF2238-Lennon-Plate1-hja2016_078_S51_L001_R1_001.fastq.gz","/mnt/scratch/wisnoskilab/GitHub/hja-synoptic/sequences/GSF2238-Lennon-Plate1-hja2016_078_S51_L001_R2_001.fastq.gz",26259,22281,22004,21633,20346,20271
"hja2016_079","HJA2016_Plate1",2016,"Plate1","S52","64","64","Hyporheic","hyporheic water","GSF2238-Lennon-Plate1-hja2016_079_S52_L001_R1_001.fastq.gz","GSF2238-Lennon-Plate1-hja2016_079_S52_L001_R2_001.fastq.gz","sequences/GSF2238-Lennon-Plate1-hja2016_079_S52_L001_R1_001.fastq.gz","sequences/GSF2238-Lennon-Plate1-hja2016_079_S52_L001_R2_001.fastq.gz",TRUE,FALSE,,"data/hja-env_data_clean.csv",76,"MATCHED",,,,"/mnt/scratch/wisnoskilab/GitHub/hja-synoptic/sequences/GSF2238-Lennon-Plate1-hja2016_079_S52_L001_R1_001.fastq.gz","/mnt/scratch/wisnoskilab/GitHub/hja-synoptic/sequences/GSF2238-Lennon-Plate1-hja2016_079_S52_L001_R2_001.fastq.gz",33493,28367,28028,27400,25308,25161
"hja2016_080","HJA2016_Plate1",2016,"Plate1","S53","360","360","Hyporheic","hyporheic water","GSF2238-Lennon-Plate1-hja2016_080_S53_L001_R1_001.fastq.gz","GSF2238-Lennon-Plate1-hja2016_080_S53_L001_R2_001.fastq.gz","sequences/GSF2238-Lennon-Plate1-hja2016_080_S53_L001_R1_001.fastq.gz","sequences/GSF2238-Lennon-Plate1-hja2016_080_S53_L001_R2_001.fastq.gz",TRUE,FALSE,,"data/hja-env_data_clean.csv",104,"MATCHED",,,,"/mnt/scratch/wisnoskilab/GitHub/hja-synoptic/sequences/GSF2238-Lennon-Plate1-hja2016_080_S53_L001_R1_001.fastq.gz","/mnt/scratch/wisnoskilab/GitHub/hja-synoptic/sequences/GSF2238-Lennon-Plate1-hja2016_080_S53_L001_R2_001.fastq.gz",10227,8818,8717,8432,8075,8009
"hja2016_081","HJA2016_Plate1",2016,"Plate1","S54","160","160","Hyporheic","hyporheic water","GSF2238-Lennon-Plate1-hja2016_081_S54_L001_R1_001.fastq.gz","GSF2238-Lennon-Plate1-hja2016_081_S54_L001_R2_001.fastq.gz","sequences/GSF2238-Lennon-Plate1-hja2016_081_S54_L001_R1_001.fastq.gz","sequences/GSF2238-Lennon-Plate1-hja2016_081_S54_L001_R2_001.fastq.gz",TRUE,FALSE,,"data/hja-env_data_clean.csv",91,"MATCHED",,,,"/mnt/scratch/wisnoskilab/GitHub/hja-synoptic/sequences/GSF2238-Lennon-Plate1-hja2016_081_S54_L001_R1_001.fastq.gz","/mnt/scratch/wisnoskilab/GitHub/hja-synoptic/sequences/GSF2238-Lennon-Plate1-hja2016_081_S54_L001_R2_001.fastq.gz",13365,10850,10666,10335,9375,9337
"hja2016_084","HJA2016_Plate1",2016,"Plate1","S55","177","177","Hyporheic","hyporheic water","GSF2238-Lennon-Plate1-hja2016_084_S55_L001_R1_001.fastq.gz","GSF2238-Lennon-Plate1-hja2016_084_S55_L001_R2_001.fastq.gz","sequences/GSF2238-Lennon-Plate1-hja2016_084_S55_L001_R1_001.fastq.gz","sequences/GSF2238-Lennon-Plate1-hja2016_084_S55_L001_R2_001.fastq.gz",TRUE,FALSE,,"data/hja-env_data_clean.csv",99,"MATCHED",,,,"/mnt/scratch/wisnoskilab/GitHub/hja-synoptic/sequences/GSF2238-Lennon-Plate1-hja2016_084_S55_L001_R1_001.fastq.gz","/mnt/scratch/wisnoskilab/GitHub/hja-synoptic/sequences/GSF2238-Lennon-Plate1-hja2016_084_S55_L001_R2_001.fastq.gz",56050,47670,47436,46837,45103,44478
"hja2016_099","HJA2016_Plate2",2016,"Plate2","S1","162","162","Stream","planktonic streamwater","GSF2238-Lennon-Plate2-hja2016_099_S1_L001_R1_001.fastq.gz","GSF2238-Lennon-Plate2-hja2016_099_S1_L001_R2_001.fastq.gz","sequences/GSF2238-Lennon-Plate2-hja2016_099_S1_L001_R1_001.fastq.gz","sequences/GSF2238-Lennon-Plate2-hja2016_099_S1_L001_R2_001.fastq.gz",TRUE,FALSE,,"data/hja-env_data_clean.csv",31,"MATCHED",,,,"/mnt/scratch/wisnoskilab/GitHub/hja-synoptic/sequences/GSF2238-Lennon-Plate2-hja2016_099_S1_L001_R1_001.fastq.gz","/mnt/scratch/wisnoskilab/GitHub/hja-synoptic/sequences/GSF2238-Lennon-Plate2-hja2016_099_S1_L001_R2_001.fastq.gz",90371,84374,80581,80706,71493,70870
"hja2016_100","HJA2016_Plate2",2016,"Plate2","S2","64","64","Stream","planktonic streamwater","GSF2238-Lennon-Plate2-hja2016_100_S2_L001_R1_001.fastq.gz","GSF2238-Lennon-Plate2-hja2016_100_S2_L001_R2_001.fastq.gz","sequences/GSF2238-Lennon-Plate2-hja2016_100_S2_L001_R1_001.fastq.gz","sequences/GSF2238-Lennon-Plate2-hja2016_100_S2_L001_R2_001.fastq.gz",TRUE,FALSE,,"data/hja-env_data_clean.csv",14,"MATCHED",,,,"/mnt/scratch/wisnoskilab/GitHub/hja-synoptic/sequences/GSF2238-Lennon-Plate2-hja2016_100_S2_L001_R1_001.fastq.gz","/mnt/scratch/wisnoskilab/GitHub/hja-synoptic/sequences/GSF2238-Lennon-Plate2-hja2016_100_S2_L001_R2_001.fastq.gz",102792,95953,90905,91199,81718,80837
"hja2016_101","HJA2016_Plate2",2016,"Plate2","S3","58","58","Stream","planktonic streamwater","GSF2238-Lennon-Plate2-hja2016_101_S3_L001_R1_001.fastq.gz","GSF2238-Lennon-Plate2-hja2016_101_S3_L001_R2_001.fastq.gz","sequences/GSF2238-Lennon-Plate2-hja2016_101_S3_L001_R1_001.fastq.gz","sequences/GSF2238-Lennon-Plate2-hja2016_101_S3_L001_R2_001.fastq.gz",TRUE,FALSE,,"data/hja-env_data_clean.csv",12,"MATCHED",,,,"/mnt/scratch/wisnoskilab/GitHub/hja-synoptic/sequences/GSF2238-Lennon-Plate2-hja2016_101_S3_L001_R1_001.fastq.gz","/mnt/scratch/wisnoskilab/GitHub/hja-synoptic/sequences/GSF2238-Lennon-Plate2-hja2016_101_S3_L001_R2_001.fastq.gz",89702,83295,79575,79757,70566,69823
"hja2016_102","HJA2016_Plate2",2016,"Plate2","S4","73","73","Hyporheic","hyporheic water","GSF2238-Lennon-Plate2-hja2016_102_S4_L001_R1_001.fastq.gz","GSF2238-Lennon-Plate2-hja2016_102_S4_L001_R2_001.fastq.gz","sequences/GSF2238-Lennon-Plate2-hja2016_102_S4_L001_R1_001.fastq.gz","sequences/GSF2238-Lennon-Plate2-hja2016_102_S4_L001_R2_001.fastq.gz",TRUE,FALSE,,"data/hja-env_data_clean.csv",83,"MATCHED",,,,"/mnt/scratch/wisnoskilab/GitHub/hja-synoptic/sequences/GSF2238-Lennon-Plate2-hja2016_102_S4_L001_R1_001.fastq.gz","/mnt/scratch/wisnoskilab/GitHub/hja-synoptic/sequences/GSF2238-Lennon-Plate2-hja2016_102_S4_L001_R2_001.fastq.gz",62601,58305,53651,53941,45233,44648
"hja2016_103","HJA2016_Plate2",2016,"Plate2","S5","260","260","Stream","planktonic streamwater","GSF2238-Lennon-Plate2-hja2016_103_S5_L001_R1_001.fastq.gz","GSF2238-Lennon-Plate2-hja2016_103_S5_L001_R2_001.fastq.gz","sequences/GSF2238-Lennon-Plate2-hja2016_103_S5_L001_R1_001.fastq.gz","sequences/GSF2238-Lennon-Plate2-hja2016_103_S5_L001_R2_001.fastq.gz",TRUE,FALSE,,"data/hja-env_data_clean.csv",41,"MATCHED",,,,"/mnt/scratch/wisnoskilab/GitHub/hja-synoptic/sequences/GSF2238-Lennon-Plate2-hja2016_103_S5_L001_R1_001.fastq.gz","/mnt/scratch/wisnoskilab/GitHub/hja-synoptic/sequences/GSF2238-Lennon-Plate2-hja2016_103_S5_L001_R2_001.fastq.gz",94718,87385,81320,81696,70047,69136
"hja2016_105","HJA2016_Plate2",2016,"Plate2","S6","178","178","Stream","planktonic streamwater","GSF2238-Lennon-Plate2-hja2016_105_S6_L001_R1_001.fastq.gz","GSF2238-Lennon-Plate2-hja2016_105_S6_L001_R2_001.fastq.gz","sequences/GSF2238-Lennon-Plate2-hja2016_105_S6_L001_R1_001.fastq.gz","sequences/GSF2238-Lennon-Plate2-hja2016_105_S6_L001_R2_001.fastq.gz",TRUE,FALSE,,"data/hja-env_data_clean.csv",38,"MATCHED",,,,"/mnt/scratch/wisnoskilab/GitHub/hja-synoptic/sequences/GSF2238-Lennon-Plate2-hja2016_105_S6_L001_R1_001.fastq.gz","/mnt/scratch/wisnoskilab/GitHub/hja-synoptic/sequences/GSF2238-Lennon-Plate2-hja2016_105_S6_L001_R2_001.fastq.gz",92604,86276,81289,81682,70330,69430
"hja2016_106","HJA2016_Plate2",2016,"Plate2","S7","170","170","Stream","planktonic streamwater","GSF2238-Lennon-Plate2-hja2016_106_S7_L001_R1_001.fastq.gz","GSF2238-Lennon-Plate2-hja2016_106_S7_L001_R2_001.fastq.gz","sequences/GSF2238-Lennon-Plate2-hja2016_106_S7_L001_R1_001.fastq.gz","sequences/GSF2238-Lennon-Plate2-hja2016_106_S7_L001_R2_001.fastq.gz",TRUE,FALSE,,"data/hja-env_data_clean.csv",36,"MATCHED",,,,"/mnt/scratch/wisnoskilab/GitHub/hja-synoptic/sequences/GSF2238-Lennon-Plate2-hja2016_106_S7_L001_R1_001.fastq.gz","/mnt/scratch/wisnoskilab/GitHub/hja-synoptic/sequences/GSF2238-Lennon-Plate2-hja2016_106_S7_L001_R2_001.fastq.gz",705421,656146,638560,638815,594809,579943
"hja2016_107","HJA2016_Plate2",2016,"Plate2","S8","57","57","Hyporheic","hyporheic water","GSF2238-Lennon-Plate2-hja2016_107_S8_L001_R1_001.fastq.gz","GSF2238-Lennon-Plate2-hja2016_107_S8_L001_R2_001.fastq.gz","sequences/GSF2238-Lennon-Plate2-hja2016_107_S8_L001_R1_001.fastq.gz","sequences/GSF2238-Lennon-Plate2-hja2016_107_S8_L001_R2_001.fastq.gz",TRUE,FALSE,,"data/hja-env_data_clean.csv",73,"MATCHED",,,,"/mnt/scratch/wisnoskilab/GitHub/hja-synoptic/sequences/GSF2238-Lennon-Plate2-hja2016_107_S8_L001_R1_001.fastq.gz","/mnt/scratch/wisnoskilab/GitHub/hja-synoptic/sequences/GSF2238-Lennon-Plate2-hja2016_107_S8_L001_R2_001.fastq.gz",737197,685631,663860,664250,606015,594437
"hja2016_109","HJA2016_Plate2",2016,"Plate2","S9","169","169","Stream","planktonic streamwater","GSF2238-Lennon-Plate2-hja2016_109_S9_L001_R1_001.fastq.gz","GSF2238-Lennon-Plate2-hja2016_109_S9_L001_R2_001.fastq.gz","sequences/GSF2238-Lennon-Plate2-hja2016_109_S9_L001_R1_001.fastq.gz","sequences/GSF2238-Lennon-Plate2-hja2016_109_S9_L001_R2_001.fastq.gz",TRUE,FALSE,,"data/hja-env_data_clean.csv",35,"MATCHED",,,,"/mnt/scratch/wisnoskilab/GitHub/hja-synoptic/sequences/GSF2238-Lennon-Plate2-hja2016_109_S9_L001_R1_001.fastq.gz","/mnt/scratch/wisnoskilab/GitHub/hja-synoptic/sequences/GSF2238-Lennon-Plate2-hja2016_109_S9_L001_R2_001.fastq.gz",70037,64099,62959,62716,58372,57915
"hja2016_110","HJA2016_Plate2",2016,"Plate2","S10","76","76","Hyporheic","hyporheic water","GSF2238-Lennon-Plate2-hja2016_110_S10_L001_R1_001.fastq.gz","GSF2238-Lennon-Plate2-hja2016_110_S10_L001_R2_001.fastq.gz","sequences/GSF2238-Lennon-Plate2-hja2016_110_S10_L001_R1_001.fastq.gz","sequences/GSF2238-Lennon-Plate2-hja2016_110_S10_L001_R2_001.fastq.gz",TRUE,FALSE,,"data/hja-env_data_clean.csv",85,"MATCHED",,,,"/mnt/scratch/wisnoskilab/GitHub/hja-synoptic/sequences/GSF2238-Lennon-Plate2-hja2016_110_S10_L001_R1_001.fastq.gz","/mnt/scratch/wisnoskilab/GitHub/hja-synoptic/sequences/GSF2238-Lennon-Plate2-hja2016_110_S10_L001_R2_001.fastq.gz",132403,122857,121650,121422,115165,113718
"hja2016_111","HJA2016_Plate2",2016,"Plate2","S11","160","160","Stream","planktonic streamwater","GSF2238-Lennon-Plate2-hja2016_111_S11_L001_R1_001.fastq.gz","GSF2238-Lennon-Plate2-hja2016_111_S11_L001_R2_001.fastq.gz","sequences/GSF2238-Lennon-Plate2-hja2016_111_S11_L001_R1_001.fastq.gz","sequences/GSF2238-Lennon-Plate2-hja2016_111_S11_L001_R2_001.fastq.gz",TRUE,FALSE,,"data/hja-env_data_clean.csv",29,"MATCHED",,,,"/mnt/scratch/wisnoskilab/GitHub/hja-synoptic/sequences/GSF2238-Lennon-Plate2-hja2016_111_S11_L001_R1_001.fastq.gz","/mnt/scratch/wisnoskilab/GitHub/hja-synoptic/sequences/GSF2238-Lennon-Plate2-hja2016_111_S11_L001_R2_001.fastq.gz",93919,87062,81797,82182,72086,71018
"hja2016_114","HJA2016_Plate2",2016,"Plate2","S60","WS1-5","WS1-5","Stream","planktonic streamwater","GSF2238-Lennon-Plate2-hja2016_114_S60_L001_R1_001.fastq.gz","GSF2238-Lennon-Plate2-hja2016_114_S60_L001_R2_001.fastq.gz","sequences/GSF2238-Lennon-Plate2-hja2016_114_S60_L001_R1_001.fastq.gz","sequences/GSF2238-Lennon-Plate2-hja2016_114_S60_L001_R2_001.fastq.gz",TRUE,FALSE,,"data/hja-env_data_clean.csv",54,"MATCHED",,,,"/mnt/scratch/wisnoskilab/GitHub/hja-synoptic/sequences/GSF2238-Lennon-Plate2-hja2016_114_S60_L001_R1_001.fastq.gz","/mnt/scratch/wisnoskilab/GitHub/hja-synoptic/sequences/GSF2238-Lennon-Plate2-hja2016_114_S60_L001_R2_001.fastq.gz",148958,137899,130661,131017,114854,113466
"hja2016_116","HJA2016_Plate2",2016,"Plate2","S13","53","53","Stream","planktonic streamwater","GSF2238-Lennon-Plate2-hja2016_116_S13_L001_R1_001.fastq.gz","GSF2238-Lennon-Plate2-hja2016_116_S13_L001_R2_001.fastq.gz","sequences/GSF2238-Lennon-Plate2-hja2016_116_S13_L001_R1_001.fastq.gz","sequences/GSF2238-Lennon-Plate2-hja2016_116_S13_L001_R2_001.fastq.gz",TRUE,FALSE,,"data/hja-env_data_clean.csv",7,"MATCHED",,,,"/mnt/scratch/wisnoskilab/GitHub/hja-synoptic/sequences/GSF2238-Lennon-Plate2-hja2016_116_S13_L001_R1_001.fastq.gz","/mnt/scratch/wisnoskilab/GitHub/hja-synoptic/sequences/GSF2238-Lennon-Plate2-hja2016_116_S13_L001_R2_001.fastq.gz",124929,116526,110123,110584,96267,95287
"hja2016_119","HJA2016_Plate2",2016,"Plate2","S14","56","56","Stream","planktonic streamwater","GSF2238-Lennon-Plate2-hja2016_119_S14_L001_R1_001.fastq.gz","GSF2238-Lennon-Plate2-hja2016_119_S14_L001_R2_001.fastq.gz","sequences/GSF2238-Lennon-Plate2-hja2016_119_S14_L001_R1_001.fastq.gz","sequences/GSF2238-Lennon-Plate2-hja2016_119_S14_L001_R2_001.fastq.gz",TRUE,FALSE,,"data/hja-env_data_clean.csv",10,"MATCHED",,,,"/mnt/scratch/wisnoskilab/GitHub/hja-synoptic/sequences/GSF2238-Lennon-Plate2-hja2016_119_S14_L001_R1_001.fastq.gz","/mnt/scratch/wisnoskilab/GitHub/hja-synoptic/sequences/GSF2238-Lennon-Plate2-hja2016_119_S14_L001_R2_001.fastq.gz",716707,668437,644593,645487,584659,569978
"hja2016_121","HJA2016_Plate2",2016,"Plate2","S15","84","84","Hyporheic","hyporheic water","GSF2238-Lennon-Plate2-hja2016_121_S15_L001_R1_001.fastq.gz","GSF2238-Lennon-Plate2-hja2016_121_S15_L001_R2_001.fastq.gz","sequences/GSF2238-Lennon-Plate2-hja2016_121_S15_L001_R1_001.fastq.gz","sequences/GSF2238-Lennon-Plate2-hja2016_121_S15_L001_R2_001.fastq.gz",TRUE,FALSE,,"data/hja-env_data_clean.csv",88,"MATCHED",,,,"/mnt/scratch/wisnoskilab/GitHub/hja-synoptic/sequences/GSF2238-Lennon-Plate2-hja2016_121_S15_L001_R1_001.fastq.gz","/mnt/scratch/wisnoskilab/GitHub/hja-synoptic/sequences/GSF2238-Lennon-Plate2-hja2016_121_S15_L001_R2_001.fastq.gz",619295,577682,565882,565023,530395,520108
"hja2016_122","HJA2016_Plate2",2016,"Plate2","S16","45","45","Sediment","stream sediment","GSF2238-Lennon-Plate2-hja2016_122_S16_L001_R1_001.fastq.gz","GSF2238-Lennon-Plate2-hja2016_122_S16_L001_R2_001.fastq.gz","sequences/GSF2238-Lennon-Plate2-hja2016_122_S16_L001_R1_001.fastq.gz","sequences/GSF2238-Lennon-Plate2-hja2016_122_S16_L001_R2_001.fastq.gz",TRUE,FALSE,,"data/hja-env_data_clean.csv",127,"MATCHED",,,,"/mnt/scratch/wisnoskilab/GitHub/hja-synoptic/sequences/GSF2238-Lennon-Plate2-hja2016_122_S16_L001_R1_001.fastq.gz","/mnt/scratch/wisnoskilab/GitHub/hja-synoptic/sequences/GSF2238-Lennon-Plate2-hja2016_122_S16_L001_R2_001.fastq.gz",98656,92501,90172,90289,82247,81642
"hja2016_123","HJA2016_Plate2",2016,"Plate2","S17","54","54","Sediment","stream sediment","GSF2238-Lennon-Plate2-hja2016_123_S17_L001_R1_001.fastq.gz","GSF2238-Lennon-Plate2-hja2016_123_S17_L001_R2_001.fastq.gz","sequences/GSF2238-Lennon-Plate2-hja2016_123_S17_L001_R1_001.fastq.gz","sequences/GSF2238-Lennon-Plate2-hja2016_123_S17_L001_R2_001.fastq.gz",TRUE,FALSE,,"data/hja-env_data_clean.csv",132,"MATCHED",,,,"/mnt/scratch/wisnoskilab/GitHub/hja-synoptic/sequences/GSF2238-Lennon-Plate2-hja2016_123_S17_L001_R1_001.fastq.gz","/mnt/scratch/wisnoskilab/GitHub/hja-synoptic/sequences/GSF2238-Lennon-Plate2-hja2016_123_S17_L001_R2_001.fastq.gz",1512,294,280,276,276,276
"hja2016_125","HJA2016_Plate2",2016,"Plate2","S18","56","56","Sediment","stream sediment","GSF2238-Lennon-Plate2-hja2016_125_S18_L001_R1_001.fastq.gz","GSF2238-Lennon-Plate2-hja2016_125_S18_L001_R2_001.fastq.gz","sequences/GSF2238-Lennon-Plate2-hja2016_125_S18_L001_R1_001.fastq.gz","sequences/GSF2238-Lennon-Plate2-hja2016_125_S18_L001_R2_001.fastq.gz",TRUE,FALSE,,"data/hja-env_data_clean.csv",134,"MATCHED",,,,"/mnt/scratch/wisnoskilab/GitHub/hja-synoptic/sequences/GSF2238-Lennon-Plate2-hja2016_125_S18_L001_R1_001.fastq.gz","/mnt/scratch/wisnoskilab/GitHub/hja-synoptic/sequences/GSF2238-Lennon-Plate2-hja2016_125_S18_L001_R2_001.fastq.gz",92318,86485,83708,83766,74875,74159
"hja2016_126","HJA2016_Plate2",2016,"Plate2","S19","58","58","Sediment","stream sediment","GSF2238-Lennon-Plate2-hja2016_126_S19_L001_R1_001.fastq.gz","GSF2238-Lennon-Plate2-hja2016_126_S19_L001_R2_001.fastq.gz","sequences/GSF2238-Lennon-Plate2-hja2016_126_S19_L001_R1_001.fastq.gz","sequences/GSF2238-Lennon-Plate2-hja2016_126_S19_L001_R2_001.fastq.gz",TRUE,FALSE,,"data/hja-env_data_clean.csv",136,"MATCHED",,,,"/mnt/scratch/wisnoskilab/GitHub/hja-synoptic/sequences/GSF2238-Lennon-Plate2-hja2016_126_S19_L001_R1_001.fastq.gz","/mnt/scratch/wisnoskilab/GitHub/hja-synoptic/sequences/GSF2238-Lennon-Plate2-hja2016_126_S19_L001_R2_001.fastq.gz",5912,4904,4778,4788,4603,4588
"hja2016_127","HJA2016_Plate1",2016,"Plate1","S20","60","60","Sediment","stream sediment","GSF2238-Lennon-Plate1-hja2016_127_S20_L001_R1_001.fastq.gz","GSF2238-Lennon-Plate1-hja2016_127_S20_L001_R2_001.fastq.gz","sequences/GSF2238-Lennon-Plate1-hja2016_127_S20_L001_R1_001.fastq.gz","sequences/GSF2238-Lennon-Plate1-hja2016_127_S20_L001_R2_001.fastq.gz",TRUE,FALSE,,"data/hja-env_data_clean.csv",137,"MATCHED",,,,"/mnt/scratch/wisnoskilab/GitHub/hja-synoptic/sequences/GSF2238-Lennon-Plate1-hja2016_127_S20_L001_R1_001.fastq.gz","/mnt/scratch/wisnoskilab/GitHub/hja-synoptic/sequences/GSF2238-Lennon-Plate1-hja2016_127_S20_L001_R2_001.fastq.gz",92150,82729,81075,80505,70325,70047
"hja2016_128","HJA2016_Plate1",2016,"Plate1","S21","68","68","Sediment","stream sediment","GSF2238-Lennon-Plate1-hja2016_128_S21_L001_R1_001.fastq.gz","GSF2238-Lennon-Plate1-hja2016_128_S21_L001_R2_001.fastq.gz","sequences/GSF2238-Lennon-Plate1-hja2016_128_S21_L001_R1_001.fastq.gz","sequences/GSF2238-Lennon-Plate1-hja2016_128_S21_L001_R2_001.fastq.gz",TRUE,FALSE,,"data/hja-env_data_clean.csv",142,"MATCHED",,,,"/mnt/scratch/wisnoskilab/GitHub/hja-synoptic/sequences/GSF2238-Lennon-Plate1-hja2016_128_S21_L001_R1_001.fastq.gz","/mnt/scratch/wisnoskilab/GitHub/hja-synoptic/sequences/GSF2238-Lennon-Plate1-hja2016_128_S21_L001_R2_001.fastq.gz",1071,816,757,706,625,625
"hja2016_129","HJA2016_Plate1",2016,"Plate1","S22","72","72","Sediment","stream sediment","GSF2238-Lennon-Plate1-hja2016_129_S22_L001_R1_001.fastq.gz","GSF2238-Lennon-Plate1-hja2016_129_S22_L001_R2_001.fastq.gz","sequences/GSF2238-Lennon-Plate1-hja2016_129_S22_L001_R1_001.fastq.gz","sequences/GSF2238-Lennon-Plate1-hja2016_129_S22_L001_R2_001.fastq.gz",TRUE,FALSE,,"data/hja-env_data_clean.csv",144,"MATCHED",,,,"/mnt/scratch/wisnoskilab/GitHub/hja-synoptic/sequences/GSF2238-Lennon-Plate1-hja2016_129_S22_L001_R1_001.fastq.gz","/mnt/scratch/wisnoskilab/GitHub/hja-synoptic/sequences/GSF2238-Lennon-Plate1-hja2016_129_S22_L001_R2_001.fastq.gz",177991,156940,152779,151428,128885,127706
"hja2016_131","HJA2016_Plate1",2016,"Plate1","S23","74","74","Sediment","stream sediment","GSF2238-Lennon-Plate1-hja2016_131_S23_L001_R1_001.fastq.gz","GSF2238-Lennon-Plate1-hja2016_131_S23_L001_R2_001.fastq.gz","sequences/GSF2238-Lennon-Plate1-hja2016_131_S23_L001_R1_001.fastq.gz","sequences/GSF2238-Lennon-Plate1-hja2016_131_S23_L001_R2_001.fastq.gz",TRUE,FALSE,,"data/hja-env_data_clean.csv",146,"MATCHED",,,,"/mnt/scratch/wisnoskilab/GitHub/hja-synoptic/sequences/GSF2238-Lennon-Plate1-hja2016_131_S23_L001_R1_001.fastq.gz","/mnt/scratch/wisnoskilab/GitHub/hja-synoptic/sequences/GSF2238-Lennon-Plate1-hja2016_131_S23_L001_R2_001.fastq.gz",1188399,1058851,1035411,1032585,904633,883738
"hja2016_132","HJA2016_Plate1",2016,"Plate1","S24","84","84","Sediment","stream sediment","GSF2238-Lennon-Plate1-hja2016_132_S24_L001_R1_001.fastq.gz","GSF2238-Lennon-Plate1-hja2016_132_S24_L001_R2_001.fastq.gz","sequences/GSF2238-Lennon-Plate1-hja2016_132_S24_L001_R1_001.fastq.gz","sequences/GSF2238-Lennon-Plate1-hja2016_132_S24_L001_R2_001.fastq.gz",TRUE,FALSE,,"data/hja-env_data_clean.csv",150,"MATCHED",,,,"/mnt/scratch/wisnoskilab/GitHub/hja-synoptic/sequences/GSF2238-Lennon-Plate1-hja2016_132_S24_L001_R1_001.fastq.gz","/mnt/scratch/wisnoskilab/GitHub/hja-synoptic/sequences/GSF2238-Lennon-Plate1-hja2016_132_S24_L001_R2_001.fastq.gz",1301499,1141335,1111467,1105884,955446,919986
"hja2016_133","HJA2016_Plate1",2016,"Plate1","S25","161","161","Sediment","stream sediment","GSF2238-Lennon-Plate1-hja2016_133_S25_L001_R1_001.fastq.gz","GSF2238-Lennon-Plate1-hja2016_133_S25_L001_R2_001.fastq.gz","sequences/GSF2238-Lennon-Plate1-hja2016_133_S25_L001_R1_001.fastq.gz","sequences/GSF2238-Lennon-Plate1-hja2016_133_S25_L001_R2_001.fastq.gz",TRUE,FALSE,,"data/hja-env_data_clean.csv",154,"MATCHED",,,,"/mnt/scratch/wisnoskilab/GitHub/hja-synoptic/sequences/GSF2238-Lennon-Plate1-hja2016_133_S25_L001_R1_001.fastq.gz","/mnt/scratch/wisnoskilab/GitHub/hja-synoptic/sequences/GSF2238-Lennon-Plate1-hja2016_133_S25_L001_R2_001.fastq.gz",106787,94168,89946,89938,73693,72059
"hja2016_135","HJA2016_Plate1",2016,"Plate1","S26","169","169","Sediment","stream sediment","GSF2238-Lennon-Plate1-hja2016_135_S26_L001_R1_001.fastq.gz","GSF2238-Lennon-Plate1-hja2016_135_S26_L001_R2_001.fastq.gz","sequences/GSF2238-Lennon-Plate1-hja2016_135_S26_L001_R1_001.fastq.gz","sequences/GSF2238-Lennon-Plate1-hja2016_135_S26_L001_R2_001.fastq.gz",TRUE,FALSE,,"data/hja-env_data_clean.csv",159,"MATCHED",,,,"/mnt/scratch/wisnoskilab/GitHub/hja-synoptic/sequences/GSF2238-Lennon-Plate1-hja2016_135_S26_L001_R1_001.fastq.gz","/mnt/scratch/wisnoskilab/GitHub/hja-synoptic/sequences/GSF2238-Lennon-Plate1-hja2016_135_S26_L001_R2_001.fastq.gz",169420,148877,145317,143810,124930,123455
"hja2016_136","HJA2016_Plate1",2016,"Plate1","S27","190","190","Sediment","stream sediment","GSF2238-Lennon-Plate1-hja2016_136_S27_L001_R1_001.fastq.gz","GSF2238-Lennon-Plate1-hja2016_136_S27_L001_R2_001.fastq.gz","sequences/GSF2238-Lennon-Plate1-hja2016_136_S27_L001_R1_001.fastq.gz","sequences/GSF2238-Lennon-Plate1-hja2016_136_S27_L001_R2_001.fastq.gz",TRUE,FALSE,,"data/hja-env_data_clean.csv",163,"MATCHED",,,,"/mnt/scratch/wisnoskilab/GitHub/hja-synoptic/sequences/GSF2238-Lennon-Plate1-hja2016_136_S27_L001_R1_001.fastq.gz","/mnt/scratch/wisnoskilab/GitHub/hja-synoptic/sequences/GSF2238-Lennon-Plate1-hja2016_136_S27_L001_R2_001.fastq.gz",180581,159640,157105,156030,140172,138898
"hja2016_139","HJA2016_Plate1",2016,"Plate1","S28","CC-2","CC-2","Sediment","stream sediment","GSF2238-Lennon-Plate1-hja2016_139_S28_L001_R1_001.fastq.gz","GSF2238-Lennon-Plate1-hja2016_139_S28_L001_R2_001.fastq.gz","sequences/GSF2238-Lennon-Plate1-hja2016_139_S28_L001_R1_001.fastq.gz","sequences/GSF2238-Lennon-Plate1-hja2016_139_S28_L001_R2_001.fastq.gz",TRUE,FALSE,,"data/hja-env_data_clean.csv",168,"MATCHED",,,,"/mnt/scratch/wisnoskilab/GitHub/hja-synoptic/sequences/GSF2238-Lennon-Plate1-hja2016_139_S28_L001_R1_001.fastq.gz","/mnt/scratch/wisnoskilab/GitHub/hja-synoptic/sequences/GSF2238-Lennon-Plate1-hja2016_139_S28_L001_R2_001.fastq.gz",206203,181091,173976,173336,142715,140227
"hja2016_140","HJA2016_Plate1",2016,"Plate1","S29","CC-3","CC-3","Sediment","stream sediment","GSF2238-Lennon-Plate1-hja2016_140_S29_L001_R1_001.fastq.gz","GSF2238-Lennon-Plate1-hja2016_140_S29_L001_R2_001.fastq.gz","sequences/GSF2238-Lennon-Plate1-hja2016_140_S29_L001_R1_001.fastq.gz","sequences/GSF2238-Lennon-Plate1-hja2016_140_S29_L001_R2_001.fastq.gz",TRUE,FALSE,,"data/hja-env_data_clean.csv",169,"MATCHED",,,,"/mnt/scratch/wisnoskilab/GitHub/hja-synoptic/sequences/GSF2238-Lennon-Plate1-hja2016_140_S29_L001_R1_001.fastq.gz","/mnt/scratch/wisnoskilab/GitHub/hja-synoptic/sequences/GSF2238-Lennon-Plate1-hja2016_140_S29_L001_R2_001.fastq.gz",271903,235402,233099,229905,207063,205891
"hja2016_141","HJA2016_Plate1",2016,"Plate1","S30","CC-4","CC-4","Sediment","stream sediment","GSF2238-Lennon-Plate1-hja2016_141_S30_L001_R1_001.fastq.gz","GSF2238-Lennon-Plate1-hja2016_141_S30_L001_R2_001.fastq.gz","sequences/GSF2238-Lennon-Plate1-hja2016_141_S30_L001_R1_001.fastq.gz","sequences/GSF2238-Lennon-Plate1-hja2016_141_S30_L001_R2_001.fastq.gz",TRUE,FALSE,,"data/hja-env_data_clean.csv",170,"MATCHED",,,,"/mnt/scratch/wisnoskilab/GitHub/hja-synoptic/sequences/GSF2238-Lennon-Plate1-hja2016_141_S30_L001_R1_001.fastq.gz","/mnt/scratch/wisnoskilab/GitHub/hja-synoptic/sequences/GSF2238-Lennon-Plate1-hja2016_141_S30_L001_R2_001.fastq.gz",209066,183572,181482,176635,157498,156782
"hja2016_142","HJA2016_Plate1",2016,"Plate1","S31","KC-1","KC-1","Sediment","stream sediment","GSF2238-Lennon-Plate1-hja2016_142_S31_L001_R1_001.fastq.gz","GSF2238-Lennon-Plate1-hja2016_142_S31_L001_R2_001.fastq.gz","sequences/GSF2238-Lennon-Plate1-hja2016_142_S31_L001_R1_001.fastq.gz","sequences/GSF2238-Lennon-Plate1-hja2016_142_S31_L001_R2_001.fastq.gz",TRUE,FALSE,,"data/hja-env_data_clean.csv",171,"MATCHED",,,,"/mnt/scratch/wisnoskilab/GitHub/hja-synoptic/sequences/GSF2238-Lennon-Plate1-hja2016_142_S31_L001_R1_001.fastq.gz","/mnt/scratch/wisnoskilab/GitHub/hja-synoptic/sequences/GSF2238-Lennon-Plate1-hja2016_142_S31_L001_R2_001.fastq.gz",844217,734373,731445,725997,685178,676967
"hja2016_144","HJA2016_Plate1",2016,"Plate1","S32","KC-3","KC-3","Sediment","stream sediment","GSF2238-Lennon-Plate1-hja2016_144_S32_L001_R1_001.fastq.gz","GSF2238-Lennon-Plate1-hja2016_144_S32_L001_R2_001.fastq.gz","sequences/GSF2238-Lennon-Plate1-hja2016_144_S32_L001_R1_001.fastq.gz","sequences/GSF2238-Lennon-Plate1-hja2016_144_S32_L001_R2_001.fastq.gz",TRUE,FALSE,,"data/hja-env_data_clean.csv",173,"MATCHED",,,,"/mnt/scratch/wisnoskilab/GitHub/hja-synoptic/sequences/GSF2238-Lennon-Plate1-hja2016_144_S32_L001_R1_001.fastq.gz","/mnt/scratch/wisnoskilab/GitHub/hja-synoptic/sequences/GSF2238-Lennon-Plate1-hja2016_144_S32_L001_R2_001.fastq.gz",612941,535784,533003,527936,486924,480196
"hja2016_145","HJA2016_Plate1",2016,"Plate1","S33","155","155","Sediment","stream sediment","GSF2238-Lennon-Plate1-hja2016_145_S33_L001_R1_001.fastq.gz","GSF2238-Lennon-Plate1-hja2016_145_S33_L001_R2_001.fastq.gz","sequences/GSF2238-Lennon-Plate1-hja2016_145_S33_L001_R1_001.fastq.gz","sequences/GSF2238-Lennon-Plate1-hja2016_145_S33_L001_R2_001.fastq.gz",TRUE,FALSE,,"data/hja-env_data_clean.csv",151,"MATCHED",,,,"/mnt/scratch/wisnoskilab/GitHub/hja-synoptic/sequences/GSF2238-Lennon-Plate1-hja2016_145_S33_L001_R1_001.fastq.gz","/mnt/scratch/wisnoskilab/GitHub/hja-synoptic/sequences/GSF2238-Lennon-Plate1-hja2016_145_S33_L001_R2_001.fastq.gz",174131,155110,149370,149408,126454,124377
"hja2016_146","HJA2016_Plate1",2016,"Plate1","S34","156","156","Sediment","stream sediment","GSF2238-Lennon-Plate1-hja2016_146_S34_L001_R1_001.fastq.gz","GSF2238-Lennon-Plate1-hja2016_146_S34_L001_R2_001.fastq.gz","sequences/GSF2238-Lennon-Plate1-hja2016_146_S34_L001_R1_001.fastq.gz","sequences/GSF2238-Lennon-Plate1-hja2016_146_S34_L001_R2_001.fastq.gz",TRUE,FALSE,,"data/hja-env_data_clean.csv",152,"MATCHED",,,,"/mnt/scratch/wisnoskilab/GitHub/hja-synoptic/sequences/GSF2238-Lennon-Plate1-hja2016_146_S34_L001_R1_001.fastq.gz","/mnt/scratch/wisnoskilab/GitHub/hja-synoptic/sequences/GSF2238-Lennon-Plate1-hja2016_146_S34_L001_R2_001.fastq.gz",177433,152856,151081,147148,133482,132956
"hja2016_147","HJA2016_Plate1",2016,"Plate1","S35","163","163","Sediment","stream sediment","GSF2238-Lennon-Plate1-hja2016_147_S35_L001_R1_001.fastq.gz","GSF2238-Lennon-Plate1-hja2016_147_S35_L001_R2_001.fastq.gz","sequences/GSF2238-Lennon-Plate1-hja2016_147_S35_L001_R1_001.fastq.gz","sequences/GSF2238-Lennon-Plate1-hja2016_147_S35_L001_R2_001.fastq.gz",TRUE,FALSE,,"data/hja-env_data_clean.csv",156,"MATCHED",,,,"/mnt/scratch/wisnoskilab/GitHub/hja-synoptic/sequences/GSF2238-Lennon-Plate1-hja2016_147_S35_L001_R1_001.fastq.gz","/mnt/scratch/wisnoskilab/GitHub/hja-synoptic/sequences/GSF2238-Lennon-Plate1-hja2016_147_S35_L001_R2_001.fastq.gz",176136,153445,146908,145907,119301,116303
"hja2016_148","HJA2016_Plate1",2016,"Plate1","S36","165","165","Sediment","stream sediment","GSF2238-Lennon-Plate1-hja2016_148_S36_L001_R1_001.fastq.gz","GSF2238-Lennon-Plate1-hja2016_148_S36_L001_R2_001.fastq.gz","sequences/GSF2238-Lennon-Plate1-hja2016_148_S36_L001_R1_001.fastq.gz","sequences/GSF2238-Lennon-Plate1-hja2016_148_S36_L001_R2_001.fastq.gz",TRUE,FALSE,,"data/hja-env_data_clean.csv",158,"MATCHED",,,,"/mnt/scratch/wisnoskilab/GitHub/hja-synoptic/sequences/GSF2238-Lennon-Plate1-hja2016_148_S36_L001_R1_001.fastq.gz","/mnt/scratch/wisnoskilab/GitHub/hja-synoptic/sequences/GSF2238-Lennon-Plate1-hja2016_148_S36_L001_R2_001.fastq.gz",156237,140943,135743,135422,111953,110482
"hja2016_149","HJA2016_Plate1",2016,"Plate1","S37","170","170","Sediment","stream sediment","GSF2238-Lennon-Plate1-hja2016_149_S37_L001_R1_001.fastq.gz","GSF2238-Lennon-Plate1-hja2016_149_S37_L001_R2_001.fastq.gz","sequences/GSF2238-Lennon-Plate1-hja2016_149_S37_L001_R1_001.fastq.gz","sequences/GSF2238-Lennon-Plate1-hja2016_149_S37_L001_R2_001.fastq.gz",TRUE,FALSE,,"data/hja-env_data_clean.csv",160,"MATCHED",,,,"/mnt/scratch/wisnoskilab/GitHub/hja-synoptic/sequences/GSF2238-Lennon-Plate1-hja2016_149_S37_L001_R1_001.fastq.gz","/mnt/scratch/wisnoskilab/GitHub/hja-synoptic/sequences/GSF2238-Lennon-Plate1-hja2016_149_S37_L001_R2_001.fastq.gz",818,743,595,527,369,369
"hja2016_150","HJA2016_Plate1",2016,"Plate1","S38","53","53","Sediment","stream sediment","GSF2238-Lennon-Plate1-hja2016_150_S38_L001_R1_001.fastq.gz","GSF2238-Lennon-Plate1-hja2016_150_S38_L001_R2_001.fastq.gz","sequences/GSF2238-Lennon-Plate1-hja2016_150_S38_L001_R1_001.fastq.gz","sequences/GSF2238-Lennon-Plate1-hja2016_150_S38_L001_R2_001.fastq.gz",TRUE,FALSE,,"data/hja-env_data_clean.csv",131,"MATCHED",,,,"/mnt/scratch/wisnoskilab/GitHub/hja-synoptic/sequences/GSF2238-Lennon-Plate1-hja2016_150_S38_L001_R1_001.fastq.gz","/mnt/scratch/wisnoskilab/GitHub/hja-synoptic/sequences/GSF2238-Lennon-Plate1-hja2016_150_S38_L001_R2_001.fastq.gz",185821,164579,160595,159696,138948,137116
"hja2016_151","HJA2016_Plate1",2016,"Plate1","S39","64","64","Sediment","stream sediment","GSF2238-Lennon-Plate1-hja2016_151_S39_L001_R1_001.fastq.gz","GSF2238-Lennon-Plate1-hja2016_151_S39_L001_R2_001.fastq.gz","sequences/GSF2238-Lennon-Plate1-hja2016_151_S39_L001_R1_001.fastq.gz","sequences/GSF2238-Lennon-Plate1-hja2016_151_S39_L001_R2_001.fastq.gz",TRUE,FALSE,,"data/hja-env_data_clean.csv",138,"MATCHED",,,,"/mnt/scratch/wisnoskilab/GitHub/hja-synoptic/sequences/GSF2238-Lennon-Plate1-hja2016_151_S39_L001_R1_001.fastq.gz","/mnt/scratch/wisnoskilab/GitHub/hja-synoptic/sequences/GSF2238-Lennon-Plate1-hja2016_151_S39_L001_R2_001.fastq.gz",1385561,1200156,1167253,1162746,998616,964977
"hja2016_152","HJA2016_Plate1",2016,"Plate1","S40","66","66","Sediment","stream sediment","GSF2238-Lennon-Plate1-hja2016_152_S40_L001_R1_001.fastq.gz","GSF2238-Lennon-Plate1-hja2016_152_S40_L001_R2_001.fastq.gz","sequences/GSF2238-Lennon-Plate1-hja2016_152_S40_L001_R1_001.fastq.gz","sequences/GSF2238-Lennon-Plate1-hja2016_152_S40_L001_R2_001.fastq.gz",TRUE,FALSE,,"data/hja-env_data_clean.csv",140,"MATCHED",,,,"/mnt/scratch/wisnoskilab/GitHub/hja-synoptic/sequences/GSF2238-Lennon-Plate1-hja2016_152_S40_L001_R1_001.fastq.gz","/mnt/scratch/wisnoskilab/GitHub/hja-synoptic/sequences/GSF2238-Lennon-Plate1-hja2016_152_S40_L001_R2_001.fastq.gz",1188276,1057399,1023181,1021952,854443,799955
"hja2016_155","HJA2016_Plate1",2016,"Plate1","S41","82","82","Sediment","stream sediment","GSF2238-Lennon-Plate1-hja2016_155_S41_L001_R1_001.fastq.gz","GSF2238-Lennon-Plate1-hja2016_155_S41_L001_R2_001.fastq.gz","sequences/GSF2238-Lennon-Plate1-hja2016_155_S41_L001_R1_001.fastq.gz","sequences/GSF2238-Lennon-Plate1-hja2016_155_S41_L001_R2_001.fastq.gz",TRUE,FALSE,,"data/hja-env_data_clean.csv",148,"MATCHED",,,,"/mnt/scratch/wisnoskilab/GitHub/hja-synoptic/sequences/GSF2238-Lennon-Plate1-hja2016_155_S41_L001_R1_001.fastq.gz","/mnt/scratch/wisnoskilab/GitHub/hja-synoptic/sequences/GSF2238-Lennon-Plate1-hja2016_155_S41_L001_R2_001.fastq.gz",167712,149922,144365,143937,118488,116837
"hja2016_157","HJA2016_Plate1",2016,"Plate1","S42","43","43","Sediment","stream sediment","GSF2238-Lennon-Plate1-hja2016_157_S42_L001_R1_001.fastq.gz","GSF2238-Lennon-Plate1-hja2016_157_S42_L001_R2_001.fastq.gz","sequences/GSF2238-Lennon-Plate1-hja2016_157_S42_L001_R1_001.fastq.gz","sequences/GSF2238-Lennon-Plate1-hja2016_157_S42_L001_R2_001.fastq.gz",TRUE,FALSE,,"data/hja-env_data_clean.csv",126,"MATCHED",,,,"/mnt/scratch/wisnoskilab/GitHub/hja-synoptic/sequences/GSF2238-Lennon-Plate1-hja2016_157_S42_L001_R1_001.fastq.gz","/mnt/scratch/wisnoskilab/GitHub/hja-synoptic/sequences/GSF2238-Lennon-Plate1-hja2016_157_S42_L001_R2_001.fastq.gz",126267,113320,111005,110361,97206,96913
"hja2016_158","HJA2016_Plate1",2016,"Plate1","S43","47","47","Sediment","stream sediment","GSF2238-Lennon-Plate1-hja2016_158_S43_L001_R1_001.fastq.gz","GSF2238-Lennon-Plate1-hja2016_158_S43_L001_R2_001.fastq.gz","sequences/GSF2238-Lennon-Plate1-hja2016_158_S43_L001_R1_001.fastq.gz","sequences/GSF2238-Lennon-Plate1-hja2016_158_S43_L001_R2_001.fastq.gz",TRUE,FALSE,,"data/hja-env_data_clean.csv",128,"MATCHED",,,,"/mnt/scratch/wisnoskilab/GitHub/hja-synoptic/sequences/GSF2238-Lennon-Plate1-hja2016_158_S43_L001_R1_001.fastq.gz","/mnt/scratch/wisnoskilab/GitHub/hja-synoptic/sequences/GSF2238-Lennon-Plate1-hja2016_158_S43_L001_R2_001.fastq.gz",1941,1636,1509,1424,1081,1077
"hja2016_159","HJA2016_Plate1",2016,"Plate1","S44","49","49","Sediment","stream sediment","GSF2238-Lennon-Plate1-hja2016_159_S44_L001_R1_001.fastq.gz","GSF2238-Lennon-Plate1-hja2016_159_S44_L001_R2_001.fastq.gz","sequences/GSF2238-Lennon-Plate1-hja2016_159_S44_L001_R1_001.fastq.gz","sequences/GSF2238-Lennon-Plate1-hja2016_159_S44_L001_R2_001.fastq.gz",TRUE,FALSE,,"data/hja-env_data_clean.csv",129,"MATCHED",,,,"/mnt/scratch/wisnoskilab/GitHub/hja-synoptic/sequences/GSF2238-Lennon-Plate1-hja2016_159_S44_L001_R1_001.fastq.gz","/mnt/scratch/wisnoskilab/GitHub/hja-synoptic/sequences/GSF2238-Lennon-Plate1-hja2016_159_S44_L001_R2_001.fastq.gz",113953,99028,97255,95913,83815,83304
"hja2016_160","HJA2016_Plate1",2016,"Plate1","S45","50","50","Sediment","stream sediment","GSF2238-Lennon-Plate1-hja2016_160_S45_L001_R1_001.fastq.gz","GSF2238-Lennon-Plate1-hja2016_160_S45_L001_R2_001.fastq.gz","sequences/GSF2238-Lennon-Plate1-hja2016_160_S45_L001_R1_001.fastq.gz","sequences/GSF2238-Lennon-Plate1-hja2016_160_S45_L001_R2_001.fastq.gz",TRUE,FALSE,,"data/hja-env_data_clean.csv",130,"MATCHED",,,,"/mnt/scratch/wisnoskilab/GitHub/hja-synoptic/sequences/GSF2238-Lennon-Plate1-hja2016_160_S45_L001_R1_001.fastq.gz","/mnt/scratch/wisnoskilab/GitHub/hja-synoptic/sequences/GSF2238-Lennon-Plate1-hja2016_160_S45_L001_R2_001.fastq.gz",330438,294592,286084,282312,239684,236788
"hja2016_161","HJA2016_Plate2",2016,"Plate2","S37","65","65","Sediment","stream sediment","GSF2238-Lennon-Plate2-hja2016_161_S37_L001_R1_001.fastq.gz","GSF2238-Lennon-Plate2-hja2016_161_S37_L001_R2_001.fastq.gz","sequences/GSF2238-Lennon-Plate2-hja2016_161_S37_L001_R1_001.fastq.gz","sequences/GSF2238-Lennon-Plate2-hja2016_161_S37_L001_R2_001.fastq.gz",TRUE,FALSE,,"data/hja-env_data_clean.csv",139,"MATCHED",,,,"/mnt/scratch/wisnoskilab/GitHub/hja-synoptic/sequences/GSF2238-Lennon-Plate2-hja2016_161_S37_L001_R1_001.fastq.gz","/mnt/scratch/wisnoskilab/GitHub/hja-synoptic/sequences/GSF2238-Lennon-Plate2-hja2016_161_S37_L001_R2_001.fastq.gz",389,227,216,214,204,204
"hja2016_164","HJA2016_Plate2",2016,"Plate2","S38","260","260","Sediment","stream sediment","GSF2238-Lennon-Plate2-hja2016_164_S38_L001_R1_001.fastq.gz","GSF2238-Lennon-Plate2-hja2016_164_S38_L001_R2_001.fastq.gz","sequences/GSF2238-Lennon-Plate2-hja2016_164_S38_L001_R1_001.fastq.gz","sequences/GSF2238-Lennon-Plate2-hja2016_164_S38_L001_R2_001.fastq.gz",TRUE,FALSE,,"data/hja-env_data_clean.csv",165,"MATCHED",,,,"/mnt/scratch/wisnoskilab/GitHub/hja-synoptic/sequences/GSF2238-Lennon-Plate2-hja2016_164_S38_L001_R1_001.fastq.gz","/mnt/scratch/wisnoskilab/GitHub/hja-synoptic/sequences/GSF2238-Lennon-Plate2-hja2016_164_S38_L001_R2_001.fastq.gz",755914,710349,687241,690948,606700,558490
"hja2016_165","HJA2016_Plate2",2016,"Plate2","S39","360","360","Sediment","stream sediment","GSF2238-Lennon-Plate2-hja2016_165_S39_L001_R1_001.fastq.gz","GSF2238-Lennon-Plate2-hja2016_165_S39_L001_R2_001.fastq.gz","sequences/GSF2238-Lennon-Plate2-hja2016_165_S39_L001_R1_001.fastq.gz","sequences/GSF2238-Lennon-Plate2-hja2016_165_S39_L001_R2_001.fastq.gz",TRUE,FALSE,,"data/hja-env_data_clean.csv",166,"MATCHED",,,,"/mnt/scratch/wisnoskilab/GitHub/hja-synoptic/sequences/GSF2238-Lennon-Plate2-hja2016_165_S39_L001_R1_001.fastq.gz","/mnt/scratch/wisnoskilab/GitHub/hja-synoptic/sequences/GSF2238-Lennon-Plate2-hja2016_165_S39_L001_R2_001.fastq.gz",168,41,39,36,36,36
"hja2016_166","HJA2016_Plate2",2016,"Plate2","S40","57","57","Sediment","stream sediment","GSF2238-Lennon-Plate2-hja2016_166_S40_L001_R1_001.fastq.gz","GSF2238-Lennon-Plate2-hja2016_166_S40_L001_R2_001.fastq.gz","sequences/GSF2238-Lennon-Plate2-hja2016_166_S40_L001_R1_001.fastq.gz","sequences/GSF2238-Lennon-Plate2-hja2016_166_S40_L001_R2_001.fastq.gz",TRUE,FALSE,,"data/hja-env_data_clean.csv",135,"MATCHED",,,,"/mnt/scratch/wisnoskilab/GitHub/hja-synoptic/sequences/GSF2238-Lennon-Plate2-hja2016_166_S40_L001_R1_001.fastq.gz","/mnt/scratch/wisnoskilab/GitHub/hja-synoptic/sequences/GSF2238-Lennon-Plate2-hja2016_166_S40_L001_R2_001.fastq.gz",165055,154324,152058,151722,142850,142090
"hja2016_167","HJA2016_Plate2",2016,"Plate2","S41","WS3-1","WS3-1","Sediment","stream sediment","GSF2238-Lennon-Plate2-hja2016_167_S41_L001_R1_001.fastq.gz","GSF2238-Lennon-Plate2-hja2016_167_S41_L001_R2_001.fastq.gz","sequences/GSF2238-Lennon-Plate2-hja2016_167_S41_L001_R1_001.fastq.gz","sequences/GSF2238-Lennon-Plate2-hja2016_167_S41_L001_R2_001.fastq.gz",TRUE,FALSE,,"data/hja-env_data_clean.csv",182,"MATCHED",,,,"/mnt/scratch/wisnoskilab/GitHub/hja-synoptic/sequences/GSF2238-Lennon-Plate2-hja2016_167_S41_L001_R1_001.fastq.gz","/mnt/scratch/wisnoskilab/GitHub/hja-synoptic/sequences/GSF2238-Lennon-Plate2-hja2016_167_S41_L001_R2_001.fastq.gz",49253,45661,43773,43824,38261,38097
"hja2016_168","HJA2016_Plate2",2016,"Plate2","S42","WS3-4","WS3-4","Sediment","stream sediment","GSF2238-Lennon-Plate2-hja2016_168_S42_L001_R1_001.fastq.gz","GSF2238-Lennon-Plate2-hja2016_168_S42_L001_R2_001.fastq.gz","sequences/GSF2238-Lennon-Plate2-hja2016_168_S42_L001_R1_001.fastq.gz","sequences/GSF2238-Lennon-Plate2-hja2016_168_S42_L001_R2_001.fastq.gz",TRUE,FALSE,,"data/hja-env_data_clean.csv",185,"MATCHED",,,,"/mnt/scratch/wisnoskilab/GitHub/hja-synoptic/sequences/GSF2238-Lennon-Plate2-hja2016_168_S42_L001_R1_001.fastq.gz","/mnt/scratch/wisnoskilab/GitHub/hja-synoptic/sequences/GSF2238-Lennon-Plate2-hja2016_168_S42_L001_R2_001.fastq.gz",318,238,222,227,196,196
"hja2016_169","HJA2016_Plate2",2016,"Plate2","S43","WS3-2","WS3-2","Sediment","stream sediment","GSF2238-Lennon-Plate2-hja2016_169_S43_L001_R1_001.fastq.gz","GSF2238-Lennon-Plate2-hja2016_169_S43_L001_R2_001.fastq.gz","sequences/GSF2238-Lennon-Plate2-hja2016_169_S43_L001_R1_001.fastq.gz","sequences/GSF2238-Lennon-Plate2-hja2016_169_S43_L001_R2_001.fastq.gz",TRUE,FALSE,,"data/hja-env_data_clean.csv",183,"MATCHED",,,,"/mnt/scratch/wisnoskilab/GitHub/hja-synoptic/sequences/GSF2238-Lennon-Plate2-hja2016_169_S43_L001_R1_001.fastq.gz","/mnt/scratch/wisnoskilab/GitHub/hja-synoptic/sequences/GSF2238-Lennon-Plate2-hja2016_169_S43_L001_R2_001.fastq.gz",89378,82912,77738,78274,66772,65373
"hja2016_170","HJA2016_Plate2",2016,"Plate2","S44","WS3-3","WS3-3","Sediment","stream sediment","GSF2238-Lennon-Plate2-hja2016_170_S44_L001_R1_001.fastq.gz","GSF2238-Lennon-Plate2-hja2016_170_S44_L001_R2_001.fastq.gz","sequences/GSF2238-Lennon-Plate2-hja2016_170_S44_L001_R1_001.fastq.gz","sequences/GSF2238-Lennon-Plate2-hja2016_170_S44_L001_R2_001.fastq.gz",TRUE,FALSE,,"data/hja-env_data_clean.csv",184,"MATCHED",,,,"/mnt/scratch/wisnoskilab/GitHub/hja-synoptic/sequences/GSF2238-Lennon-Plate2-hja2016_170_S44_L001_R1_001.fastq.gz","/mnt/scratch/wisnoskilab/GitHub/hja-synoptic/sequences/GSF2238-Lennon-Plate2-hja2016_170_S44_L001_R2_001.fastq.gz",106363,99291,94790,95246,84149,83233
"hja2016_171","HJA2016_Plate2",2016,"Plate2","S45","WS3-5","WS3-5","Sediment","stream sediment","GSF2238-Lennon-Plate2-hja2016_171_S45_L001_R1_001.fastq.gz","GSF2238-Lennon-Plate2-hja2016_171_S45_L001_R2_001.fastq.gz","sequences/GSF2238-Lennon-Plate2-hja2016_171_S45_L001_R1_001.fastq.gz","sequences/GSF2238-Lennon-Plate2-hja2016_171_S45_L001_R2_001.fastq.gz",TRUE,FALSE,,"data/hja-env_data_clean.csv",186,"MATCHED",,,,"/mnt/scratch/wisnoskilab/GitHub/hja-synoptic/sequences/GSF2238-Lennon-Plate2-hja2016_171_S45_L001_R1_001.fastq.gz","/mnt/scratch/wisnoskilab/GitHub/hja-synoptic/sequences/GSF2238-Lennon-Plate2-hja2016_171_S45_L001_R2_001.fastq.gz",306,154,131,128,116,116
"hja2016_174","HJA2016_Plate2",2016,"Plate2","S46","WS1_S8","WS1-8","Sediment","stream sediment","GSF2238-Lennon-Plate2-hja2016_174_S46_L001_R1_001.fastq.gz","GSF2238-Lennon-Plate2-hja2016_174_S46_L001_R2_001.fastq.gz","sequences/GSF2238-Lennon-Plate2-hja2016_174_S46_L001_R1_001.fastq.gz","sequences/GSF2238-Lennon-Plate2-hja2016_174_S46_L001_R2_001.fastq.gz",TRUE,FALSE,,"data/hja-env_data_clean.csv",181,"MATCHED_NORMALIZED_SITE_CODE","Normalized WS1_S8 to master-data site code WS1-8.",,,"/mnt/scratch/wisnoskilab/GitHub/hja-synoptic/sequences/GSF2238-Lennon-Plate2-hja2016_174_S46_L001_R1_001.fastq.gz","/mnt/scratch/wisnoskilab/GitHub/hja-synoptic/sequences/GSF2238-Lennon-Plate2-hja2016_174_S46_L001_R2_001.fastq.gz",7924,7320,7099,7078,6601,6532
"hja2016_176","HJA2016_Plate2",2016,"Plate2","S47","WS1-2","WS1-2","Sediment","stream sediment","GSF2238-Lennon-Plate2-hja2016_176_S47_L001_R1_001.fastq.gz","GSF2238-Lennon-Plate2-hja2016_176_S47_L001_R2_001.fastq.gz","sequences/GSF2238-Lennon-Plate2-hja2016_176_S47_L001_R1_001.fastq.gz","sequences/GSF2238-Lennon-Plate2-hja2016_176_S47_L001_R2_001.fastq.gz",TRUE,FALSE,,"data/hja-env_data_clean.csv",175,"MATCHED",,,,"/mnt/scratch/wisnoskilab/GitHub/hja-synoptic/sequences/GSF2238-Lennon-Plate2-hja2016_176_S47_L001_R1_001.fastq.gz","/mnt/scratch/wisnoskilab/GitHub/hja-synoptic/sequences/GSF2238-Lennon-Plate2-hja2016_176_S47_L001_R2_001.fastq.gz",193,100,78,78,65,64
"hja2016_177","HJA2016_Plate2",2016,"Plate2","S48","WS1-3","WS1-3","Sediment","stream sediment","GSF2238-Lennon-Plate2-hja2016_177_S48_L001_R1_001.fastq.gz","GSF2238-Lennon-Plate2-hja2016_177_S48_L001_R2_001.fastq.gz","sequences/GSF2238-Lennon-Plate2-hja2016_177_S48_L001_R1_001.fastq.gz","sequences/GSF2238-Lennon-Plate2-hja2016_177_S48_L001_R2_001.fastq.gz",TRUE,FALSE,,"data/hja-env_data_clean.csv",176,"MATCHED",,,,"/mnt/scratch/wisnoskilab/GitHub/hja-synoptic/sequences/GSF2238-Lennon-Plate2-hja2016_177_S48_L001_R1_001.fastq.gz","/mnt/scratch/wisnoskilab/GitHub/hja-synoptic/sequences/GSF2238-Lennon-Plate2-hja2016_177_S48_L001_R2_001.fastq.gz",115104,107187,103289,103376,92077,91368
"hja2016_179","HJA2016_Plate2",2016,"Plate2","S49","WS1-5","WS1-5","Sediment","stream sediment","GSF2238-Lennon-Plate2-hja2016_179_S49_L001_R1_001.fastq.gz","GSF2238-Lennon-Plate2-hja2016_179_S49_L001_R2_001.fastq.gz","sequences/GSF2238-Lennon-Plate2-hja2016_179_S49_L001_R1_001.fastq.gz","sequences/GSF2238-Lennon-Plate2-hja2016_179_S49_L001_R2_001.fastq.gz",TRUE,FALSE,,"data/hja-env_data_clean.csv",178,"MATCHED",,,,"/mnt/scratch/wisnoskilab/GitHub/hja-synoptic/sequences/GSF2238-Lennon-Plate2-hja2016_179_S49_L001_R1_001.fastq.gz","/mnt/scratch/wisnoskilab/GitHub/hja-synoptic/sequences/GSF2238-Lennon-Plate2-hja2016_179_S49_L001_R2_001.fastq.gz",55983,52702,51149,51125,46666,46471
"hja2016_180","HJA2016_Plate2",2016,"Plate2","S50","WS1-6","WS1-6","Sediment","stream sediment","GSF2238-Lennon-Plate2-hja2016_180_S50_L001_R1_001.fastq.gz","GSF2238-Lennon-Plate2-hja2016_180_S50_L001_R2_001.fastq.gz","sequences/GSF2238-Lennon-Plate2-hja2016_180_S50_L001_R1_001.fastq.gz","sequences/GSF2238-Lennon-Plate2-hja2016_180_S50_L001_R2_001.fastq.gz",TRUE,FALSE,,"data/hja-env_data_clean.csv",179,"MATCHED",,,,"/mnt/scratch/wisnoskilab/GitHub/hja-synoptic/sequences/GSF2238-Lennon-Plate2-hja2016_180_S50_L001_R1_001.fastq.gz","/mnt/scratch/wisnoskilab/GitHub/hja-synoptic/sequences/GSF2238-Lennon-Plate2-hja2016_180_S50_L001_R2_001.fastq.gz",153801,143341,138845,138922,126774,125211
"hja2016_181","HJA2016_Plate2",2016,"Plate2","S51","177","177","Sediment","stream sediment","GSF2238-Lennon-Plate2-hja2016_181_S51_L001_R1_001.fastq.gz","GSF2238-Lennon-Plate2-hja2016_181_S51_L001_R2_001.fastq.gz","sequences/GSF2238-Lennon-Plate2-hja2016_181_S51_L001_R1_001.fastq.gz","sequences/GSF2238-Lennon-Plate2-hja2016_181_S51_L001_R2_001.fastq.gz",TRUE,FALSE,,"data/hja-env_data_clean.csv",161,"MATCHED",,,,"/mnt/scratch/wisnoskilab/GitHub/hja-synoptic/sequences/GSF2238-Lennon-Plate2-hja2016_181_S51_L001_R1_001.fastq.gz","/mnt/scratch/wisnoskilab/GitHub/hja-synoptic/sequences/GSF2238-Lennon-Plate2-hja2016_181_S51_L001_R2_001.fastq.gz",114241,106507,102358,102516,91138,90331
"hja2016_183","HJA2016_Plate1",2016,"Plate1","S56","HJA-2016_soil_01","HJA-2016_soil_01","Terrestrial soil","terrestrial soil","GSF2238-Lennon-Plate1-hja2016_183_S56_L001_R1_001.fastq.gz","GSF2238-Lennon-Plate1-hja2016_183_S56_L001_R2_001.fastq.gz","sequences/GSF2238-Lennon-Plate1-hja2016_183_S56_L001_R1_001.fastq.gz","sequences/GSF2238-Lennon-Plate1-hja2016_183_S56_L001_R2_001.fastq.gz",TRUE,FALSE,,"data/hja-synoptic_env-data-soils.csv",2,"MATCHED",,,,"/mnt/scratch/wisnoskilab/GitHub/hja-synoptic/sequences/GSF2238-Lennon-Plate1-hja2016_183_S56_L001_R1_001.fastq.gz","/mnt/scratch/wisnoskilab/GitHub/hja-synoptic/sequences/GSF2238-Lennon-Plate1-hja2016_183_S56_L001_R2_001.fastq.gz",1140428,990477,966341,964012,834793,804564
"hja2016_184","HJA2016_Plate1",2016,"Plate1","S57","HJA-2016_soil_03","HJA-2016_soil_03","Terrestrial soil","terrestrial soil","GSF2238-Lennon-Plate1-hja2016_184_S57_L001_R1_001.fastq.gz","GSF2238-Lennon-Plate1-hja2016_184_S57_L001_R2_001.fastq.gz","sequences/GSF2238-Lennon-Plate1-hja2016_184_S57_L001_R1_001.fastq.gz","sequences/GSF2238-Lennon-Plate1-hja2016_184_S57_L001_R2_001.fastq.gz",TRUE,FALSE,,"data/hja-synoptic_env-data-soils.csv",4,"MATCHED",,,,"/mnt/scratch/wisnoskilab/GitHub/hja-synoptic/sequences/GSF2238-Lennon-Plate1-hja2016_184_S57_L001_R1_001.fastq.gz","/mnt/scratch/wisnoskilab/GitHub/hja-synoptic/sequences/GSF2238-Lennon-Plate1-hja2016_184_S57_L001_R2_001.fastq.gz",105090,92184,87367,87055,69977,68951
"hja2016_185","HJA2016_Plate1",2016,"Plate1","S58","HJA-2016_soil_04","HJA-2016_soil_04","Terrestrial soil","terrestrial soil","GSF2238-Lennon-Plate1-hja2016_185_S58_L001_R1_001.fastq.gz","GSF2238-Lennon-Plate1-hja2016_185_S58_L001_R2_001.fastq.gz","sequences/GSF2238-Lennon-Plate1-hja2016_185_S58_L001_R1_001.fastq.gz","sequences/GSF2238-Lennon-Plate1-hja2016_185_S58_L001_R2_001.fastq.gz",TRUE,FALSE,,"data/hja-synoptic_env-data-soils.csv",5,"MATCHED",,,,"/mnt/scratch/wisnoskilab/GitHub/hja-synoptic/sequences/GSF2238-Lennon-Plate1-hja2016_185_S58_L001_R1_001.fastq.gz","/mnt/scratch/wisnoskilab/GitHub/hja-synoptic/sequences/GSF2238-Lennon-Plate1-hja2016_185_S58_L001_R2_001.fastq.gz",75813,64569,62240,59911,46710,46147
"hja2016_188","HJA2016_Plate1",2016,"Plate1","S59","HJA-2016_soil_07","HJA-2016_soil_07","Terrestrial soil","terrestrial soil","GSF2238-Lennon-Plate1-hja2016_188_S59_L001_R1_001.fastq.gz","GSF2238-Lennon-Plate1-hja2016_188_S59_L001_R2_001.fastq.gz","sequences/GSF2238-Lennon-Plate1-hja2016_188_S59_L001_R1_001.fastq.gz","sequences/GSF2238-Lennon-Plate1-hja2016_188_S59_L001_R2_001.fastq.gz",TRUE,FALSE,,"data/hja-synoptic_env-data-soils.csv",8,"MATCHED",,,,"/mnt/scratch/wisnoskilab/GitHub/hja-synoptic/sequences/GSF2238-Lennon-Plate1-hja2016_188_S59_L001_R1_001.fastq.gz","/mnt/scratch/wisnoskilab/GitHub/hja-synoptic/sequences/GSF2238-Lennon-Plate1-hja2016_188_S59_L001_R2_001.fastq.gz",78454,68816,66450,65916,55293,53759
"hja2016_189","HJA2016_Plate1",2016,"Plate1","S60","HJA-2016_soil_08","HJA-2016_soil_08","Terrestrial soil","terrestrial soil","GSF2238-Lennon-Plate1-hja2016_189_S60_L001_R1_001.fastq.gz","GSF2238-Lennon-Plate1-hja2016_189_S60_L001_R2_001.fastq.gz","sequences/GSF2238-Lennon-Plate1-hja2016_189_S60_L001_R1_001.fastq.gz","sequences/GSF2238-Lennon-Plate1-hja2016_189_S60_L001_R2_001.fastq.gz",TRUE,FALSE,,"data/hja-synoptic_env-data-soils.csv",9,"MATCHED",,,,"/mnt/scratch/wisnoskilab/GitHub/hja-synoptic/sequences/GSF2238-Lennon-Plate1-hja2016_189_S60_L001_R1_001.fastq.gz","/mnt/scratch/wisnoskilab/GitHub/hja-synoptic/sequences/GSF2238-Lennon-Plate1-hja2016_189_S60_L001_R2_001.fastq.gz",202234,181913,177435,176654,153848,151838
"hja2016_190","HJA2016_Plate1",2016,"Plate1","S61","HJA-2016_soil_09","HJA-2016_soil_09","Terrestrial soil","terrestrial soil","GSF2238-Lennon-Plate1-hja2016_190_S61_L001_R1_001.fastq.gz","GSF2238-Lennon-Plate1-hja2016_190_S61_L001_R2_001.fastq.gz","sequences/GSF2238-Lennon-Plate1-hja2016_190_S61_L001_R1_001.fastq.gz","sequences/GSF2238-Lennon-Plate1-hja2016_190_S61_L001_R2_001.fastq.gz",TRUE,FALSE,,"data/hja-synoptic_env-data-soils.csv",10,"MATCHED",,,,"/mnt/scratch/wisnoskilab/GitHub/hja-synoptic/sequences/GSF2238-Lennon-Plate1-hja2016_190_S61_L001_R1_001.fastq.gz","/mnt/scratch/wisnoskilab/GitHub/hja-synoptic/sequences/GSF2238-Lennon-Plate1-hja2016_190_S61_L001_R2_001.fastq.gz",55661,46603,44692,44174,35249,34900
"hja2016_191","HJA2016_Plate1",2016,"Plate1","S62","HJA-2016_soil_10","HJA-2016_soil_10","Terrestrial soil","terrestrial soil","GSF2238-Lennon-Plate1-hja2016_191_S62_L001_R1_001.fastq.gz","GSF2238-Lennon-Plate1-hja2016_191_S62_L001_R2_001.fastq.gz","sequences/GSF2238-Lennon-Plate1-hja2016_191_S62_L001_R1_001.fastq.gz","sequences/GSF2238-Lennon-Plate1-hja2016_191_S62_L001_R2_001.fastq.gz",TRUE,FALSE,,"data/hja-synoptic_env-data-soils.csv",11,"MATCHED",,,,"/mnt/scratch/wisnoskilab/GitHub/hja-synoptic/sequences/GSF2238-Lennon-Plate1-hja2016_191_S62_L001_R1_001.fastq.gz","/mnt/scratch/wisnoskilab/GitHub/hja-synoptic/sequences/GSF2238-Lennon-Plate1-hja2016_191_S62_L001_R2_001.fastq.gz",72822,62292,59362,58574,46107,45834
"hja2016_193","HJA2016_Plate2",2016,"Plate2","S52","HJA-2016_soil_12","HJA-2016_soil_12","Terrestrial soil","terrestrial soil","GSF2238-Lennon-Plate2-hja2016_193_S52_L001_R1_001.fastq.gz","GSF2238-Lennon-Plate2-hja2016_193_S52_L001_R2_001.fastq.gz","sequences/GSF2238-Lennon-Plate2-hja2016_193_S52_L001_R1_001.fastq.gz","sequences/GSF2238-Lennon-Plate2-hja2016_193_S52_L001_R2_001.fastq.gz",TRUE,FALSE,,"data/hja-synoptic_env-data-soils.csv",13,"MATCHED",,,,"/mnt/scratch/wisnoskilab/GitHub/hja-synoptic/sequences/GSF2238-Lennon-Plate2-hja2016_193_S52_L001_R1_001.fastq.gz","/mnt/scratch/wisnoskilab/GitHub/hja-synoptic/sequences/GSF2238-Lennon-Plate2-hja2016_193_S52_L001_R2_001.fastq.gz",110905,103023,99116,99575,89982,87552
"hja2016_194","HJA2016_Plate2",2016,"Plate2","S53","HJA-2016_soil_13","HJA-2016_soil_13","Terrestrial soil","terrestrial soil","GSF2238-Lennon-Plate2-hja2016_194_S53_L001_R1_001.fastq.gz","GSF2238-Lennon-Plate2-hja2016_194_S53_L001_R2_001.fastq.gz","sequences/GSF2238-Lennon-Plate2-hja2016_194_S53_L001_R1_001.fastq.gz","sequences/GSF2238-Lennon-Plate2-hja2016_194_S53_L001_R2_001.fastq.gz",TRUE,FALSE,,"data/hja-synoptic_env-data-soils.csv",14,"MATCHED",,,,"/mnt/scratch/wisnoskilab/GitHub/hja-synoptic/sequences/GSF2238-Lennon-Plate2-hja2016_194_S53_L001_R1_001.fastq.gz","/mnt/scratch/wisnoskilab/GitHub/hja-synoptic/sequences/GSF2238-Lennon-Plate2-hja2016_194_S53_L001_R2_001.fastq.gz",81619,76148,72255,72644,62036,61413
"hja2016_195","HJA2016_Plate2",2016,"Plate2","S54","HJA-2016_soil_14","HJA-2016_soil_14","Terrestrial soil","terrestrial soil","GSF2238-Lennon-Plate2-hja2016_195_S54_L001_R1_001.fastq.gz","GSF2238-Lennon-Plate2-hja2016_195_S54_L001_R2_001.fastq.gz","sequences/GSF2238-Lennon-Plate2-hja2016_195_S54_L001_R1_001.fastq.gz","sequences/GSF2238-Lennon-Plate2-hja2016_195_S54_L001_R2_001.fastq.gz",TRUE,FALSE,,"data/hja-synoptic_env-data-soils.csv",15,"MATCHED",,,,"/mnt/scratch/wisnoskilab/GitHub/hja-synoptic/sequences/GSF2238-Lennon-Plate2-hja2016_195_S54_L001_R1_001.fastq.gz","/mnt/scratch/wisnoskilab/GitHub/hja-synoptic/sequences/GSF2238-Lennon-Plate2-hja2016_195_S54_L001_R2_001.fastq.gz",455563,424325,415951,414458,373785,363982
"hja2016_196","HJA2016_Plate2",2016,"Plate2","S55","HJA-2016_soil_16","HJA-2016_soil_16","Terrestrial soil","terrestrial soil","GSF2238-Lennon-Plate2-hja2016_196_S55_L001_R1_001.fastq.gz","GSF2238-Lennon-Plate2-hja2016_196_S55_L001_R2_001.fastq.gz","sequences/GSF2238-Lennon-Plate2-hja2016_196_S55_L001_R1_001.fastq.gz","sequences/GSF2238-Lennon-Plate2-hja2016_196_S55_L001_R2_001.fastq.gz",TRUE,FALSE,,"data/hja-synoptic_env-data-soils.csv",17,"MATCHED",,,,"/mnt/scratch/wisnoskilab/GitHub/hja-synoptic/sequences/GSF2238-Lennon-Plate2-hja2016_196_S55_L001_R1_001.fastq.gz","/mnt/scratch/wisnoskilab/GitHub/hja-synoptic/sequences/GSF2238-Lennon-Plate2-hja2016_196_S55_L001_R2_001.fastq.gz",1383715,1278650,1250091,1250765,1133588,1104671
"hja2016_197","HJA2016_Plate2",2016,"Plate2","S56","HJA-2016_soil_17","HJA-2016_soil_17","Terrestrial soil","terrestrial soil","GSF2238-Lennon-Plate2-hja2016_197_S56_L001_R1_001.fastq.gz","GSF2238-Lennon-Plate2-hja2016_197_S56_L001_R2_001.fastq.gz","sequences/GSF2238-Lennon-Plate2-hja2016_197_S56_L001_R1_001.fastq.gz","sequences/GSF2238-Lennon-Plate2-hja2016_197_S56_L001_R2_001.fastq.gz",TRUE,FALSE,,"data/hja-synoptic_env-data-soils.csv",18,"MATCHED",,,,"/mnt/scratch/wisnoskilab/GitHub/hja-synoptic/sequences/GSF2238-Lennon-Plate2-hja2016_197_S56_L001_R1_001.fastq.gz","/mnt/scratch/wisnoskilab/GitHub/hja-synoptic/sequences/GSF2238-Lennon-Plate2-hja2016_197_S56_L001_R2_001.fastq.gz",61470,56602,53553,53566,45765,45147
"hja2016_198","HJA2016_Plate2",2016,"Plate2","S57","HJA-2016_soil_18","HJA-2016_soil_18","Terrestrial soil","terrestrial soil","GSF2238-Lennon-Plate2-hja2016_198_S57_L001_R1_001.fastq.gz","GSF2238-Lennon-Plate2-hja2016_198_S57_L001_R2_001.fastq.gz","sequences/GSF2238-Lennon-Plate2-hja2016_198_S57_L001_R1_001.fastq.gz","sequences/GSF2238-Lennon-Plate2-hja2016_198_S57_L001_R2_001.fastq.gz",TRUE,FALSE,,"data/hja-synoptic_env-data-soils.csv",3,"MATCHED",,,,"/mnt/scratch/wisnoskilab/GitHub/hja-synoptic/sequences/GSF2238-Lennon-Plate2-hja2016_198_S57_L001_R1_001.fastq.gz","/mnt/scratch/wisnoskilab/GitHub/hja-synoptic/sequences/GSF2238-Lennon-Plate2-hja2016_198_S57_L001_R2_001.fastq.gz",248484,231839,222239,222949,195527,190457
"hja2016_199","HJA2016_Plate2",2016,"Plate2","S58","HJA-2016_soil_19","HJA-2016_soil_19","Terrestrial soil","terrestrial soil","GSF2238-Lennon-Plate2-hja2016_199_S58_L001_R1_001.fastq.gz","GSF2238-Lennon-Plate2-hja2016_199_S58_L001_R2_001.fastq.gz","sequences/GSF2238-Lennon-Plate2-hja2016_199_S58_L001_R1_001.fastq.gz","sequences/GSF2238-Lennon-Plate2-hja2016_199_S58_L001_R2_001.fastq.gz",TRUE,FALSE,,"data/hja-synoptic_env-data-soils.csv",16,"MATCHED",,,,"/mnt/scratch/wisnoskilab/GitHub/hja-synoptic/sequences/GSF2238-Lennon-Plate2-hja2016_199_S58_L001_R1_001.fastq.gz","/mnt/scratch/wisnoskilab/GitHub/hja-synoptic/sequences/GSF2238-Lennon-Plate2-hja2016_199_S58_L001_R2_001.fastq.gz",166448,154737,150075,150210,135718,133349
"hja2016_200","HJA2016_Plate2",2016,"Plate2","S59",,,"Terrestrial soil","terrestrial soil","GSF2238-Lennon-Plate2-hja2016_200_S59_L001_R1_001.fastq.gz","GSF2238-Lennon-Plate2-hja2016_200_S59_L001_R2_001.fastq.gz","sequences/GSF2238-Lennon-Plate2-hja2016_200_S59_L001_R1_001.fastq.gz","sequences/GSF2238-Lennon-Plate2-hja2016_200_S59_L001_R2_001.fastq.gz",TRUE,FALSE,,"data/hja-synoptic_env-data-soils.csv",,"REVIEW_UNRESOLVED_SITE","Missing from local sample list; NCBI BioSample SAMN12129905 identifies a soil metagenome, but the soil site is unresolved.","SAMN12129905","SRR9592656","/mnt/scratch/wisnoskilab/GitHub/hja-synoptic/sequences/GSF2238-Lennon-Plate2-hja2016_200_S59_L001_R1_001.fastq.gz","/mnt/scratch/wisnoskilab/GitHub/hja-synoptic/sequences/GSF2238-Lennon-Plate2-hja2016_200_S59_L001_R2_001.fastq.gz",324806,298553,289172,289301,254900,249607
