"source_file","source_sample_type","source_column","analysis_column","predictor_block","units","recommended_transformation","primary_44_site","notes"
"data/hja-env_data_clean.csv","Stream","Stream_Centerline_UTM_Zone_10N_X_m","site_utm_x_m","landscape","m","none",TRUE,""
"data/hja-env_data_clean.csv","Stream","Stream_Centerline_UTM_Zone_10N_Y_m","site_utm_y_m","landscape","m","none",TRUE,""
"data/hja-env_data_clean.csv","Stream","Segment_Number","site_segment_number","landscape","","none",TRUE,""
"data/hja-env_data_clean.csv","Stream","Drainage_area_ha","site_drainage_area_ha","landscape","ha","log10",TRUE,""
"data/hja-env_data_clean.csv","Stream","Valley_Slope_m/m","site_valley_slope_m_m","landscape","m/m","none",TRUE,""
"data/hja-env_data_clean.csv","Stream","Stream_Slope_m/m","site_stream_slope_m_m","landscape","m/m","none",TRUE,""
"data/hja-env_data_clean.csv","Stream","Valley_Width_m","site_valley_width_m","landscape","m","none",TRUE,""
"data/hja-env_data_clean.csv","Stream","Segment_Valley_Avg_Slope_m/m","site_segment_valley_avg_slope_m_m","landscape","m/m","none",TRUE,""
"data/hja-env_data_clean.csv","Stream","Segment_Stream_Avg_Slope_m/m","site_segment_stream_avg_slope_m_m","landscape","m/m","none",TRUE,""
"data/hja-env_data_clean.csv","Stream","Segment_Valley_Avg_Width_m","site_segment_valley_avg_width_m","landscape","m","none",TRUE,""
"data/hja-env_data_clean.csv","Stream","Stream_Order","site_stream_order","landscape","ordinal","none",TRUE,""
"data/hja-env_data_clean.csv","Stream","Segment_Sinuosity_m/m","site_segment_sinuosity_m_m","landscape","m/m","none",TRUE,""
"data/hja-env_data_clean.csv","Stream","Valley_Distance_to_outlet_m","site_distance_to_outlet_m","landscape","m","log10",TRUE,""
"data/hja-env_data_clean.csv","Sediment","geometric_Mean_Hydaulic_Conductivity_m/s","sediment_hydraulic_conductivity_geomean_m_s","hydrology","m/s","log10",TRUE,""
"data/hja-env_data_clean.csv","Sediment","Piezo_depth_below_streambed_(to_top)_m","sediment_piezometer_depth_top_m","hydrology","m","none",TRUE,""
"data/hja-env_data_clean.csv","Sediment","Piezo_depth_below_streambed_(to_bottom)_m","sediment_piezometer_depth_bottom_m","hydrology","m","none",TRUE,""
"data/hja-env_data_clean.csv","Stream","Channel_width","site_channel_width_m","hydrology","m","none",TRUE,""
"data/hja-env_data_clean.csv","Stream","Channel_depth_m","site_channel_depth_m","hydrology","m","none",TRUE,""
"data/hja-env_data_clean.csv","Stream","Tracer_Downstream_discahrge_m3/s","site_discharge_downstream_m3_s","hydrology","m3/s","log10",FALSE,"Reduced sensitivity subset."
"data/hja-env_data_clean.csv","Stream","Tracer_Upstream_discharge_m3/s","site_discharge_upstream_m3_s","hydrology","m3/s","log10",FALSE,"Reduced sensitivity subset."
"data/hja-env_data_clean.csv","Stream","Peak_travel_time_hr","site_peak_travel_time_hr","hydrology","hr","log10",FALSE,""
"data/hja-env_data_clean.csv","Stream","Velocity_m/s","site_velocity_m_s","hydrology","m/s","log10",FALSE,""
"data/hja-env_data_clean.csv","Stream","Water_Temp_arrival_deg_C","surface_water_temperature_c","surface_water","deg C","none",TRUE,""
"data/hja-env_data_clean.csv","Stream","DO_arrival_mg/L","surface_do_mg_l","surface_water","mg/L","none",TRUE,""
"data/hja-env_data_clean.csv","Stream","DO_arrival_perc_sat","surface_do_percent_saturation","surface_water","%","none",TRUE,""
"data/hja-env_data_clean.csv","Stream","NPOC_mg/L","surface_npoc_mg_l","surface_dom","mg/L","log10",TRUE,""
"data/hja-env_data_clean.csv","Stream","SUVA254","surface_suva254","surface_dom","","none",TRUE,""
"data/hja-env_data_clean.csv","Stream","Spectral_Slope_Ratio","surface_spectral_slope_ratio","surface_dom","","none",TRUE,""
"data/hja-env_data_clean.csv","Stream","TDN_mg/L","surface_tdn_mg_l","surface_nutrients","mg/L","log10",TRUE,""
"data/hja-env_data_clean.csv","Stream","Integrated_Absorbance_300-400_nm_1/m","surface_integrated_absorbance_300_400_1_m","surface_dom","1/m","log10",TRUE,""
"data/hja-env_data_clean.csv","Stream","Decadic_Absorbance_at_254_nm_1/m","surface_absorbance_254_1_m","surface_dom","1/m","log10",TRUE,""
"data/hja-env_data_clean.csv","Stream","Decadic_Absorbance_at_300_nm_1/m","surface_absorbance_300_1_m","surface_dom","1/m","log10",TRUE,""
"data/hja-env_data_clean.csv","Stream","Naperian_Absorbance_at_340_nm_1/m","surface_absorbance_340_1_m","surface_dom","1/m","log10",TRUE,""
"data/hja-env_data_clean.csv","Stream","Naperian_Absorbance_at_380_nm_1/m","surface_absorbance_380_1_m","surface_dom","1/m","log10",TRUE,""
"data/hja-env_data_clean.csv","Stream","Spectral_Slope_Ratio_(Slope_of_Abs275-295/300-350)","surface_spectral_slope_ratio_275_295_to_300_350","surface_dom","","none",TRUE,""
"data/hja-env_data_clean.csv","Stream","Integrated_Fluorescence_Raman_units","surface_integrated_fluorescence_ru","surface_dom","Raman units","log10",TRUE,""
"data/hja-env_data_clean.csv","Stream","Intensity_of_EEM_peak_A_(250-450)_Raman_units","surface_eem_peak_a_ru","surface_dom","Raman units","log10",TRUE,""
"data/hja-env_data_clean.csv","Stream","Intensity_of_EEM_peak_C_(350-450)_Raman_units","surface_eem_peak_c_ru","surface_dom","Raman units","log10",TRUE,""
"data/hja-env_data_clean.csv","Stream","Intensity_of_EEM_peak_T_(275-340)_Raman_units","surface_eem_peak_t_ru","surface_dom","Raman units","log10",TRUE,""
"data/hja-env_data_clean.csv","Stream","Fluorescence_Index_(Cory_et_al._2010)","surface_fluorescence_index","surface_dom","","none",TRUE,""
"data/hja-env_data_clean.csv","Stream","Chloride_mg/L","surface_chloride_mg_l","surface_ions","mg/L","log10",TRUE,""
"data/hja-env_data_clean.csv","Stream","Sulfate_mg/L","surface_sulfate_mg_l","surface_ions","mg/L","log10",TRUE,""
"data/hja-env_data_clean.csv","Stream","Sodium_mg/L","surface_sodium_mg_l","surface_ions","mg/L","log10",TRUE,""
"data/hja-env_data_clean.csv","Stream","Potassium_mg/L","surface_potassium_mg_l","surface_ions","mg/L","log10",TRUE,""
"data/hja-env_data_clean.csv","Stream","Magnesium_mg/L","surface_magnesium_mg_l","surface_ions","mg/L","log10",TRUE,""
"data/hja-env_data_clean.csv","Stream","Calcium_mg/L","surface_calcium_mg_l","surface_ions","mg/L","log10",TRUE,""
"data/hja-env_data_clean.csv","Stream","PO4_mg/L","surface_po4_mg_l","surface_nutrients","mg/L","log10",TRUE,""
"data/hja-env_data_clean.csv","Stream","Surface_NO2_NO3_mg/L_as_NO3","surface_no2_no3_mg_l_as_no3","surface_nutrients","mg/L","log10",TRUE,""
"data/hja-env_data_clean.csv","Stream","NH3_mg/L_as_NH3","surface_nh3_mg_l_as_nh3","surface_nutrients","mg/L","log10",TRUE,""
"data/hja-env_data_clean.csv","Hyporheic","Water_Temp_arrival_deg_C","hyporheic_water_temperature_c","hyporheic_water","deg C","none",TRUE,""
"data/hja-env_data_clean.csv","Hyporheic","DO_arrival_mg/L","hyporheic_do_mg_l","hyporheic_water","mg/L","none",TRUE,""
"data/hja-env_data_clean.csv","Hyporheic","DO_arrival_perc_sat","hyporheic_do_percent_saturation","hyporheic_water","%","none",TRUE,""
"data/hja-env_data_clean.csv","Hyporheic","NPOC_mg/L","hyporheic_npoc_mg_l","hyporheic_dom","mg/L","log10",TRUE,""
"data/hja-env_data_clean.csv","Hyporheic","SUVA254","hyporheic_suva254","hyporheic_dom","","none",TRUE,""
"data/hja-env_data_clean.csv","Hyporheic","Spectral_Slope_Ratio","hyporheic_spectral_slope_ratio","hyporheic_dom","","none",TRUE,""
"data/hja-env_data_clean.csv","Hyporheic","TDN_mg/L","hyporheic_tdn_mg_l","hyporheic_nutrients","mg/L","log10",TRUE,""
"data/hja-env_data_clean.csv","Hyporheic","Integrated_Absorbance_300-400_nm_1/m","hyporheic_integrated_absorbance_300_400_1_m","hyporheic_dom","1/m","log10",TRUE,""
"data/hja-env_data_clean.csv","Hyporheic","Decadic_Absorbance_at_254_nm_1/m","hyporheic_absorbance_254_1_m","hyporheic_dom","1/m","log10",TRUE,""
"data/hja-env_data_clean.csv","Hyporheic","Intensity_of_EEM_peak_A_(250-450)_Raman_units","hyporheic_eem_peak_a_ru","hyporheic_dom","Raman units","log10",TRUE,""
"data/hja-env_data_clean.csv","Hyporheic","Intensity_of_EEM_peak_C_(350-450)_Raman_units","hyporheic_eem_peak_c_ru","hyporheic_dom","Raman units","log10",TRUE,""
"data/hja-env_data_clean.csv","Hyporheic","Intensity_of_EEM_peak_T_(275-340)_Raman_units","hyporheic_eem_peak_t_ru","hyporheic_dom","Raman units","log10",TRUE,""
"data/hja-env_data_clean.csv","Hyporheic","Fluorescence_Index_(Cory_et_al._2010)","hyporheic_fluorescence_index","hyporheic_dom","","none",TRUE,""
"data/hja-env_data_clean.csv","Hyporheic","Chloride_mg/L","hyporheic_chloride_mg_l","hyporheic_ions","mg/L","log10",TRUE,""
"data/hja-env_data_clean.csv","Hyporheic","Sulfate_mg/L","hyporheic_sulfate_mg_l","hyporheic_ions","mg/L","log10",TRUE,""
"data/hja-env_data_clean.csv","Hyporheic","Sodium_mg/L","hyporheic_sodium_mg_l","hyporheic_ions","mg/L","log10",TRUE,""
"data/hja-env_data_clean.csv","Hyporheic","Potassium_mg/L","hyporheic_potassium_mg_l","hyporheic_ions","mg/L","log10",TRUE,""
"data/hja-env_data_clean.csv","Hyporheic","Magnesium_mg/L","hyporheic_magnesium_mg_l","hyporheic_ions","mg/L","log10",TRUE,""
"data/hja-env_data_clean.csv","Hyporheic","Calcium_mg/L","hyporheic_calcium_mg_l","hyporheic_ions","mg/L","log10",TRUE,""
"data/hja-env_data_clean.csv","Hyporheic","PO4_mg/L","hyporheic_po4_mg_l","hyporheic_nutrients","mg/L","log10",TRUE,""
"data/hja-env_data_clean.csv","Hyporheic","Surface_NO2_NO3_mg/L_as_NO3","hyporheic_no2_no3_mg_l_as_no3","hyporheic_nutrients","mg/L","log10",TRUE,""
"data/hja-env_data_clean.csv","Hyporheic","NH3_mg/L_as_NH3","hyporheic_nh3_mg_l_as_nh3","hyporheic_nutrients","mg/L","log10",TRUE,""
"data/hja-env_data_clean.csv","Sediment","sediment_Organic_Content_%","sediment_organic_content_percent","sediment","%","none",TRUE,""
"data/hja-env_data_clean.csv","Sediment","sediment_Organic_Content_%_R2","sediment_organic_content_duplicate_percent","sediment_qc","%","none",FALSE,""
"data/hja-env_data_clean.csv","Sediment","sediment_NAG_µmol/(g*hr)","sediment_nag_umol_g_hr","sediment_enzyme","umol/(g*hr)","log10",TRUE,""
"data/hja-env_data_clean.csv","Sediment","sediment_LAP_µmol/(g*hr)","sediment_lap_umol_g_hr","sediment_enzyme","umol/(g*hr)","log10",TRUE,""
"data/hja-env_data_clean.csv","Sediment","sediment_GLU_µmol/(g*hr)","sediment_glu_umol_g_hr","sediment_enzyme","umol/(g*hr)","log10",TRUE,""
"data/hja-env_data_clean.csv","Sediment","sediment_AP_µmol/(g*hr)","sediment_ap_umol_g_hr","sediment_enzyme","umol/(g*hr)","log10",TRUE,""
"data/hja-env_data_clean.csv","Sediment","sediment_NAG_(DUP)_µmol/(g*hr)","sediment_nag_duplicate_umol_g_hr","sediment_qc","umol/(g*hr)","none",FALSE,""
"data/hja-env_data_clean.csv","Sediment","sediment_LAP_(DUP)_µmol/(g*hr)","sediment_lap_duplicate_umol_g_hr","sediment_qc","umol/(g*hr)","none",FALSE,""
"data/hja-env_data_clean.csv","Sediment","sediment_GLU_(DUP)_µmol/(g*hr)","sediment_glu_duplicate_umol_g_hr","sediment_qc","umol/(g*hr)","none",FALSE,""
"data/hja-env_data_clean.csv","Sediment","sediment_AP_(DUP)_µmol/(g*hr)","sediment_ap_duplicate_umol_g_hr","sediment_qc","umol/(g*hr)","none",FALSE,""
"data/hja-env_data_clean.csv","Sediment","D10_um","sediment_d10_um","sediment_texture","um","log10",FALSE,"Reduced sensitivity subset."
"data/hja-env_data_clean.csv","Sediment","D50_um","sediment_d50_um","sediment_texture","um","log10",FALSE,"Reduced sensitivity subset."
"data/hja-env_data_clean.csv","Sediment","D90_um","sediment_d90_um","sediment_texture","um","log10",FALSE,"Reduced sensitivity subset."
"data/hja-env_data_clean.csv","Sediment","perc_gravel","sediment_gravel_percent","sediment_texture","%","none",FALSE,""
"data/hja-env_data_clean.csv","Sediment","perc_sand","sediment_sand_percent","sediment_texture","%","none",FALSE,""
"data/hja-env_data_clean.csv","Sediment","perc_mud","sediment_mud_percent","sediment_texture","%","none",FALSE,""
