"analysis_column","source_sample_type","source_column","predictor_block","primary_44_site","n_sites","n_observed","n_missing","proportion_missing"
"site_utm_x_m","Stream","Stream_Centerline_UTM_Zone_10N_X_m","landscape",TRUE,44,44,0,0
"site_utm_y_m","Stream","Stream_Centerline_UTM_Zone_10N_Y_m","landscape",TRUE,44,44,0,0
"site_segment_number","Stream","Segment_Number","landscape",TRUE,44,44,0,0
"site_drainage_area_ha","Stream","Drainage_area_ha","landscape",TRUE,44,44,0,0
"site_valley_slope_m_m","Stream","Valley_Slope_m/m","landscape",TRUE,44,44,0,0
"site_stream_slope_m_m","Stream","Stream_Slope_m/m","landscape",TRUE,44,44,0,0
"site_valley_width_m","Stream","Valley_Width_m","landscape",TRUE,44,44,0,0
"site_segment_valley_avg_slope_m_m","Stream","Segment_Valley_Avg_Slope_m/m","landscape",TRUE,44,44,0,0
"site_segment_stream_avg_slope_m_m","Stream","Segment_Stream_Avg_Slope_m/m","landscape",TRUE,44,44,0,0
"site_segment_valley_avg_width_m","Stream","Segment_Valley_Avg_Width_m","landscape",TRUE,44,44,0,0
"site_stream_order","Stream","Stream_Order","landscape",TRUE,44,44,0,0
"site_segment_sinuosity_m_m","Stream","Segment_Sinuosity_m/m","landscape",TRUE,44,44,0,0
"site_distance_to_outlet_m","Stream","Valley_Distance_to_outlet_m","landscape",TRUE,44,44,0,0
"sediment_hydraulic_conductivity_geomean_m_s","Sediment","geometric_Mean_Hydaulic_Conductivity_m/s","hydrology",TRUE,44,41,3,0.0681818181818182
"sediment_piezometer_depth_top_m","Sediment","Piezo_depth_below_streambed_(to_top)_m","hydrology",TRUE,44,42,2,0.0454545454545455
"sediment_piezometer_depth_bottom_m","Sediment","Piezo_depth_below_streambed_(to_bottom)_m","hydrology",TRUE,44,42,2,0.0454545454545455
"site_channel_width_m","Stream","Channel_width","hydrology",TRUE,44,44,0,0
"site_channel_depth_m","Stream","Channel_depth_m","hydrology",TRUE,44,44,0,0
"site_discharge_downstream_m3_s","Stream","Tracer_Downstream_discahrge_m3/s","hydrology",FALSE,44,32,12,0.272727272727273
"site_discharge_upstream_m3_s","Stream","Tracer_Upstream_discharge_m3/s","hydrology",FALSE,44,32,12,0.272727272727273
"site_peak_travel_time_hr","Stream","Peak_travel_time_hr","hydrology",FALSE,44,32,12,0.272727272727273
"site_velocity_m_s","Stream","Velocity_m/s","hydrology",FALSE,44,32,12,0.272727272727273
"surface_water_temperature_c","Stream","Water_Temp_arrival_deg_C","surface_water",TRUE,44,44,0,0
"surface_do_mg_l","Stream","DO_arrival_mg/L","surface_water",TRUE,44,44,0,0
"surface_do_percent_saturation","Stream","DO_arrival_perc_sat","surface_water",TRUE,44,44,0,0
"surface_npoc_mg_l","Stream","NPOC_mg/L","surface_dom",TRUE,44,44,0,0
"surface_suva254","Stream","SUVA254","surface_dom",TRUE,44,44,0,0
"surface_spectral_slope_ratio","Stream","Spectral_Slope_Ratio","surface_dom",TRUE,44,44,0,0
"surface_tdn_mg_l","Stream","TDN_mg/L","surface_nutrients",TRUE,44,44,0,0
"surface_integrated_absorbance_300_400_1_m","Stream","Integrated_Absorbance_300-400_nm_1/m","surface_dom",TRUE,44,44,0,0
"surface_absorbance_254_1_m","Stream","Decadic_Absorbance_at_254_nm_1/m","surface_dom",TRUE,44,44,0,0
"surface_absorbance_300_1_m","Stream","Decadic_Absorbance_at_300_nm_1/m","surface_dom",TRUE,44,44,0,0
"surface_absorbance_340_1_m","Stream","Naperian_Absorbance_at_340_nm_1/m","surface_dom",TRUE,44,44,0,0
"surface_absorbance_380_1_m","Stream","Naperian_Absorbance_at_380_nm_1/m","surface_dom",TRUE,44,44,0,0
"surface_spectral_slope_ratio_275_295_to_300_350","Stream","Spectral_Slope_Ratio_(Slope_of_Abs275-295/300-350)","surface_dom",TRUE,44,44,0,0
"surface_integrated_fluorescence_ru","Stream","Integrated_Fluorescence_Raman_units","surface_dom",TRUE,44,44,0,0
"surface_eem_peak_a_ru","Stream","Intensity_of_EEM_peak_A_(250-450)_Raman_units","surface_dom",TRUE,44,44,0,0
"surface_eem_peak_c_ru","Stream","Intensity_of_EEM_peak_C_(350-450)_Raman_units","surface_dom",TRUE,44,44,0,0
"surface_eem_peak_t_ru","Stream","Intensity_of_EEM_peak_T_(275-340)_Raman_units","surface_dom",TRUE,44,44,0,0
"surface_fluorescence_index","Stream","Fluorescence_Index_(Cory_et_al._2010)","surface_dom",TRUE,44,44,0,0
"surface_chloride_mg_l","Stream","Chloride_mg/L","surface_ions",TRUE,44,44,0,0
"surface_sulfate_mg_l","Stream","Sulfate_mg/L","surface_ions",TRUE,44,44,0,0
"surface_sodium_mg_l","Stream","Sodium_mg/L","surface_ions",TRUE,44,44,0,0
"surface_potassium_mg_l","Stream","Potassium_mg/L","surface_ions",TRUE,44,44,0,0
"surface_magnesium_mg_l","Stream","Magnesium_mg/L","surface_ions",TRUE,44,44,0,0
"surface_calcium_mg_l","Stream","Calcium_mg/L","surface_ions",TRUE,44,44,0,0
"surface_po4_mg_l","Stream","PO4_mg/L","surface_nutrients",TRUE,44,43,1,0.0227272727272727
"surface_no2_no3_mg_l_as_no3","Stream","Surface_NO2_NO3_mg/L_as_NO3","surface_nutrients",TRUE,44,43,1,0.0227272727272727
"surface_nh3_mg_l_as_nh3","Stream","NH3_mg/L_as_NH3","surface_nutrients",TRUE,44,43,1,0.0227272727272727
"hyporheic_water_temperature_c","Hyporheic","Water_Temp_arrival_deg_C","hyporheic_water",TRUE,44,42,2,0.0454545454545455
"hyporheic_do_mg_l","Hyporheic","DO_arrival_mg/L","hyporheic_water",TRUE,44,42,2,0.0454545454545455
"hyporheic_do_percent_saturation","Hyporheic","DO_arrival_perc_sat","hyporheic_water",TRUE,44,42,2,0.0454545454545455
"hyporheic_npoc_mg_l","Hyporheic","NPOC_mg/L","hyporheic_dom",TRUE,44,42,2,0.0454545454545455
"hyporheic_suva254","Hyporheic","SUVA254","hyporheic_dom",TRUE,44,42,2,0.0454545454545455
"hyporheic_spectral_slope_ratio","Hyporheic","Spectral_Slope_Ratio","hyporheic_dom",TRUE,44,42,2,0.0454545454545455
"hyporheic_tdn_mg_l","Hyporheic","TDN_mg/L","hyporheic_nutrients",TRUE,44,42,2,0.0454545454545455
"hyporheic_integrated_absorbance_300_400_1_m","Hyporheic","Integrated_Absorbance_300-400_nm_1/m","hyporheic_dom",TRUE,44,42,2,0.0454545454545455
"hyporheic_absorbance_254_1_m","Hyporheic","Decadic_Absorbance_at_254_nm_1/m","hyporheic_dom",TRUE,44,42,2,0.0454545454545455
"hyporheic_eem_peak_a_ru","Hyporheic","Intensity_of_EEM_peak_A_(250-450)_Raman_units","hyporheic_dom",TRUE,44,42,2,0.0454545454545455
"hyporheic_eem_peak_c_ru","Hyporheic","Intensity_of_EEM_peak_C_(350-450)_Raman_units","hyporheic_dom",TRUE,44,42,2,0.0454545454545455
"hyporheic_eem_peak_t_ru","Hyporheic","Intensity_of_EEM_peak_T_(275-340)_Raman_units","hyporheic_dom",TRUE,44,42,2,0.0454545454545455
"hyporheic_fluorescence_index","Hyporheic","Fluorescence_Index_(Cory_et_al._2010)","hyporheic_dom",TRUE,44,42,2,0.0454545454545455
"hyporheic_chloride_mg_l","Hyporheic","Chloride_mg/L","hyporheic_ions",TRUE,44,41,3,0.0681818181818182
"hyporheic_sulfate_mg_l","Hyporheic","Sulfate_mg/L","hyporheic_ions",TRUE,44,41,3,0.0681818181818182
"hyporheic_sodium_mg_l","Hyporheic","Sodium_mg/L","hyporheic_ions",TRUE,44,41,3,0.0681818181818182
"hyporheic_potassium_mg_l","Hyporheic","Potassium_mg/L","hyporheic_ions",TRUE,44,41,3,0.0681818181818182
"hyporheic_magnesium_mg_l","Hyporheic","Magnesium_mg/L","hyporheic_ions",TRUE,44,41,3,0.0681818181818182
"hyporheic_calcium_mg_l","Hyporheic","Calcium_mg/L","hyporheic_ions",TRUE,44,41,3,0.0681818181818182
"hyporheic_po4_mg_l","Hyporheic","PO4_mg/L","hyporheic_nutrients",TRUE,44,40,4,0.0909090909090909
"hyporheic_no2_no3_mg_l_as_no3","Hyporheic","Surface_NO2_NO3_mg/L_as_NO3","hyporheic_nutrients",TRUE,44,38,6,0.136363636363636
"hyporheic_nh3_mg_l_as_nh3","Hyporheic","NH3_mg/L_as_NH3","hyporheic_nutrients",TRUE,44,38,6,0.136363636363636
"sediment_organic_content_percent","Sediment","sediment_Organic_Content_%","sediment",TRUE,44,44,0,0
"sediment_organic_content_duplicate_percent","Sediment","sediment_Organic_Content_%_R2","sediment_qc",FALSE,44,8,36,0.818181818181818
"sediment_nag_umol_g_hr","Sediment","sediment_NAG_µmol/(g*hr)","sediment_enzyme",TRUE,44,44,0,0
"sediment_lap_umol_g_hr","Sediment","sediment_LAP_µmol/(g*hr)","sediment_enzyme",TRUE,44,44,0,0
"sediment_glu_umol_g_hr","Sediment","sediment_GLU_µmol/(g*hr)","sediment_enzyme",TRUE,44,44,0,0
"sediment_ap_umol_g_hr","Sediment","sediment_AP_µmol/(g*hr)","sediment_enzyme",TRUE,44,44,0,0
"sediment_nag_duplicate_umol_g_hr","Sediment","sediment_NAG_(DUP)_µmol/(g*hr)","sediment_qc",FALSE,44,8,36,0.818181818181818
"sediment_lap_duplicate_umol_g_hr","Sediment","sediment_LAP_(DUP)_µmol/(g*hr)","sediment_qc",FALSE,44,8,36,0.818181818181818
"sediment_glu_duplicate_umol_g_hr","Sediment","sediment_GLU_(DUP)_µmol/(g*hr)","sediment_qc",FALSE,44,8,36,0.818181818181818
"sediment_ap_duplicate_umol_g_hr","Sediment","sediment_AP_(DUP)_µmol/(g*hr)","sediment_qc",FALSE,44,8,36,0.818181818181818
"sediment_d10_um","Sediment","D10_um","sediment_texture",FALSE,44,17,27,0.613636363636364
"sediment_d50_um","Sediment","D50_um","sediment_texture",FALSE,44,17,27,0.613636363636364
"sediment_d90_um","Sediment","D90_um","sediment_texture",FALSE,44,17,27,0.613636363636364
"sediment_gravel_percent","Sediment","perc_gravel","sediment_texture",FALSE,44,17,27,0.613636363636364
"sediment_sand_percent","Sediment","perc_sand","sediment_texture",FALSE,44,17,27,0.613636363636364
"sediment_mud_percent","Sediment","perc_mud","sediment_texture",FALSE,44,17,27,0.613636363636364
