draw_id,seed,samples,assigned_asvs,seconds,diagnostic
0,NA,100,49260,0.16300000000000003,
1,20261006,30,26270,0.04500000000000015,
2,20261007,30,25726,0.04499999999999993,
3,20261008,30,25019,0.04400000000000004,
4,20261009,30,25345,0.040000000000000036,
5,20261010,30,24791,0.04299999999999993,
6,20261011,30,27988,0.04400000000000004,
7,20261012,30,28970,0.04400000000000004,
8,20261013,30,28653,0.04400000000000004,
9,20261014,30,26430,0.04299999999999993,
10,20261015,30,24919,0.040999999999999925,
11,20261016,30,25391,0.041999999999999815,
12,20261017,30,26040,0.041999999999999815,
13,20261018,30,27303,0.041999999999999815,
14,20261019,30,23185,0.039000000000000146,
15,20261020,30,25070,0.04300000000000015,
16,20261021,30,22567,0.04400000000000004,
17,20261022,30,24555,0.04400000000000004,
18,20261023,30,25592,0.040999999999999925,
19,20261024,30,26335,0.04400000000000004,
20,20261025,30,27799,0.04300000000000015,
21,20261026,30,24189,0.04499999999999993,
22,20261027,30,25129,0.040000000000000036,
23,20261028,30,25517,0.04400000000000004,
24,20261029,30,25517,0.04300000000000015,
25,20261030,30,25037,0.04300000000000015,
26,20261031,30,25565,0.040000000000000036,
27,20261032,30,25888,0.04300000000000015,
28,20261033,30,25148,0.041999999999999815,
29,20261034,30,25671,0.04300000000000015,
30,20261035,30,25975,0.04300000000000015,
31,20261036,30,24532,0.041999999999999815,
32,20261037,30,24896,0.041999999999999815,
33,20261038,30,27309,0.041999999999999815,
34,20261039,30,23931,0.040999999999999925,
35,20261040,30,24598,0.040000000000000036,
36,20261041,30,26038,0.04100000000000037,
37,20261042,30,22893,0.040000000000000036,
38,20261043,30,24649,0.041999999999999815,
39,20261044,30,27324,0.04300000000000015,
40,20261045,30,26007,0.08300000000000018,
41,20261046,30,25798,0.04400000000000004,
42,20261047,30,27924,0.040999999999999925,
43,20261048,30,26288,0.04200000000000026,
44,20261049,30,26660,0.04499999999999993,
45,20261050,30,27352,0.04600000000000026,
46,20261051,30,26862,0.040999999999999925,
47,20261052,30,24258,0.04400000000000004,
48,20261053,30,25493,0.042999999999999705,
49,20261054,30,25470,0.042999999999999705,
50,20261055,30,26320,0.04400000000000004,
51,20261056,30,25110,0.040000000000000036,
52,20261057,30,26375,0.04300000000000015,
53,20261058,30,27317,0.042999999999999705,
54,20261059,30,27578,0.04200000000000026,
55,20261060,30,26563,0.041999999999999815,
56,20261061,30,24428,0.041999999999999815,
57,20261062,30,24025,0.04100000000000037,
58,20261063,30,26365,0.040000000000000036,
59,20261064,30,26449,0.04099999999999948,
60,20261065,30,26157,0.041999999999999815,
61,20261066,30,25492,0.04300000000000015,
62,20261067,30,26305,0.04100000000000037,
63,20261068,30,27988,0.04600000000000026,
64,20261069,30,26933,0.04400000000000048,
65,20261070,30,26182,0.04400000000000048,
66,20261071,30,26792,0.040000000000000036,
67,20261072,30,24824,0.041999999999999815,
68,20261073,30,25565,0.041999999999999815,
69,20261074,30,27036,0.04499999999999993,
70,20261075,30,26682,0.04300000000000015,
71,20261076,30,25947,0.04800000000000004,
72,20261077,30,23665,0.04499999999999993,
73,20261078,30,25840,0.04600000000000026,
74,20261079,30,23759,0.04099999999999948,
75,20261080,30,26136,0.04499999999999993,
76,20261081,30,26721,0.0470000000000006,
77,20261082,30,26506,0.043999999999999595,
78,20261083,30,25113,0.04300000000000015,
79,20261084,30,24029,0.04300000000000015,
80,20261085,30,25380,0.0420000000000007,
81,20261086,30,22982,0.04100000000000037,
82,20261087,30,26027,0.0420000000000007,
83,20261088,30,26252,0.041999999999999815,
84,20261089,30,26811,0.04300000000000015,
85,20261090,30,25830,0.04600000000000026,
86,20261091,30,27279,0.04300000000000015,
87,20261092,30,28102,0.04899999999999949,
88,20261093,30,26284,0.04100000000000037,
89,20261094,30,25024,0.045999999999999375,
90,20261095,30,28964,0.04600000000000026,
91,20261096,30,24195,0.045999999999999375,
92,20261097,30,25582,0.04300000000000015,
93,20261098,30,23894,0.04800000000000004,
94,20261099,30,27453,0.04699999999999971,
95,20261100,30,24200,0.04500000000000082,
96,20261101,30,27678,0.04100000000000037,
97,20261102,30,26016,0.06500000000000039,
98,20261103,30,23472,0.043999999999999595,
99,20261104,30,28551,0.04300000000000015,
100,20261105,30,28976,0.04499999999999993,
101,20261106,30,24784,0.04100000000000037,
102,20261107,30,25041,0.0420000000000007,
103,20261108,30,25572,0.041999999999999815,
104,20261109,30,27743,0.04300000000000015,
105,20261110,30,26942,0.04099999999999948,
106,20261111,30,25117,0.0420000000000007,
107,20261112,30,29588,0.04299999999999926,
108,20261113,30,26857,0.0810000000000004,
109,20261114,30,26832,0.04099999999999948,
110,20261115,30,22795,0.041999999999999815,
111,20261116,30,29292,0.043999999999999595,
112,20261117,30,26611,0.043999999999999595,
113,20261118,30,25358,0.03900000000000059,
114,20261119,30,26401,0.0420000000000007,
115,20261120,30,25738,0.041999999999999815,
116,20261121,30,25257,0.04100000000000037,
117,20261122,30,26826,0.04499999999999993,
118,20261123,30,25264,0.04100000000000037,
119,20261124,30,26135,0.04299999999999926,
120,20261125,30,28747,0.04499999999999993,
121,20261126,30,24345,0.041999999999999815,
122,20261127,30,26874,0.04300000000000015,
123,20261128,30,27104,0.040000000000000036,
124,20261129,30,24890,0.04100000000000037,
125,20261130,30,25377,0.04099999999999948,
126,20261131,30,26695,0.041999999999999815,
127,20261132,30,25392,0.043999999999999595,
128,20261133,30,26017,0.04400000000000048,
129,20261134,30,24842,0.04600000000000026,
130,20261135,30,25769,0.043999999999999595,
131,20261136,30,25395,0.04100000000000037,
132,20261137,30,23623,0.043999999999999595,
133,20261138,30,26386,0.04100000000000037,
134,20261139,30,27657,0.04499999999999993,
135,20261140,30,25086,0.04499999999999993,
136,20261141,30,27140,0.043999999999999595,
137,20261142,30,24897,0.040000000000000036,
138,20261143,30,24786,0.04300000000000015,
139,20261144,30,28123,0.041999999999999815,
140,20261145,30,26515,0.04300000000000015,
141,20261146,30,24095,0.04600000000000026,
142,20261147,30,25476,0.043999999999999595,
143,20261148,30,24376,0.040000000000000036,
144,20261149,30,23628,0.041999999999999815,
145,20261150,30,26614,0.0420000000000007,
146,20261151,30,24282,0.0420000000000007,
147,20261152,30,26534,0.04399999999999871,
148,20261153,30,26573,0.040000000000000924,
149,20261154,30,24121,0.04100000000000037,
150,20261155,30,26294,0.04100000000000037,
151,20261156,30,25948,0.04100000000000037,
152,20261157,30,23872,0.041999999999999815,
153,20261158,30,24609,0.04100000000000037,
154,20261159,30,27178,0.041999999999999815,
155,20261160,30,24889,0.04300000000000104,
156,20261161,30,25424,0.04099999999999859,
157,20261162,30,27254,0.04100000000000037,
158,20261163,30,27098,0.04800000000000004,
159,20261164,30,23818,0.03999999999999915,
160,20261165,30,24669,0.04300000000000104,
161,20261166,30,27101,0.04399999999999871,
162,20261167,30,26150,0.04400000000000048,
163,20261168,30,23888,0.040000000000000924,
164,20261169,30,25898,0.04299999999999926,
165,20261170,30,26463,0.04499999999999993,
166,20261171,30,26989,0.04300000000000104,
167,20261172,30,25680,0.04099999999999859,
168,20261173,30,23895,0.04300000000000104,
169,20261174,30,25755,0.041999999999999815,
170,20261175,30,26040,0.041999999999999815,
171,20261176,30,26215,0.04300000000000104,
172,20261177,30,24746,0.04299999999999926,
173,20261178,30,26802,0.04300000000000104,
174,20261179,30,24266,0.03999999999999915,
175,20261180,30,25831,0.04099999999999859,
176,20261181,30,27166,0.041999999999999815,
177,20261182,30,24537,0.04100000000000037,
178,20261183,30,28524,0.04399999999999871,
179,20261184,30,26052,0.04099999999999859,
180,20261185,30,26630,0.04200000000000159,
181,20261186,30,25766,0.08499999999999908,
182,20261187,30,26760,0.04400000000000048,
183,20261188,30,27047,0.04300000000000104,
184,20261189,30,24026,0.03799999999999848,
185,20261190,30,26204,0.04300000000000104,
186,20261191,30,25297,0.04300000000000104,
187,20261192,30,25548,0.04499999999999993,
188,20261193,30,28109,0.04299999999999926,
189,20261194,30,23974,0.0389999999999997,
190,20261195,30,27276,0.04600000000000115,
191,20261196,30,24403,0.041999999999999815,
192,20261197,30,25656,0.041999999999999815,
193,20261198,30,27004,0.040000000000000924,
194,20261199,30,25444,0.04400000000000048,
195,20261200,30,25116,0.041999999999999815,
196,20261201,30,26148,0.04299999999999926,
197,20261202,30,24715,0.041999999999999815,
198,20261203,30,26303,0.041999999999999815,
199,20261204,30,27340,0.041999999999999815,
200,20261205,30,27040,0.041999999999999815,
201,20261206,30,28036,0.041999999999999815,
202,20261207,30,24180,0.04100000000000037,
203,20261208,30,24572,0.04100000000000037,
204,20261209,30,27159,0.041999999999999815,
205,20261210,30,23833,0.041999999999999815,
206,20261211,30,26132,0.041999999999999815,
207,20261212,30,24842,0.04200000000000159,
208,20261213,30,25398,0.04400000000000048,
209,20261214,30,25895,0.04299999999999926,
210,20261215,30,28434,0.03999999999999915,
211,20261216,30,22411,0.04300000000000104,
212,20261217,30,25844,0.04299999999999926,
213,20261218,30,26458,0.0470000000000006,
214,20261219,30,26353,0.04100000000000037,
215,20261220,30,25824,0.04299999999999926,
216,20261221,30,24035,0.04300000000000104,
217,20261222,30,26693,0.041999999999999815,
218,20261223,30,27461,0.03999999999999915,
219,20261224,30,26468,0.04299999999999926,
220,20261225,30,26161,0.04200000000000159,
221,20261226,30,28570,0.041999999999999815,
222,20261227,30,28597,0.04100000000000037,
223,20261228,30,24136,0.04100000000000037,
224,20261229,30,25617,0.04299999999999926,
225,20261230,30,26113,0.04300000000000104,
226,20261231,30,25801,0.041999999999999815,
227,20261232,30,26245,0.041999999999999815,
228,20261233,30,26195,0.04400000000000048,
229,20261234,30,25592,0.04400000000000048,
230,20261235,30,25846,0.04100000000000037,
231,20261236,30,26362,0.0470000000000006,
232,20261237,30,25061,0.04499999999999993,
233,20261238,30,27126,0.04400000000000048,
234,20261239,30,27327,0.04099999999999859,
235,20261240,30,23283,0.04300000000000104,
236,20261241,30,26683,0.04299999999999926,
237,20261242,30,27884,0.04400000000000048,
238,20261243,30,25594,0.04499999999999993,
239,20261244,30,24841,0.04400000000000048,
240,20261245,30,24994,0.04299999999999926,
241,20261246,30,26429,0.04300000000000104,
242,20261247,30,26234,0.041999999999999815,
243,20261248,30,25995,0.041999999999999815,
244,20261249,30,25914,0.03999999999999915,
245,20261250,30,27018,0.04300000000000104,
246,20261251,30,26535,0.04299999999999926,
247,20261252,30,28299,0.04399999999999871,
248,20261253,30,25366,0.041999999999999815,
249,20261254,30,27306,0.04200000000000159,
250,20261255,30,25885,0.08499999999999908,
251,20261256,30,27685,0.04499999999999993,
252,20261257,30,25291,0.041999999999999815,
253,20261258,30,25360,0.04400000000000048,
254,20261259,30,24668,0.04299999999999926,
255,20261260,30,26176,0.04300000000000104,
256,20261261,30,24078,0.04299999999999926,
257,20261262,30,27507,0.040000000000000924,
258,20261263,30,22985,0.041999999999999815,
259,20261264,30,23947,0.041999999999999815,
260,20261265,30,23588,0.04300000000000104,
261,20261266,30,24026,0.041999999999999815,
262,20261267,30,24478,0.04899999999999949,
263,20261268,30,25338,0.04299999999999926,
264,20261269,30,25905,0.04299999999999926,
265,20261270,30,26029,0.03900000000000148,
266,20261271,30,24573,0.04299999999999926,
267,20261272,30,25696,0.041999999999999815,
268,20261273,30,24923,0.04200000000000159,
269,20261274,30,26625,0.04399999999999871,
270,20261275,30,25119,0.041999999999999815,
271,20261276,30,24730,0.041999999999999815,
272,20261277,30,24512,0.04100000000000037,
273,20261278,30,26253,0.04800000000000004,
274,20261279,30,27283,0.04100000000000037,
275,20261280,30,27489,0.04299999999999926,
276,20261281,30,26851,0.04300000000000104,
277,20261282,30,27127,0.04299999999999926,
278,20261283,30,24987,0.04299999999999926,
279,20261284,30,25740,0.03999999999999915,
280,20261285,30,25766,0.04300000000000104,
281,20261286,30,27912,0.041999999999999815,
282,20261287,30,28656,0.04300000000000104,
283,20261288,30,24978,0.04299999999999926,
284,20261289,30,24425,0.04100000000000037,
285,20261290,30,26675,0.041999999999999815,
286,20261291,30,25730,0.0470000000000006,
287,20261292,30,23920,0.04299999999999926,
288,20261293,30,26246,0.040000000000000924,
289,20261294,30,24796,0.041999999999999815,
290,20261295,30,25090,0.04299999999999926,
291,20261296,30,27642,0.04400000000000048,
292,20261297,30,24001,0.041999999999999815,
293,20261298,30,25728,0.041999999999999815,
294,20261299,30,26370,0.04300000000000104,
295,20261300,30,26317,0.041999999999999815,
296,20261301,30,25641,0.041999999999999815,
297,20261302,30,25124,0.041999999999999815,
298,20261303,30,24185,0.03999999999999915,
299,20261304,30,24499,0.040000000000000924,
300,20261305,30,25453,0.0470000000000006,
301,20261306,30,27625,0.040000000000000924,
302,20261307,30,25616,0.04499999999999993,
303,20261308,30,27295,0.04399999999999871,
304,20261309,30,25124,0.04400000000000048,
305,20261310,30,25298,0.04300000000000104,
306,20261311,30,25434,0.0389999999999997,
307,20261312,30,27162,0.041999999999999815,
308,20261313,30,26519,0.04200000000000159,
309,20261314,30,26191,0.04100000000000037,
310,20261315,30,27821,0.04499999999999993,
311,20261316,30,25679,0.04300000000000104,
312,20261317,30,25143,0.041999999999999815,
313,20261318,30,27705,0.04099999999999859,
314,20261319,30,25357,0.04699999999999882,
315,20261320,30,25880,0.04699999999999882,
316,20261321,30,24635,0.049000000000001265,
317,20261322,30,25820,0.045999999999999375,
318,20261323,30,25081,0.04299999999999926,
319,20261324,30,25896,0.04300000000000104,
320,20261325,30,26333,0.04399999999999871,
321,20261326,30,28892,0.041999999999999815,
322,20261327,30,25977,0.04300000000000104,
323,20261328,30,26096,0.04100000000000037,
324,20261329,30,26688,0.08699999999999974,
325,20261330,30,28317,0.04499999999999993,
326,20261331,30,26059,0.04400000000000048,
327,20261332,30,26705,0.041999999999999815,
328,20261333,30,27609,0.04400000000000048,
329,20261334,30,28259,0.04399999999999871,
330,20261335,30,26295,0.04199999999999804,
331,20261336,30,25170,0.04100000000000037,
332,20261337,30,25815,0.04199999999999804,
333,20261338,30,26539,0.045999999999999375,
334,20261339,30,25167,0.04400000000000048,
335,20261340,30,24778,0.03999999999999915,
336,20261341,30,28337,0.04400000000000048,
337,20261342,30,25324,0.04299999999999926,
338,20261343,30,26007,0.04299999999999926,
339,20261344,30,25525,0.04400000000000048,
340,20261345,30,24931,0.038999999999997925,
341,20261346,30,26546,0.04299999999999926,
342,20261347,30,23009,0.04299999999999926,
343,20261348,30,28066,0.045000000000001705,
344,20261349,30,23808,0.0400000000000027,
345,20261350,30,26143,0.04100000000000037,
346,20261351,30,24882,0.04100000000000037,
347,20261352,30,27260,0.04299999999999926,
348,20261353,30,26175,0.04499999999999815,
349,20261354,30,26238,0.0400000000000027,
350,20261355,30,25099,0.043000000000002814,
351,20261356,30,23480,0.04299999999999926,
352,20261357,30,26869,0.04299999999999926,
353,20261358,30,27875,0.04400000000000048,
354,20261359,30,25132,0.03999999999999915,
355,20261360,30,24873,0.04299999999999926,
356,20261361,30,27858,0.043000000000002814,
357,20261362,30,23956,0.04499999999999815,
358,20261363,30,28239,0.04400000000000048,
359,20261364,30,22636,0.03999999999999915,
360,20261365,30,25289,0.043000000000002814,
361,20261366,30,23594,0.04199999999999804,
362,20261367,30,26676,0.04299999999999926,
363,20261368,30,26258,0.04299999999999926,
364,20261369,30,26471,0.0400000000000027,
365,20261370,30,25975,0.04299999999999926,
366,20261371,30,28050,0.04200000000000159,
367,20261372,30,26535,0.04100000000000037,
368,20261373,30,24928,0.04100000000000037,
369,20261374,30,24961,0.04200000000000159,
370,20261375,30,24844,0.04199999999999804,
371,20261376,30,24252,0.04200000000000159,
372,20261377,30,27283,0.04400000000000048,
373,20261378,30,27305,0.04099999999999682,
374,20261379,30,25109,0.045999999999999375,
375,20261380,30,23572,0.04299999999999926,
376,20261381,30,27121,0.04100000000000037,
377,20261382,30,26631,0.045000000000001705,
378,20261383,30,25837,0.04399999999999693,
379,20261384,30,27898,0.045000000000001705,
380,20261385,30,24676,0.04299999999999926,
381,20261386,30,28339,0.045999999999999375,
382,20261387,30,22721,0.03900000000000148,
383,20261388,30,27478,0.04299999999999926,
384,20261389,30,27644,0.043000000000002814,
385,20261390,30,25564,0.04400000000000048,
386,20261391,30,26912,0.03999999999999915,
387,20261392,30,28321,0.043000000000002814,
388,20261393,30,24554,0.04299999999999926,
389,20261394,30,23406,0.04199999999999804,
390,20261395,30,24191,0.04200000000000159,
391,20261396,30,23657,0.04100000000000037,
392,20261397,30,27000,0.04200000000000159,
393,20261398,30,26404,0.04100000000000037,
394,20261399,30,25760,0.04100000000000037,
395,20261400,30,23562,0.03999999999999915,
396,20261401,30,26332,0.04400000000000048,
397,20261402,30,26122,0.03999999999999915,
398,20261403,30,25597,0.04200000000000159,
399,20261404,30,26249,0.08500000000000085,
400,20261405,30,25118,0.04400000000000048,
401,20261406,30,27058,0.04299999999999926,
402,20261407,30,25734,0.03999999999999915,
403,20261408,30,25481,0.04299999999999926,
404,20261409,30,25497,0.04400000000000048,
405,20261410,30,25232,0.04400000000000048,
406,20261411,30,24297,0.03999999999999915,
407,20261412,30,25403,0.04299999999999926,
408,20261413,30,25597,0.04299999999999926,
409,20261414,30,25551,0.04199999999999804,
410,20261415,30,25799,0.04299999999999926,
411,20261416,30,26127,0.03999999999999915,
412,20261417,30,27341,0.04299999999999926,
413,20261418,30,27111,0.04299999999999926,
414,20261419,30,27807,0.04100000000000037,
415,20261420,30,26419,0.04200000000000159,
416,20261421,30,27722,0.0400000000000027,
417,20261422,30,24783,0.04100000000000037,
418,20261423,30,24694,0.04199999999999804,
419,20261424,30,26059,0.04200000000000159,
420,20261425,30,23747,0.04100000000000037,
421,20261426,30,22787,0.038999999999997925,
422,20261427,30,23530,0.04499999999999815,
423,20261428,30,26489,0.04400000000000048,
424,20261429,30,28224,0.04400000000000048,
425,20261430,30,25547,0.04299999999999926,
426,20261431,30,25611,0.04400000000000048,
427,20261432,30,25405,0.04499999999999815,
428,20261433,30,24467,0.04299999999999926,
429,20261434,30,25415,0.045000000000001705,
430,20261435,30,24853,0.03999999999999915,
431,20261436,30,24299,0.04299999999999926,
432,20261437,30,24831,0.045999999999999375,
433,20261438,30,23449,0.04400000000000048,
434,20261439,30,25496,0.04100000000000037,
435,20261440,30,25811,0.04299999999999926,
436,20261441,30,27023,0.04299999999999926,
437,20261442,30,25865,0.04100000000000037,
438,20261443,30,23645,0.04199999999999804,
439,20261444,30,25952,0.04299999999999926,
440,20261445,30,25726,0.04400000000000048,
441,20261446,30,25401,0.03999999999999915,
442,20261447,30,25148,0.04199999999999804,
443,20261448,30,26556,0.04200000000000159,
444,20261449,30,27283,0.04199999999999804,
445,20261450,30,25320,0.04299999999999926,
446,20261451,30,24282,0.04100000000000037,
447,20261452,30,28346,0.047999999999998266,
448,20261453,30,25302,0.03900000000000148,
449,20261454,30,24904,0.04200000000000159,
450,20261455,30,27839,0.04399999999999693,
451,20261456,30,27060,0.04400000000000048,
452,20261457,30,27384,0.038999999999997925,
453,20261458,30,26149,0.04400000000000048,
454,20261459,30,25909,0.04299999999999926,
455,20261460,30,26215,0.04299999999999926,
456,20261461,30,25501,0.043000000000002814,
457,20261462,30,25607,0.03999999999999915,
458,20261463,30,26772,0.04200000000000159,
459,20261464,30,25786,0.04100000000000037,
460,20261465,30,26047,0.04199999999999804,
461,20261466,30,26600,0.04100000000000037,
462,20261467,30,24498,0.04100000000000037,
463,20261468,30,26797,0.04199999999999804,
464,20261469,30,26698,0.03999999999999915,
465,20261470,30,26346,0.04200000000000159,
466,20261471,30,24210,0.04099999999999682,
467,20261472,30,26615,0.045000000000001705,
468,20261473,30,26435,0.04199999999999804,
469,20261474,30,26431,0.08500000000000085,
470,20261475,30,27136,0.04499999999999815,
471,20261476,30,26952,0.04400000000000048,
472,20261477,30,26034,0.04100000000000037,
473,20261478,30,26369,0.045999999999999375,
474,20261479,30,26090,0.04299999999999926,
475,20261480,30,26235,0.04200000000000159,
476,20261481,30,26860,0.045000000000001705,
477,20261482,30,27179,0.03999999999999915,
478,20261483,30,28318,0.04400000000000048,
479,20261484,30,26882,0.043000000000002814,
480,20261485,30,25900,0.045000000000001705,
481,20261486,30,26366,0.04199999999999804,
482,20261487,30,27408,0.03999999999999915,
483,20261488,30,26656,0.04299999999999926,
484,20261489,30,26368,0.04200000000000159,
485,20261490,30,26489,0.04199999999999804,
486,20261491,30,27615,0.04200000000000159,
487,20261492,30,26761,0.04200000000000159,
488,20261493,30,27957,0.04200000000000159,
489,20261494,30,25896,0.04299999999999926,
490,20261495,30,27327,0.04100000000000037,
491,20261496,30,23993,0.04100000000000037,
492,20261497,30,27281,0.047999999999998266,
493,20261498,30,26545,0.04100000000000037,
494,20261499,30,25476,0.04400000000000048,
495,20261500,30,24100,0.04200000000000159,
496,20261501,30,26738,0.04400000000000048,
497,20261502,30,25818,0.038999999999997925,
498,20261503,30,25966,0.04299999999999926,
499,20261504,30,26337,0.04400000000000048,
500,20261505,30,25938,0.04400000000000048,
501,20261506,30,24183,0.04800000000000182,
502,20261507,30,24191,0.045999999999999375,
503,20261508,30,26824,0.04499999999999815,
504,20261509,30,26457,0.04299999999999926,
505,20261510,30,25966,0.04299999999999926,
506,20261511,30,25485,0.04299999999999926,
507,20261512,30,28276,0.04299999999999926,
508,20261513,30,26558,0.04400000000000048,
509,20261514,30,23763,0.04299999999999926,
510,20261515,30,25075,0.043000000000002814,
511,20261516,30,27359,0.04200000000000159,
512,20261517,30,27938,0.04100000000000037,
513,20261518,30,26278,0.04299999999999926,
514,20261519,30,28754,0.04299999999999926,
515,20261520,30,25626,0.04400000000000048,
516,20261521,30,26333,0.0470000000000006,
517,20261522,30,26622,0.04400000000000048,
518,20261523,30,27756,0.04100000000000037,
519,20261524,30,26264,0.04299999999999926,
520,20261525,30,24937,0.04299999999999926,
521,20261526,30,24020,0.04299999999999926,
522,20261527,30,25853,0.04400000000000048,
523,20261528,30,26244,0.045000000000001705,
524,20261529,30,27100,0.0400000000000027,
525,20261530,30,26475,0.04499999999999815,
526,20261531,30,23479,0.04400000000000048,
527,20261532,30,27192,0.04800000000000182,
528,20261533,30,26912,0.062000000000001165,
529,20261534,30,25434,0.04199999999999804,
530,20261535,30,28117,0.04400000000000048,
531,20261536,30,26723,0.04200000000000159,
532,20261537,30,26585,0.04200000000000159,
533,20261538,30,25661,0.04100000000000037,
534,20261539,30,26161,0.04200000000000159,
535,20261540,30,25031,0.04499999999999815,
536,20261541,30,26033,0.04100000000000037,
537,20261542,30,25009,0.04100000000000037,
538,20261543,30,24832,0.04200000000000159,
539,20261544,30,26159,0.08699999999999974,
540,20261545,30,26739,0.04100000000000037,
541,20261546,30,25631,0.04600000000000293,
542,20261547,30,27853,0.04499999999999815,
543,20261548,30,24306,0.04299999999999926,
544,20261549,30,25745,0.04100000000000037,
545,20261550,30,25585,0.045000000000001705,
546,20261551,30,26737,0.04399999999999693,
547,20261552,30,25622,0.04800000000000182,
548,20261553,30,23684,0.04299999999999926,
549,20261554,30,27443,0.04100000000000037,
550,20261555,30,24066,0.04299999999999926,
551,20261556,30,27037,0.04400000000000048,
552,20261557,30,27148,0.04299999999999926,
553,20261558,30,28460,0.04299999999999926,
554,20261559,30,26511,0.03999999999999915,
555,20261560,30,24639,0.04299999999999926,
556,20261561,30,25744,0.04400000000000048,
557,20261562,30,27387,0.04499999999999815,
558,20261563,30,27013,0.04400000000000048,
559,20261564,30,26011,0.04199999999999804,
560,20261565,30,25468,0.04200000000000159,
561,20261566,30,25106,0.04299999999999926,
562,20261567,30,25229,0.04199999999999804,
563,20261568,30,25847,0.04100000000000037,
564,20261569,30,26174,0.04800000000000182,
565,20261570,30,25737,0.0400000000000027,
566,20261571,30,25596,0.04400000000000048,
567,20261572,30,27809,0.04399999999999693,
568,20261573,30,24647,0.04200000000000159,
569,20261574,30,26310,0.03900000000000148,
570,20261575,30,27772,0.04499999999999815,
571,20261576,30,24164,0.04400000000000048,
572,20261577,30,25406,0.04299999999999926,
573,20261578,30,25906,0.04400000000000048,
574,20261579,30,26150,0.03999999999999915,
575,20261580,30,27606,0.04400000000000048,
576,20261581,30,28307,0.04400000000000048,
577,20261582,30,25922,0.04299999999999926,
578,20261583,30,24503,0.04200000000000159,
579,20261584,30,25005,0.04200000000000159,
580,20261585,30,26834,0.04199999999999804,
581,20261586,30,25895,0.04299999999999926,
582,20261587,30,25537,0.04100000000000037,
583,20261588,30,25864,0.04099999999999682,
584,20261589,30,27165,0.03999999999999915,
585,20261590,30,22662,0.04299999999999926,
586,20261591,30,24214,0.04100000000000037,
587,20261592,30,27015,0.0470000000000006,
588,20261593,30,24678,0.04299999999999926,
589,20261594,30,25128,0.04200000000000159,
590,20261595,30,27003,0.0400000000000027,
591,20261596,30,25149,0.04299999999999926,
592,20261597,30,25885,0.04200000000000159,
593,20261598,30,25070,0.04400000000000048,
594,20261599,30,26067,0.0470000000000006,
595,20261600,30,24889,0.04400000000000048,
596,20261601,30,25178,0.038999999999997925,
597,20261602,30,26596,0.04400000000000048,
598,20261603,30,27985,0.04499999999999815,
599,20261604,30,26754,0.04400000000000048,
600,20261605,30,26274,0.043000000000002814,
601,20261606,30,24466,0.04299999999999926,
602,20261607,30,26703,0.04199999999999804,
603,20261608,30,26143,0.043000000000002814,
604,20261609,30,28581,0.04299999999999926,
605,20261610,30,24631,0.04100000000000037,
606,20261611,30,24463,0.04100000000000037,
607,20261612,30,24440,0.04199999999999804,
608,20261613,30,26852,0.04200000000000159,
609,20261614,30,27807,0.04499999999999815,
610,20261615,30,25993,0.08500000000000085,
611,20261616,30,25444,0.04299999999999926,
612,20261617,30,26726,0.04100000000000037,
613,20261618,30,25666,0.04400000000000048,
614,20261619,30,28313,0.04400000000000048,
615,20261620,30,26542,0.04400000000000048,
616,20261621,30,27443,0.04399999999999693,
617,20261622,30,25578,0.03900000000000148,
618,20261623,30,26159,0.04400000000000048,
619,20261624,30,26762,0.04299999999999926,
620,20261625,30,24920,0.043000000000002814,
621,20261626,30,26308,0.04099999999999682,
622,20261627,30,24869,0.043000000000002814,
623,20261628,30,26244,0.04299999999999926,
624,20261629,30,26729,0.04199999999999804,
625,20261630,30,26644,0.04200000000000159,
626,20261631,30,24261,0.04100000000000037,
627,20261632,30,25402,0.04100000000000037,
628,20261633,30,26611,0.04299999999999926,
629,20261634,30,25732,0.03999999999999915,
630,20261635,30,24766,0.04100000000000037,
631,20261636,30,24995,0.04100000000000037,
632,20261637,30,26252,0.04299999999999926,
633,20261638,30,28203,0.04299999999999926,
634,20261639,30,25830,0.0470000000000006,
635,20261640,30,24858,0.04400000000000048,
636,20261641,30,27591,0.04499999999999815,
637,20261642,30,26465,0.04100000000000037,
638,20261643,30,23088,0.04400000000000048,
639,20261644,30,25620,0.04299999999999926,
640,20261645,30,26400,0.04199999999999804,
641,20261646,30,29093,0.04600000000000293,
642,20261647,30,26152,0.04400000000000048,
643,20261648,30,24813,0.03999999999999915,
644,20261649,30,26768,0.04400000000000048,
645,20261650,30,25785,0.04299999999999926,
646,20261651,30,27492,0.04299999999999926,
647,20261652,30,23279,0.04200000000000159,
648,20261653,30,26687,0.04299999999999926,
649,20261654,30,24753,0.04200000000000159,
650,20261655,30,26732,0.04299999999999926,
651,20261656,30,26482,0.04200000000000159,
652,20261657,30,26343,0.04400000000000048,
653,20261658,30,24214,0.04099999999999682,
654,20261659,30,26257,0.045000000000001705,
655,20261660,30,26290,0.04400000000000048,
656,20261661,30,25454,0.04499999999999815,
657,20261662,30,26185,0.03999999999999915,
658,20261663,30,25076,0.04400000000000048,
659,20261664,30,25053,0.04200000000000159,
660,20261665,30,25450,0.04299999999999926,
661,20261666,30,24779,0.04299999999999926,
662,20261667,30,26498,0.04400000000000048,
663,20261668,30,25881,0.04200000000000159,
664,20261669,30,26923,0.045999999999999375,
665,20261670,30,22214,0.03900000000000148,
666,20261671,30,25710,0.04399999999999693,
667,20261672,30,27312,0.043000000000002814,
668,20261673,30,26542,0.043000000000002814,
669,20261674,30,25296,0.03999999999999915,
670,20261675,30,26376,0.04400000000000048,
671,20261676,30,26842,0.04299999999999926,
672,20261677,30,24465,0.04199999999999804,
673,20261678,30,24008,0.04200000000000159,
674,20261679,30,26729,0.04299999999999926,
675,20261680,30,24546,0.04199999999999804,
676,20261681,30,25957,0.04200000000000159,
677,20261682,30,26326,0.04100000000000037,
678,20261683,30,27597,0.043000000000002814,
679,20261684,30,27495,0.08699999999999974,
680,20261685,30,25797,0.043000000000002814,
681,20261686,30,27274,0.03900000000000148,
682,20261687,30,24037,0.04200000000000159,
683,20261688,30,23829,0.04299999999999926,
684,20261689,30,26416,0.045999999999999375,
685,20261690,30,25282,0.0400000000000027,
686,20261691,30,29122,0.04499999999999815,
687,20261692,30,26421,0.04100000000000037,
688,20261693,30,29058,0.04199999999999804,
689,20261694,30,24471,0.045999999999999375,
690,20261695,30,25248,0.04400000000000048,
691,20261696,30,27081,0.04100000000000037,
692,20261697,30,27298,0.04499999999999815,
693,20261698,30,24939,0.04100000000000037,
694,20261699,30,25762,0.04299999999999571,
695,20261700,30,25555,0.04200000000000159,
696,20261701,30,27372,0.041999999999994486,
697,20261702,30,26688,0.04299999999999926,
698,20261703,30,26718,0.04299999999999926,
699,20261704,30,25729,0.04100000000000392,
700,20261705,30,28110,0.04299999999999926,
701,20261706,30,27051,0.04200000000000159,
702,20261707,30,26524,0.04200000000000159,
703,20261708,30,28199,0.04099999999999682,
704,20261709,30,26044,0.044000000000004036,
705,20261710,30,26503,0.045999999999999375,
706,20261711,30,24756,0.04200000000000159,
707,20261712,30,25652,0.03999999999999915,
708,20261713,30,25760,0.044000000000004036,
709,20261714,30,23805,0.04399999999999693,
710,20261715,30,26664,0.044000000000004036,
711,20261716,30,26080,0.04299999999999926,
712,20261717,30,23309,0.045000000000001705,
713,20261718,30,26790,0.04099999999999682,
714,20261719,30,26195,0.04399999999999693,
715,20261720,30,26243,0.044000000000004036,
716,20261721,30,27219,0.04299999999999926,
717,20261722,30,25268,0.04200000000000159,
718,20261723,30,25254,0.04000000000000625,
719,20261724,30,26595,0.04299999999999926,
720,20261725,30,23817,0.041999999999994486,
721,20261726,30,27429,0.045000000000001705,
722,20261727,30,27216,0.045000000000001705,
723,20261728,30,27791,0.04299999999999926,
724,20261729,30,27213,0.04899999999999949,
725,20261730,30,26382,0.04100000000000392,
726,20261731,30,26814,0.045999999999999375,
727,20261732,30,27001,0.045000000000001705,
728,20261733,30,25002,0.04200000000000159,
729,20261734,30,26766,0.044000000000004036,
730,20261735,30,26603,0.04099999999999682,
731,20261736,30,25636,0.044000000000004036,
732,20261737,30,25876,0.04299999999999926,
733,20261738,30,24881,0.04200000000000159,
734,20261739,30,24741,0.04100000000000392,
735,20261740,30,27702,0.044000000000004036,
736,20261741,30,25347,0.046999999999997044,
737,20261742,30,25470,0.045000000000001705,
738,20261743,30,25021,0.044000000000004036,
739,20261744,30,27505,0.04099999999999682,
740,20261745,30,26244,0.04299999999999926,
741,20261746,30,27388,0.04299999999999926,
742,20261747,30,25299,0.04299999999999926,
743,20261748,30,26205,0.041999999999994486,
744,20261749,30,26398,0.04299999999999926,
745,20261750,30,25609,0.04200000000000159,
746,20261751,30,24717,0.04099999999999682,
747,20261752,30,26217,0.04200000000000159,
748,20261753,30,26596,0.04100000000000392,
749,20261754,30,27178,0.04099999999999682,
750,20261755,30,27534,0.044000000000004036,
751,20261756,30,25269,0.04099999999999682,
752,20261757,30,23681,0.08599999999999852,
753,20261758,30,25922,0.045000000000001705,
754,20261759,30,26732,0.04299999999999926,
755,20261760,30,25339,0.03900000000000148,
756,20261761,30,26423,0.045000000000001705,
757,20261762,30,26546,0.04299999999999926,
758,20261763,30,26108,0.04299999999999926,
759,20261764,30,27306,0.045999999999999375,
760,20261765,30,27126,0.04099999999999682,
761,20261766,30,26409,0.04299999999999926,
762,20261767,30,29706,0.04399999999999693,
763,20261768,30,27219,0.043000000000006366,
764,20261769,30,28600,0.04399999999999693,
765,20261770,30,27500,0.044000000000004036,
766,20261771,30,27597,0.04399999999999693,
767,20261772,30,26681,0.04000000000000625,
768,20261773,30,26185,0.041999999999994486,
769,20261774,30,25934,0.041999999999994486,
770,20261775,30,24565,0.04100000000000392,
771,20261776,30,25395,0.04100000000000392,
772,20261777,30,25219,0.04099999999999682,
773,20261778,30,29118,0.045000000000001705,
774,20261779,30,25625,0.03999999999999915,
775,20261780,30,28191,0.041999999999994486,
776,20261781,30,27701,0.044000000000004036,
777,20261782,30,25173,0.045000000000001705,
778,20261783,30,24101,0.04299999999999926,
779,20261784,30,24970,0.03900000000000148,
780,20261785,30,25151,0.041999999999994486,
781,20261786,30,23856,0.041999999999994486,
782,20261787,30,24503,0.044000000000004036,
783,20261788,30,24996,0.04099999999999682,
784,20261789,30,26441,0.044000000000004036,
785,20261790,30,24643,0.04299999999999926,
786,20261791,30,25814,0.04200000000000159,
787,20261792,30,27638,0.045000000000001705,
788,20261793,30,29804,0.04399999999999693,
789,20261794,30,25076,0.03900000000000148,
790,20261795,30,25925,0.04200000000000159,
791,20261796,30,26353,0.04200000000000159,
792,20261797,30,25129,0.04100000000000392,
793,20261798,30,24319,0.04099999999999682,
794,20261799,30,26528,0.04299999999999926,
795,20261800,30,26727,0.04100000000000392,
796,20261801,30,27528,0.04100000000000392,
797,20261802,30,25101,0.04099999999999682,
798,20261803,30,25838,0.04800000000000182,
799,20261804,30,25221,0.04100000000000392,
800,20261805,30,24290,0.04299999999999926,
801,20261806,30,24768,0.04399999999999693,
802,20261807,30,28529,0.044000000000004036,
803,20261808,30,26875,0.041999999999994486,
804,20261809,30,23645,0.0379999999999967,
805,20261810,30,24961,0.04299999999999926,
806,20261811,30,26042,0.046999999999997044,
807,20261812,30,25494,0.04399999999999693,
808,20261813,30,26773,0.045000000000001705,
809,20261814,30,25081,0.03999999999999915,
810,20261815,30,25457,0.04299999999999926,
811,20261816,30,27583,0.043000000000006366,
812,20261817,30,25601,0.04299999999999926,
813,20261818,30,28731,0.04299999999999926,
814,20261819,30,26601,0.04299999999999926,
815,20261820,30,26404,0.04299999999999926,
816,20261821,30,25435,0.04100000000000392,
817,20261822,30,25723,0.04200000000000159,
818,20261823,30,26909,0.04299999999999926,
819,20261824,30,27665,0.045000000000001705,
820,20261825,30,24575,0.04099999999999682,
821,20261826,30,27848,0.08799999999999386,
822,20261827,30,23785,0.045000000000001705,
823,20261828,30,26542,0.045000000000001705,
824,20261829,30,26273,0.03999999999999915,
825,20261830,30,26203,0.04299999999999926,
826,20261831,30,27511,0.043000000000006366,
827,20261832,30,25009,0.04200000000000159,
828,20261833,30,25126,0.04200000000000159,
829,20261834,30,26610,0.045999999999999375,
830,20261835,30,26573,0.04100000000000392,
831,20261836,30,27250,0.045000000000001705,
832,20261837,30,24995,0.04299999999999926,
833,20261838,30,25015,0.04200000000000159,
834,20261839,30,28050,0.044000000000004036,
835,20261840,30,26547,0.03999999999999915,
836,20261841,30,25883,0.04200000000000159,
837,20261842,30,24164,0.04399999999999693,
838,20261843,30,25781,0.04299999999999926,
839,20261844,30,22747,0.04100000000000392,
840,20261845,30,25700,0.04200000000000159,
841,20261846,30,24795,0.04099999999999682,
842,20261847,30,28578,0.044000000000004036,
843,20261848,30,26780,0.04100000000000392,
844,20261849,30,27436,0.041999999999994486,
845,20261850,30,24344,0.046999999999997044,
846,20261851,30,23589,0.04100000000000392,
847,20261852,30,24433,0.0449999999999946,
848,20261853,30,24889,0.041999999999994486,
849,20261854,30,25013,0.04099999999999682,
850,20261855,30,25217,0.03999999999999915,
851,20261856,30,26094,0.04399999999999693,
852,20261857,30,26468,0.04299999999999926,
853,20261858,30,26395,0.044000000000004036,
854,20261859,30,27946,0.04299999999999926,
855,20261860,30,23692,0.04299999999999926,
856,20261861,30,25586,0.03900000000000148,
857,20261862,30,26269,0.04200000000000159,
858,20261863,30,26453,0.044000000000004036,
859,20261864,30,27527,0.04200000000000159,
860,20261865,30,26513,0.04200000000000159,
861,20261866,30,25051,0.04200000000000159,
862,20261867,30,22592,0.04099999999999682,
863,20261868,30,24348,0.04200000000000159,
864,20261869,30,24438,0.04200000000000159,
865,20261870,30,23456,0.04099999999999682,
866,20261871,30,26465,0.04200000000000159,
867,20261872,30,24363,0.045000000000001705,
868,20261873,30,23285,0.04200000000000159,
869,20261874,30,28419,0.047999999999994714,
870,20261875,30,25949,0.03999999999999915,
871,20261876,30,25360,0.043000000000006366,
872,20261877,30,24416,0.04399999999999693,
873,20261878,30,28109,0.045000000000001705,
874,20261879,30,24530,0.043000000000006366,
875,20261880,30,27054,0.03999999999999915,
876,20261881,30,23792,0.03999999999999915,
877,20261882,30,26440,0.04399999999999693,
878,20261883,30,25227,0.043000000000006366,
879,20261884,30,26983,0.04299999999999926,
880,20261885,30,25207,0.04200000000000159,
881,20261886,30,23128,0.03800000000000381,
882,20261887,30,26615,0.04200000000000159,
883,20261888,30,24611,0.04200000000000159,
884,20261889,30,26899,0.04200000000000159,
885,20261890,30,24909,0.04099999999999682,
886,20261891,30,25988,0.04399999999999693,
887,20261892,30,27229,0.04200000000000159,
888,20261893,30,26631,0.03899999999999437,
889,20261894,30,24642,0.03999999999999915,
890,20261895,30,24689,0.04399999999999693,
891,20261896,30,25975,0.0870000000000033,
892,20261897,30,26702,0.04399999999999693,
893,20261898,30,25149,0.03899999999999437,
894,20261899,30,26047,0.04399999999999693,
895,20261900,30,25449,0.04299999999999926,
896,20261901,30,24541,0.041999999999994486,
897,20261902,30,26138,0.04399999999999693,
898,20261903,30,26318,0.03999999999999915,
899,20261904,30,26759,0.04399999999999693,
900,20261905,30,26786,0.04299999999999926,
901,20261906,30,26462,0.04299999999999926,
902,20261907,30,25638,0.04399999999999693,
903,20261908,30,26723,0.04299999999999926,
904,20261909,30,27226,0.03999999999999915,
905,20261910,30,24720,0.04200000000000159,
906,20261911,30,27845,0.045999999999999375,
907,20261912,30,26505,0.04299999999999926,
908,20261913,30,26759,0.04200000000000159,
909,20261914,30,27096,0.046999999999997044,
910,20261915,30,26325,0.04299999999999926,
911,20261916,30,25386,0.04299999999999926,
912,20261917,30,27385,0.04100000000000392,
913,20261918,30,26851,0.0449999999999946,
914,20261919,30,27175,0.044000000000004036,
915,20261920,30,25519,0.04200000000000159,
916,20261921,30,25996,0.04200000000000159,
917,20261922,30,25161,0.04099999999999682,
918,20261923,30,26782,0.04200000000000159,
919,20261924,30,23981,0.041999999999994486,
920,20261925,30,26903,0.04200000000000159,
921,20261926,30,25798,0.04800000000000182,
922,20261927,30,25193,0.03999999999999915,
923,20261928,30,27792,0.045999999999999375,
924,20261929,30,25328,0.044000000000004036,
925,20261930,30,23979,0.04299999999999926,
926,20261931,30,26994,0.04399999999999693,
927,20261932,30,24344,0.03900000000000148,
928,20261933,30,27455,0.04200000000000159,
929,20261934,30,25570,0.04299999999999926,
930,20261935,30,27982,0.04399999999999693,
931,20261936,30,26472,0.04200000000000159,
932,20261937,30,27329,0.04200000000000159,
933,20261938,30,25912,0.04099999999999682,
934,20261939,30,26454,0.04600000000000648,
935,20261940,30,26986,0.04099999999999682,
936,20261941,30,26185,0.04299999999999926,
937,20261942,30,27631,0.04800000000000182,
938,20261943,30,26793,0.04100000000000392,
939,20261944,30,27637,0.04399999999999693,
940,20261945,30,27263,0.04299999999999926,
941,20261946,30,25509,0.044000000000004036,
942,20261947,30,23932,0.04299999999999926,
943,20261948,30,27708,0.04200000000000159,
944,20261949,30,27004,0.045999999999999375,
945,20261950,30,25583,0.03900000000000148,
946,20261951,30,29122,0.04399999999999693,
947,20261952,30,26853,0.044000000000004036,
948,20261953,30,26296,0.04200000000000159,
949,20261954,30,27000,0.04299999999999926,
950,20261955,30,25799,0.04299999999999926,
951,20261956,30,26126,0.04299999999999926,
952,20261957,30,26987,0.04299999999999926,
953,20261958,30,26646,0.04299999999999926,
954,20261959,30,26542,0.04200000000000159,
955,20261960,30,24241,0.04200000000000159,
956,20261961,30,27730,0.041999999999994486,
957,20261962,30,24751,0.03999999999999915,
958,20261963,30,27320,0.04100000000000392,
959,20261964,30,26702,0.04399999999999693,
960,20261965,30,27145,0.08800000000000097,
961,20261966,30,25579,0.044000000000004036,
962,20261967,30,26197,0.03999999999999915,
963,20261968,30,25019,0.04299999999999926,
964,20261969,30,24287,0.04299999999999926,
965,20261970,30,25716,0.04299999999999926,
966,20261971,30,28240,0.045999999999999375,
967,20261972,30,24299,0.03900000000000148,
968,20261973,30,27400,0.045000000000001705,
969,20261974,30,26175,0.045000000000001705,
970,20261975,30,27272,0.04399999999999693,
971,20261976,30,24442,0.041999999999994486,
972,20261977,30,22715,0.043000000000006366,
973,20261978,30,24111,0.03900000000000148,
974,20261979,30,26811,0.04299999999999926,
975,20261980,30,25868,0.04200000000000159,
976,20261981,30,26417,0.04099999999999682,
977,20261982,30,25840,0.04099999999999682,
978,20261983,30,25052,0.04200000000000159,
979,20261984,30,27074,0.04200000000000159,
980,20261985,30,26436,0.04299999999999926,
981,20261986,30,24400,0.045999999999999375,
982,20261987,30,26335,0.04200000000000159,
983,20261988,30,27861,0.04399999999999693,
984,20261989,30,26317,0.04200000000000159,
985,20261990,30,27596,0.04299999999999926,
986,20261991,30,24952,0.041999999999994486,
987,20261992,30,25814,0.04399999999999693,
988,20261993,30,26902,0.04200000000000159,
989,20261994,30,26356,0.04399999999999693,
990,20261995,30,26544,0.04299999999999926,
991,20261996,30,26318,0.04700000000000415,
992,20261997,30,25794,0.03999999999999915,
993,20261998,30,27431,0.045000000000001705,
994,20261999,30,25670,0.04299999999999926,
995,20262000,30,26003,0.044000000000004036,
996,20262001,30,25265,0.04399999999999693,
997,20262002,30,26520,0.04399999999999693,
998,20262003,30,24424,0.03999999999999915,
999,20262004,30,25043,0.04299999999999926,
1000,20262005,30,24357,0.04200000000000159,
