"sample_id","sample_year","run_id","plate","lane_sample","site_code","sample_type","metadata_source","metadata_row","mapping_status","normalization_note","fticr_source_column","planktonic_sample_id","hyporheic_sample_id"
"hja2016_141",2016,"HJA2016_Plate1","Plate1","S30","CC-4","stream sediment","data/hja-env_data_clean.csv",170,"MATCHED",,16,,
"hja2016_140",2016,"HJA2016_Plate1","Plate1","S29","CC-3","stream sediment","data/hja-env_data_clean.csv",169,"MATCHED",,17,,
"hja2016_139",2016,"HJA2016_Plate1","Plate1","S28","CC-2","stream sediment","data/hja-env_data_clean.csv",168,"MATCHED",,18,,
"hja2016_180",2016,"HJA2016_Plate2","Plate2","S50","WS1-6","stream sediment","data/hja-env_data_clean.csv",179,"MATCHED",,20,"hja2016_011","hja2016_014"
"hja2016_142",2016,"HJA2016_Plate1","Plate1","S31","KC-1","stream sediment","data/hja-env_data_clean.csv",171,"MATCHED",,22,,"hja2016_056"
"hja2016_144",2016,"HJA2016_Plate1","Plate1","S32","KC-3","stream sediment","data/hja-env_data_clean.csv",173,"MATCHED",,23,,
"hja2016_176",2016,"HJA2016_Plate2","Plate2","S47","WS1-2","stream sediment","data/hja-env_data_clean.csv",175,"MATCHED",,24,,"hja2016_020"
"hja2016_177",2016,"HJA2016_Plate2","Plate2","S48","WS1-3","stream sediment","data/hja-env_data_clean.csv",176,"MATCHED",,25,,
"hja2016_174",2016,"HJA2016_Plate2","Plate2","S46","WS1-8","stream sediment","data/hja-env_data_clean.csv",181,"MATCHED_NORMALIZED_SITE_CODE","Normalized WS1_S8 to master-data site code WS1-8.",27,,
"hja2016_179",2016,"HJA2016_Plate2","Plate2","S49","WS1-5","stream sediment","data/hja-env_data_clean.csv",178,"MATCHED",,28,"hja2016_114","hja2016_018"
"hja2016_167",2016,"HJA2016_Plate2","Plate2","S41","WS3-1","stream sediment","data/hja-env_data_clean.csv",182,"MATCHED",,30,"hja2016_002","hja2016_008"
"hja2016_169",2016,"HJA2016_Plate2","Plate2","S43","WS3-2","stream sediment","data/hja-env_data_clean.csv",183,"MATCHED",,31,,
"hja2016_170",2016,"HJA2016_Plate2","Plate2","S44","WS3-3","stream sediment","data/hja-env_data_clean.csv",184,"MATCHED",,32,,"hja2016_062"
"hja2016_168",2016,"HJA2016_Plate2","Plate2","S42","WS3-4","stream sediment","data/hja-env_data_clean.csv",185,"MATCHED",,33,"hja2016_064",
"hja2016_171",2016,"HJA2016_Plate2","Plate2","S45","WS3-5","stream sediment","data/hja-env_data_clean.csv",186,"MATCHED",,34,,
"hja2016_122",2016,"HJA2016_Plate2","Plate2","S16","45","stream sediment","data/hja-env_data_clean.csv",127,"MATCHED",,36,,
"hja2016_158",2016,"HJA2016_Plate1","Plate1","S43","47","stream sediment","data/hja-env_data_clean.csv",128,"MATCHED",,37,,"hja2016_015"
"hja2016_159",2016,"HJA2016_Plate1","Plate1","S44","49","stream sediment","data/hja-env_data_clean.csv",129,"MATCHED",,38,,"hja2016_066"
"hja2016_160",2016,"HJA2016_Plate1","Plate1","S45","50","stream sediment","data/hja-env_data_clean.csv",130,"MATCHED",,39,"hja2016_001","hja2016_005"
"hja2016_150",2016,"HJA2016_Plate1","Plate1","S38","53","stream sediment","data/hja-env_data_clean.csv",131,"MATCHED",,40,"hja2016_116",
"hja2016_123",2016,"HJA2016_Plate2","Plate2","S17","54","stream sediment","data/hja-env_data_clean.csv",132,"MATCHED",,41,,"hja2016_032"
"hja2016_125",2016,"HJA2016_Plate2","Plate2","S18","56","stream sediment","data/hja-env_data_clean.csv",134,"MATCHED",,43,"hja2016_119","hja2016_070"
"hja2016_166",2016,"HJA2016_Plate2","Plate2","S40","57","stream sediment","data/hja-env_data_clean.csv",135,"MATCHED",,44,,"hja2016_107"
"hja2016_126",2016,"HJA2016_Plate2","Plate2","S19","58","stream sediment","data/hja-env_data_clean.csv",136,"MATCHED",,45,"hja2016_101",
"hja2016_127",2016,"HJA2016_Plate1","Plate1","S20","60","stream sediment","data/hja-env_data_clean.csv",137,"MATCHED",,46,,"hja2016_009"
"hja2016_151",2016,"HJA2016_Plate1","Plate1","S39","64","stream sediment","data/hja-env_data_clean.csv",138,"MATCHED",,47,"hja2016_100","hja2016_079"
"hja2016_161",2016,"HJA2016_Plate2","Plate2","S37","65","stream sediment","data/hja-env_data_clean.csv",139,"MATCHED",,48,,
"hja2016_152",2016,"HJA2016_Plate1","Plate1","S40","66","stream sediment","data/hja-env_data_clean.csv",140,"MATCHED",,49,,
"hja2016_128",2016,"HJA2016_Plate1","Plate1","S21","68","stream sediment","data/hja-env_data_clean.csv",142,"MATCHED",,50,,"hja2016_065"
"hja2016_129",2016,"HJA2016_Plate1","Plate1","S22","72","stream sediment","data/hja-env_data_clean.csv",144,"MATCHED",,52,,
"hja2016_131",2016,"HJA2016_Plate1","Plate1","S23","74","stream sediment","data/hja-env_data_clean.csv",146,"MATCHED",,54,,"hja2016_016"
"hja2016_155",2016,"HJA2016_Plate1","Plate1","S41","82","stream sediment","data/hja-env_data_clean.csv",148,"MATCHED",,56,,
"hja2016_132",2016,"HJA2016_Plate1","Plate1","S24","84","stream sediment","data/hja-env_data_clean.csv",150,"MATCHED",,58,,"hja2016_121"
"hja2016_145",2016,"HJA2016_Plate1","Plate1","S33","155","stream sediment","data/hja-env_data_clean.csv",151,"MATCHED",,59,,"hja2016_019"
"hja2016_146",2016,"HJA2016_Plate1","Plate1","S34","156","stream sediment","data/hja-env_data_clean.csv",152,"MATCHED",,60,"hja2016_044","hja2016_021"
"hja2016_133",2016,"HJA2016_Plate1","Plate1","S25","161","stream sediment","data/hja-env_data_clean.csv",154,"MATCHED",,62,,"hja2016_031"
"hja2016_147",2016,"HJA2016_Plate1","Plate1","S35","163","stream sediment","data/hja-env_data_clean.csv",156,"MATCHED",,64,,"hja2016_052"
"hja2016_148",2016,"HJA2016_Plate1","Plate1","S36","165","stream sediment","data/hja-env_data_clean.csv",158,"MATCHED",,66,"hja2016_042","hja2016_050"
"hja2016_135",2016,"HJA2016_Plate1","Plate1","S26","169","stream sediment","data/hja-env_data_clean.csv",159,"MATCHED",,67,"hja2016_109",
"hja2016_149",2016,"HJA2016_Plate1","Plate1","S37","170","stream sediment","data/hja-env_data_clean.csv",160,"MATCHED",,68,"hja2016_106",
"hja2016_181",2016,"HJA2016_Plate2","Plate2","S51","177","stream sediment","data/hja-env_data_clean.csv",161,"MATCHED",,69,,"hja2016_084"
"hja2016_136",2016,"HJA2016_Plate1","Plate1","S27","190","stream sediment","data/hja-env_data_clean.csv",163,"MATCHED",,71,"hja2016_030","hja2016_040"
"hja2016_164",2016,"HJA2016_Plate2","Plate2","S38","260","stream sediment","data/hja-env_data_clean.csv",165,"MATCHED",,73,"hja2016_103","hja2016_075"
"hja2016_165",2016,"HJA2016_Plate2","Plate2","S39","360","stream sediment","data/hja-env_data_clean.csv",166,"MATCHED",,74,,"hja2016_080"
